09:13:13.728 [ INFO] maestro.cli.runner.MaestroCommandRunner.runCommands$lambda$0: Define variables RUNNING
09:13:13.739 [ INFO] maestro.cli.runner.MaestroCommandRunner.runCommands$lambda$11: Define variables metadata CommandMetadata(numberOfRuns=null, evaluatedCommand=MaestroCommand(defineVariablesCommand=DefineVariablesCommand(env={MAESTRO_CLI_NO_ANALYTICS=1, MAESTRO_FILENAME=lesson, MAESTRO_DEVICE_UDID=emulator-5554, MAESTRO_SHARD_ID=1, MAESTRO_SHARD_INDEX=0}, label=null, optional=false)), logMessages=[], insight=Insight(message=, level=NONE), aiReasoning=null, labeledCommand=null)
09:13:13.741 [ INFO] maestro.cli.runner.MaestroCommandRunner.runCommands$lambda$2: Define variables COMPLETED
09:13:13.743 [ INFO] maestro.cli.runner.MaestroCommandRunner.runCommands$lambda$0: Apply configuration RUNNING
09:13:13.751 [ INFO] maestro.cli.runner.MaestroCommandRunner.runCommands$lambda$11: Apply configuration metadata CommandMetadata(numberOfRuns=null, evaluatedCommand=MaestroCommand(applyConfigurationCommand=ApplyConfigurationCommand(config=MaestroConfig(appId=fr.citeparlia.quizgeo, name=null, tags=[], ext={}, onFlowStart=null, onFlowComplete=null, properties={}), label=null, optional=false)), logMessages=[], insight=Insight(message=, level=NONE), aiReasoning=null, labeledCommand=null)
09:13:13.752 [ INFO] maestro.cli.runner.MaestroCommandRunner.runCommands$lambda$2: Apply configuration COMPLETED
09:13:13.752 [ INFO] maestro.cli.runner.MaestroCommandRunner.runCommands$lambda$0: Launch app "fr.citeparlia.quizgeo" RUNNING
09:13:13.758 [ INFO] maestro.cli.runner.MaestroCommandRunner.runCommands$lambda$11: Launch app "fr.citeparlia.quizgeo" metadata CommandMetadata(numberOfRuns=null, evaluatedCommand=MaestroCommand(launchAppCommand=LaunchAppCommand(appId=fr.citeparlia.quizgeo, clearState=null, clearKeychain=null, stopApp=null, permissions=null, launchArguments=null, label=null, optional=false)), logMessages=[], insight=Insight(message=, level=NONE), aiReasoning=null, labeledCommand=null)
09:13:14.465 [DEBUG] maestro.Maestro.setPermissionInternal: Failed to set permission com.google.android.finsky.permission.BIND_GET_INSTALL_REFERRER_SERVICE for app fr.citeparlia.quizgeo: shell command failed (exit -1): 
Exception occurred while executing 'grant':
java.lang.IllegalArgumentException: Unknown permission: com.google.android.finsky.permission.BIND_GET_INSTALL_REFERRER_SERVICE
	at com.android.server.pm.permission.PermissionManagerServiceImpl.grantRuntimePermissionInternal(PermissionManagerServiceImpl.java:1380)
	at com.android.server.pm.permission.PermissionManagerServiceImpl.grantRuntimePermission(PermissionManagerServiceImpl.java:1337)
	at com.android.server.pm.permission.PermissionManagerService.grantRuntimePermission(PermissionManagerService.java:551)
	at android.permission.PermissionManager.grantRuntimePermission(PermissionManager.java:609)
	at com.android.server.pm.PackageManagerShellCommand.runGrantRevokePermission(PackageManagerShellCommand.java:2672)
	at com.android.server.pm.PackageManagerShellCommand.onCommand(PackageManagerShellCommand.java:291)
	at com.android.modules.utils.BasicShellCommandHandler.exec(BasicShellCommandHandler.java:97)
	at android.os.ShellCommand.exec(ShellCommand.java:38)
	at com.android.server.pm.PackageManagerService$IPackageManagerImpl.onShellCommand(PackageManagerService.java:6350)
	at android.os.Binder.shellCommand(Binder.java:1068)
	at android.os.Binder.onTransact(Binder.java:888)
	at android.content.pm.IPackageManager$Stub.onTransact(IPackageManager.java:4352)
	at com.android.server.pm.PackageManagerService$IPackageManagerImpl.onTransact(PackageManagerService.java:6334)
	at android.os.Binder.execTransactInternal(Binder.java:1344)
	at android.os.Binder.execTransact(Binder.java:1275)

09:13:14.482 [DEBUG] maestro.Maestro.setPermissionInternal: Failed to set permission com.sec.android.provider.badge.permission.READ for app fr.citeparlia.quizgeo: shell command failed (exit -1): 
Exception occurred while executing 'grant':
java.lang.IllegalArgumentException: Unknown permission: com.sec.android.provider.badge.permission.READ
	at com.android.server.pm.permission.PermissionManagerServiceImpl.grantRuntimePermissionInternal(PermissionManagerServiceImpl.java:1380)
	at com.android.server.pm.permission.PermissionManagerServiceImpl.grantRuntimePermission(PermissionManagerServiceImpl.java:1337)
	at com.android.server.pm.permission.PermissionManagerService.grantRuntimePermission(PermissionManagerService.java:551)
	at android.permission.PermissionManager.grantRuntimePermission(PermissionManager.java:609)
	at com.android.server.pm.PackageManagerShellCommand.runGrantRevokePermission(PackageManagerShellCommand.java:2672)
	at com.android.server.pm.PackageManagerShellCommand.onCommand(PackageManagerShellCommand.java:291)
	at com.android.modules.utils.BasicShellCommandHandler.exec(BasicShellCommandHandler.java:97)
	at android.os.ShellCommand.exec(ShellCommand.java:38)
	at com.android.server.pm.PackageManagerService$IPackageManagerImpl.onShellCommand(PackageManagerService.java:6350)
	at android.os.Binder.shellCommand(Binder.java:1068)
	at android.os.Binder.onTransact(Binder.java:888)
	at android.content.pm.IPackageManager$Stub.onTransact(IPackageManager.java:4352)
	at com.android.server.pm.PackageManagerService$IPackageManagerImpl.onTransact(PackageManagerService.java:6334)
	at android.os.Binder.execTransactInternal(Binder.java:1344)
	at android.os.Binder.execTransact(Binder.java:1275)

09:13:14.500 [DEBUG] maestro.Maestro.setPermissionInternal: Failed to set permission com.sec.android.provider.badge.permission.WRITE for app fr.citeparlia.quizgeo: shell command failed (exit -1): 
Exception occurred while executing 'grant':
java.lang.IllegalArgumentException: Unknown permission: com.sec.android.provider.badge.permission.WRITE
	at com.android.server.pm.permission.PermissionManagerServiceImpl.grantRuntimePermissionInternal(PermissionManagerServiceImpl.java:1380)
	at com.android.server.pm.permission.PermissionManagerServiceImpl.grantRuntimePermission(PermissionManagerServiceImpl.java:1337)
	at com.android.server.pm.permission.PermissionManagerService.grantRuntimePermission(PermissionManagerService.java:551)
	at android.permission.PermissionManager.grantRuntimePermission(PermissionManager.java:609)
	at com.android.server.pm.PackageManagerShellCommand.runGrantRevokePermission(PackageManagerShellCommand.java:2672)
	at com.android.server.pm.PackageManagerShellCommand.onCommand(PackageManagerShellCommand.java:291)
	at com.android.modules.utils.BasicShellCommandHandler.exec(BasicShellCommandHandler.java:97)
	at android.os.ShellCommand.exec(ShellCommand.java:38)
	at com.android.server.pm.PackageManagerService$IPackageManagerImpl.onShellCommand(PackageManagerService.java:6350)
	at android.os.Binder.shellCommand(Binder.java:1068)
	at android.os.Binder.onTransact(Binder.java:888)
	at android.content.pm.IPackageManager$Stub.onTransact(IPackageManager.java:4352)
	at com.android.server.pm.PackageManagerService$IPackageManagerImpl.onTransact(PackageManagerService.java:6334)
	at android.os.Binder.execTransactInternal(Binder.java:1344)
	at android.os.Binder.execTransact(Binder.java:1275)

09:13:14.517 [DEBUG] maestro.Maestro.setPermissionInternal: Failed to set permission com.htc.launcher.permission.READ_SETTINGS for app fr.citeparlia.quizgeo: shell command failed (exit -1): 
Exception occurred while executing 'grant':
java.lang.IllegalArgumentException: Unknown permission: com.htc.launcher.permission.READ_SETTINGS
	at com.android.server.pm.permission.PermissionManagerServiceImpl.grantRuntimePermissionInternal(PermissionManagerServiceImpl.java:1380)
	at com.android.server.pm.permission.PermissionManagerServiceImpl.grantRuntimePermission(PermissionManagerServiceImpl.java:1337)
	at com.android.server.pm.permission.PermissionManagerService.grantRuntimePermission(PermissionManagerService.java:551)
	at android.permission.PermissionManager.grantRuntimePermission(PermissionManager.java:609)
	at com.android.server.pm.PackageManagerShellCommand.runGrantRevokePermission(PackageManagerShellCommand.java:2672)
	at com.android.server.pm.PackageManagerShellCommand.onCommand(PackageManagerShellCommand.java:291)
	at com.android.modules.utils.BasicShellCommandHandler.exec(BasicShellCommandHandler.java:97)
	at android.os.ShellCommand.exec(ShellCommand.java:38)
	at com.android.server.pm.PackageManagerService$IPackageManagerImpl.onShellCommand(PackageManagerService.java:6350)
	at android.os.Binder.shellCommand(Binder.java:1068)
	at android.os.Binder.onTransact(Binder.java:888)
	at android.content.pm.IPackageManager$Stub.onTransact(IPackageManager.java:4352)
	at com.android.server.pm.PackageManagerService$IPackageManagerImpl.onTransact(PackageManagerService.java:6334)
	at android.os.Binder.execTransactInternal(Binder.java:1344)
	at android.os.Binder.execTransact(Binder.java:1275)

09:13:14.533 [DEBUG] maestro.Maestro.setPermissionInternal: Failed to set permission com.htc.launcher.permission.UPDATE_SHORTCUT for app fr.citeparlia.quizgeo: shell command failed (exit -1): 
Exception occurred while executing 'grant':
java.lang.IllegalArgumentException: Unknown permission: com.htc.launcher.permission.UPDATE_SHORTCUT
	at com.android.server.pm.permission.PermissionManagerServiceImpl.grantRuntimePermissionInternal(PermissionManagerServiceImpl.java:1380)
	at com.android.server.pm.permission.PermissionManagerServiceImpl.grantRuntimePermission(PermissionManagerServiceImpl.java:1337)
	at com.android.server.pm.permission.PermissionManagerService.grantRuntimePermission(PermissionManagerService.java:551)
	at android.permission.PermissionManager.grantRuntimePermission(PermissionManager.java:609)
	at com.android.server.pm.PackageManagerShellCommand.runGrantRevokePermission(PackageManagerShellCommand.java:2672)
	at com.android.server.pm.PackageManagerShellCommand.onCommand(PackageManagerShellCommand.java:291)
	at com.android.modules.utils.BasicShellCommandHandler.exec(BasicShellCommandHandler.java:97)
	at android.os.ShellCommand.exec(ShellCommand.java:38)
	at com.android.server.pm.PackageManagerService$IPackageManagerImpl.onShellCommand(PackageManagerService.java:6350)
	at android.os.Binder.shellCommand(Binder.java:1068)
	at android.os.Binder.onTransact(Binder.java:888)
	at android.content.pm.IPackageManager$Stub.onTransact(IPackageManager.java:4352)
	at com.android.server.pm.PackageManagerService$IPackageManagerImpl.onTransact(PackageManagerService.java:6334)
	at android.os.Binder.execTransactInternal(Binder.java:1344)
	at android.os.Binder.execTransact(Binder.java:1275)

09:13:14.550 [DEBUG] maestro.Maestro.setPermissionInternal: Failed to set permission com.sonyericsson.home.permission.BROADCAST_BADGE for app fr.citeparlia.quizgeo: shell command failed (exit -1): 
Exception occurred while executing 'grant':
java.lang.IllegalArgumentException: Unknown permission: com.sonyericsson.home.permission.BROADCAST_BADGE
	at com.android.server.pm.permission.PermissionManagerServiceImpl.grantRuntimePermissionInternal(PermissionManagerServiceImpl.java:1380)
	at com.android.server.pm.permission.PermissionManagerServiceImpl.grantRuntimePermission(PermissionManagerServiceImpl.java:1337)
	at com.android.server.pm.permission.PermissionManagerService.grantRuntimePermission(PermissionManagerService.java:551)
	at android.permission.PermissionManager.grantRuntimePermission(PermissionManager.java:609)
	at com.android.server.pm.PackageManagerShellCommand.runGrantRevokePermission(PackageManagerShellCommand.java:2672)
	at com.android.server.pm.PackageManagerShellCommand.onCommand(PackageManagerShellCommand.java:291)
	at com.android.modules.utils.BasicShellCommandHandler.exec(BasicShellCommandHandler.java:97)
	at android.os.ShellCommand.exec(ShellCommand.java:38)
	at com.android.server.pm.PackageManagerService$IPackageManagerImpl.onShellCommand(PackageManagerService.java:6350)
	at android.os.Binder.shellCommand(Binder.java:1068)
	at android.os.Binder.onTransact(Binder.java:888)
	at android.content.pm.IPackageManager$Stub.onTransact(IPackageManager.java:4352)
	at com.android.server.pm.PackageManagerService$IPackageManagerImpl.onTransact(PackageManagerService.java:6334)
	at android.os.Binder.execTransactInternal(Binder.java:1344)
	at android.os.Binder.execTransact(Binder.java:1275)

09:13:14.568 [DEBUG] maestro.Maestro.setPermissionInternal: Failed to set permission com.sonymobile.home.permission.PROVIDER_INSERT_BADGE for app fr.citeparlia.quizgeo: shell command failed (exit -1): 
Exception occurred while executing 'grant':
java.lang.IllegalArgumentException: Unknown permission: com.sonymobile.home.permission.PROVIDER_INSERT_BADGE
	at com.android.server.pm.permission.PermissionManagerServiceImpl.grantRuntimePermissionInternal(PermissionManagerServiceImpl.java:1380)
	at com.android.server.pm.permission.PermissionManagerServiceImpl.grantRuntimePermission(PermissionManagerServiceImpl.java:1337)
	at com.android.server.pm.permission.PermissionManagerService.grantRuntimePermission(PermissionManagerService.java:551)
	at android.permission.PermissionManager.grantRuntimePermission(PermissionManager.java:609)
	at com.android.server.pm.PackageManagerShellCommand.runGrantRevokePermission(PackageManagerShellCommand.java:2672)
	at com.android.server.pm.PackageManagerShellCommand.onCommand(PackageManagerShellCommand.java:291)
	at com.android.modules.utils.BasicShellCommandHandler.exec(BasicShellCommandHandler.java:97)
	at android.os.ShellCommand.exec(ShellCommand.java:38)
	at com.android.server.pm.PackageManagerService$IPackageManagerImpl.onShellCommand(PackageManagerService.java:6350)
	at android.os.Binder.shellCommand(Binder.java:1068)
	at android.os.Binder.onTransact(Binder.java:888)
	at android.content.pm.IPackageManager$Stub.onTransact(IPackageManager.java:4352)
	at com.android.server.pm.PackageManagerService$IPackageManagerImpl.onTransact(PackageManagerService.java:6334)
	at android.os.Binder.execTransactInternal(Binder.java:1344)
	at android.os.Binder.execTransact(Binder.java:1275)

09:13:14.587 [DEBUG] maestro.Maestro.setPermissionInternal: Failed to set permission com.anddoes.launcher.permission.UPDATE_COUNT for app fr.citeparlia.quizgeo: shell command failed (exit -1): 
Exception occurred while executing 'grant':
java.lang.IllegalArgumentException: Unknown permission: com.anddoes.launcher.permission.UPDATE_COUNT
	at com.android.server.pm.permission.PermissionManagerServiceImpl.grantRuntimePermissionInternal(PermissionManagerServiceImpl.java:1380)
	at com.android.server.pm.permission.PermissionManagerServiceImpl.grantRuntimePermission(PermissionManagerServiceImpl.java:1337)
	at com.android.server.pm.permission.PermissionManagerService.grantRuntimePermission(PermissionManagerService.java:551)
	at android.permission.PermissionManager.grantRuntimePermission(PermissionManager.java:609)
	at com.android.server.pm.PackageManagerShellCommand.runGrantRevokePermission(PackageManagerShellCommand.java:2672)
	at com.android.server.pm.PackageManagerShellCommand.onCommand(PackageManagerShellCommand.java:291)
	at com.android.modules.utils.BasicShellCommandHandler.exec(BasicShellCommandHandler.java:97)
	at android.os.ShellCommand.exec(ShellCommand.java:38)
	at com.android.server.pm.PackageManagerService$IPackageManagerImpl.onShellCommand(PackageManagerService.java:6350)
	at android.os.Binder.shellCommand(Binder.java:1068)
	at android.os.Binder.onTransact(Binder.java:888)
	at android.content.pm.IPackageManager$Stub.onTransact(IPackageManager.java:4352)
	at com.android.server.pm.PackageManagerService$IPackageManagerImpl.onTransact(PackageManagerService.java:6334)
	at android.os.Binder.execTransactInternal(Binder.java:1344)
	at android.os.Binder.execTransact(Binder.java:1275)

09:13:14.609 [DEBUG] maestro.Maestro.setPermissionInternal: Failed to set permission com.majeur.launcher.permission.UPDATE_BADGE for app fr.citeparlia.quizgeo: shell command failed (exit -1): 
Exception occurred while executing 'grant':
java.lang.IllegalArgumentException: Unknown permission: com.majeur.launcher.permission.UPDATE_BADGE
	at com.android.server.pm.permission.PermissionManagerServiceImpl.grantRuntimePermissionInternal(PermissionManagerServiceImpl.java:1380)
	at com.android.server.pm.permission.PermissionManagerServiceImpl.grantRuntimePermission(PermissionManagerServiceImpl.java:1337)
	at com.android.server.pm.permission.PermissionManagerService.grantRuntimePermission(PermissionManagerService.java:551)
	at android.permission.PermissionManager.grantRuntimePermission(PermissionManager.java:609)
	at com.android.server.pm.PackageManagerShellCommand.runGrantRevokePermission(PackageManagerShellCommand.java:2672)
	at com.android.server.pm.PackageManagerShellCommand.onCommand(PackageManagerShellCommand.java:291)
	at com.android.modules.utils.BasicShellCommandHandler.exec(BasicShellCommandHandler.java:97)
	at android.os.ShellCommand.exec(ShellCommand.java:38)
	at com.android.server.pm.PackageManagerService$IPackageManagerImpl.onShellCommand(PackageManagerService.java:6350)
	at android.os.Binder.shellCommand(Binder.java:1068)
	at android.os.Binder.onTransact(Binder.java:888)
	at android.content.pm.IPackageManager$Stub.onTransact(IPackageManager.java:4352)
	at com.android.server.pm.PackageManagerService$IPackageManagerImpl.onTransact(PackageManagerService.java:6334)
	at android.os.Binder.execTransactInternal(Binder.java:1344)
	at android.os.Binder.execTransact(Binder.java:1275)

09:13:14.626 [DEBUG] maestro.Maestro.setPermissionInternal: Failed to set permission com.huawei.android.launcher.permission.CHANGE_BADGE for app fr.citeparlia.quizgeo: shell command failed (exit -1): 
Exception occurred while executing 'grant':
java.lang.IllegalArgumentException: Unknown permission: com.huawei.android.launcher.permission.CHANGE_BADGE
	at com.android.server.pm.permission.PermissionManagerServiceImpl.grantRuntimePermissionInternal(PermissionManagerServiceImpl.java:1380)
	at com.android.server.pm.permission.PermissionManagerServiceImpl.grantRuntimePermission(PermissionManagerServiceImpl.java:1337)
	at com.android.server.pm.permission.PermissionManagerService.grantRuntimePermission(PermissionManagerService.java:551)
	at android.permission.PermissionManager.grantRuntimePermission(PermissionManager.java:609)
	at com.android.server.pm.PackageManagerShellCommand.runGrantRevokePermission(PackageManagerShellCommand.java:2672)
	at com.android.server.pm.PackageManagerShellCommand.onCommand(PackageManagerShellCommand.java:291)
	at com.android.modules.utils.BasicShellCommandHandler.exec(BasicShellCommandHandler.java:97)
	at android.os.ShellCommand.exec(ShellCommand.java:38)
	at com.android.server.pm.PackageManagerService$IPackageManagerImpl.onShellCommand(PackageManagerService.java:6350)
	at android.os.Binder.shellCommand(Binder.java:1068)
	at android.os.Binder.onTransact(Binder.java:888)
	at android.content.pm.IPackageManager$Stub.onTransact(IPackageManager.java:4352)
	at com.android.server.pm.PackageManagerService$IPackageManagerImpl.onTransact(PackageManagerService.java:6334)
	at android.os.Binder.execTransactInternal(Binder.java:1344)
	at android.os.Binder.execTransact(Binder.java:1275)

09:13:14.644 [DEBUG] maestro.Maestro.setPermissionInternal: Failed to set permission com.huawei.android.launcher.permission.READ_SETTINGS for app fr.citeparlia.quizgeo: shell command failed (exit -1): 
Exception occurred while executing 'grant':
java.lang.IllegalArgumentException: Unknown permission: com.huawei.android.launcher.permission.READ_SETTINGS
	at com.android.server.pm.permission.PermissionManagerServiceImpl.grantRuntimePermissionInternal(PermissionManagerServiceImpl.java:1380)
	at com.android.server.pm.permission.PermissionManagerServiceImpl.grantRuntimePermission(PermissionManagerServiceImpl.java:1337)
	at com.android.server.pm.permission.PermissionManagerService.grantRuntimePermission(PermissionManagerService.java:551)
	at android.permission.PermissionManager.grantRuntimePermission(PermissionManager.java:609)
	at com.android.server.pm.PackageManagerShellCommand.runGrantRevokePermission(PackageManagerShellCommand.java:2672)
	at com.android.server.pm.PackageManagerShellCommand.onCommand(PackageManagerShellCommand.java:291)
	at com.android.modules.utils.BasicShellCommandHandler.exec(BasicShellCommandHandler.java:97)
	at android.os.ShellCommand.exec(ShellCommand.java:38)
	at com.android.server.pm.PackageManagerService$IPackageManagerImpl.onShellCommand(PackageManagerService.java:6350)
	at android.os.Binder.shellCommand(Binder.java:1068)
	at android.os.Binder.onTransact(Binder.java:888)
	at android.content.pm.IPackageManager$Stub.onTransact(IPackageManager.java:4352)
	at com.android.server.pm.PackageManagerService$IPackageManagerImpl.onTransact(PackageManagerService.java:6334)
	at android.os.Binder.execTransactInternal(Binder.java:1344)
	at android.os.Binder.execTransact(Binder.java:1275)

09:13:14.662 [DEBUG] maestro.Maestro.setPermissionInternal: Failed to set permission com.huawei.android.launcher.permission.WRITE_SETTINGS for app fr.citeparlia.quizgeo: shell command failed (exit -1): 
Exception occurred while executing 'grant':
java.lang.IllegalArgumentException: Unknown permission: com.huawei.android.launcher.permission.WRITE_SETTINGS
	at com.android.server.pm.permission.PermissionManagerServiceImpl.grantRuntimePermissionInternal(PermissionManagerServiceImpl.java:1380)
	at com.android.server.pm.permission.PermissionManagerServiceImpl.grantRuntimePermission(PermissionManagerServiceImpl.java:1337)
	at com.android.server.pm.permission.PermissionManagerService.grantRuntimePermission(PermissionManagerService.java:551)
	at android.permission.PermissionManager.grantRuntimePermission(PermissionManager.java:609)
	at com.android.server.pm.PackageManagerShellCommand.runGrantRevokePermission(PackageManagerShellCommand.java:2672)
	at com.android.server.pm.PackageManagerShellCommand.onCommand(PackageManagerShellCommand.java:291)
	at com.android.modules.utils.BasicShellCommandHandler.exec(BasicShellCommandHandler.java:97)
	at android.os.ShellCommand.exec(ShellCommand.java:38)
	at com.android.server.pm.PackageManagerService$IPackageManagerImpl.onShellCommand(PackageManagerService.java:6350)
	at android.os.Binder.shellCommand(Binder.java:1068)
	at android.os.Binder.onTransact(Binder.java:888)
	at android.content.pm.IPackageManager$Stub.onTransact(IPackageManager.java:4352)
	at com.android.server.pm.PackageManagerService$IPackageManagerImpl.onTransact(PackageManagerService.java:6334)
	at android.os.Binder.execTransactInternal(Binder.java:1344)
	at android.os.Binder.execTransact(Binder.java:1275)

09:13:14.679 [DEBUG] maestro.Maestro.setPermissionInternal: Failed to set permission android.permission.READ_APP_BADGE for app fr.citeparlia.quizgeo: shell command failed (exit -1): 
Exception occurred while executing 'grant':
java.lang.IllegalArgumentException: Unknown permission: android.permission.READ_APP_BADGE
	at com.android.server.pm.permission.PermissionManagerServiceImpl.grantRuntimePermissionInternal(PermissionManagerServiceImpl.java:1380)
	at com.android.server.pm.permission.PermissionManagerServiceImpl.grantRuntimePermission(PermissionManagerServiceImpl.java:1337)
	at com.android.server.pm.permission.PermissionManagerService.grantRuntimePermission(PermissionManagerService.java:551)
	at android.permission.PermissionManager.grantRuntimePermission(PermissionManager.java:609)
	at com.android.server.pm.PackageManagerShellCommand.runGrantRevokePermission(PackageManagerShellCommand.java:2672)
	at com.android.server.pm.PackageManagerShellCommand.onCommand(PackageManagerShellCommand.java:291)
	at com.android.modules.utils.BasicShellCommandHandler.exec(BasicShellCommandHandler.java:97)
	at android.os.ShellCommand.exec(ShellCommand.java:38)
	at com.android.server.pm.PackageManagerService$IPackageManagerImpl.onShellCommand(PackageManagerService.java:6350)
	at android.os.Binder.shellCommand(Binder.java:1068)
	at android.os.Binder.onTransact(Binder.java:888)
	at android.content.pm.IPackageManager$Stub.onTransact(IPackageManager.java:4352)
	at com.android.server.pm.PackageManagerService$IPackageManagerImpl.onTransact(PackageManagerService.java:6334)
	at android.os.Binder.execTransactInternal(Binder.java:1344)
	at android.os.Binder.execTransact(Binder.java:1275)

09:13:14.697 [DEBUG] maestro.Maestro.setPermissionInternal: Failed to set permission com.oppo.launcher.permission.READ_SETTINGS for app fr.citeparlia.quizgeo: shell command failed (exit -1): 
Exception occurred while executing 'grant':
java.lang.IllegalArgumentException: Unknown permission: com.oppo.launcher.permission.READ_SETTINGS
	at com.android.server.pm.permission.PermissionManagerServiceImpl.grantRuntimePermissionInternal(PermissionManagerServiceImpl.java:1380)
	at com.android.server.pm.permission.PermissionManagerServiceImpl.grantRuntimePermission(PermissionManagerServiceImpl.java:1337)
	at com.android.server.pm.permission.PermissionManagerService.grantRuntimePermission(PermissionManagerService.java:551)
	at android.permission.PermissionManager.grantRuntimePermission(PermissionManager.java:609)
	at com.android.server.pm.PackageManagerShellCommand.runGrantRevokePermission(PackageManagerShellCommand.java:2672)
	at com.android.server.pm.PackageManagerShellCommand.onCommand(PackageManagerShellCommand.java:291)
	at com.android.modules.utils.BasicShellCommandHandler.exec(BasicShellCommandHandler.java:97)
	at android.os.ShellCommand.exec(ShellCommand.java:38)
	at com.android.server.pm.PackageManagerService$IPackageManagerImpl.onShellCommand(PackageManagerService.java:6350)
	at android.os.Binder.shellCommand(Binder.java:1068)
	at android.os.Binder.onTransact(Binder.java:888)
	at android.content.pm.IPackageManager$Stub.onTransact(IPackageManager.java:4352)
	at com.android.server.pm.PackageManagerService$IPackageManagerImpl.onTransact(PackageManagerService.java:6334)
	at android.os.Binder.execTransactInternal(Binder.java:1344)
	at android.os.Binder.execTransact(Binder.java:1275)

09:13:14.714 [DEBUG] maestro.Maestro.setPermissionInternal: Failed to set permission com.oppo.launcher.permission.WRITE_SETTINGS for app fr.citeparlia.quizgeo: shell command failed (exit -1): 
Exception occurred while executing 'grant':
java.lang.IllegalArgumentException: Unknown permission: com.oppo.launcher.permission.WRITE_SETTINGS
	at com.android.server.pm.permission.PermissionManagerServiceImpl.grantRuntimePermissionInternal(PermissionManagerServiceImpl.java:1380)
	at com.android.server.pm.permission.PermissionManagerServiceImpl.grantRuntimePermission(PermissionManagerServiceImpl.java:1337)
	at com.android.server.pm.permission.PermissionManagerService.grantRuntimePermission(PermissionManagerService.java:551)
	at android.permission.PermissionManager.grantRuntimePermission(PermissionManager.java:609)
	at com.android.server.pm.PackageManagerShellCommand.runGrantRevokePermission(PackageManagerShellCommand.java:2672)
	at com.android.server.pm.PackageManagerShellCommand.onCommand(PackageManagerShellCommand.java:291)
	at com.android.modules.utils.BasicShellCommandHandler.exec(BasicShellCommandHandler.java:97)
	at android.os.ShellCommand.exec(ShellCommand.java:38)
	at com.android.server.pm.PackageManagerService$IPackageManagerImpl.onShellCommand(PackageManagerService.java:6350)
	at android.os.Binder.shellCommand(Binder.java:1068)
	at android.os.Binder.onTransact(Binder.java:888)
	at android.content.pm.IPackageManager$Stub.onTransact(IPackageManager.java:4352)
	at com.android.server.pm.PackageManagerService$IPackageManagerImpl.onTransact(PackageManagerService.java:6334)
	at android.os.Binder.execTransactInternal(Binder.java:1344)
	at android.os.Binder.execTransact(Binder.java:1275)

09:13:14.732 [DEBUG] maestro.Maestro.setPermissionInternal: Failed to set permission me.everything.badger.permission.BADGE_COUNT_READ for app fr.citeparlia.quizgeo: shell command failed (exit -1): 
Exception occurred while executing 'grant':
java.lang.IllegalArgumentException: Unknown permission: me.everything.badger.permission.BADGE_COUNT_READ
	at com.android.server.pm.permission.PermissionManagerServiceImpl.grantRuntimePermissionInternal(PermissionManagerServiceImpl.java:1380)
	at com.android.server.pm.permission.PermissionManagerServiceImpl.grantRuntimePermission(PermissionManagerServiceImpl.java:1337)
	at com.android.server.pm.permission.PermissionManagerService.grantRuntimePermission(PermissionManagerService.java:551)
	at android.permission.PermissionManager.grantRuntimePermission(PermissionManager.java:609)
	at com.android.server.pm.PackageManagerShellCommand.runGrantRevokePermission(PackageManagerShellCommand.java:2672)
	at com.android.server.pm.PackageManagerShellCommand.onCommand(PackageManagerShellCommand.java:291)
	at com.android.modules.utils.BasicShellCommandHandler.exec(BasicShellCommandHandler.java:97)
	at android.os.ShellCommand.exec(ShellCommand.java:38)
	at com.android.server.pm.PackageManagerService$IPackageManagerImpl.onShellCommand(PackageManagerService.java:6350)
	at android.os.Binder.shellCommand(Binder.java:1068)
	at android.os.Binder.onTransact(Binder.java:888)
	at android.content.pm.IPackageManager$Stub.onTransact(IPackageManager.java:4352)
	at com.android.server.pm.PackageManagerService$IPackageManagerImpl.onTransact(PackageManagerService.java:6334)
	at android.os.Binder.execTransactInternal(Binder.java:1344)
	at android.os.Binder.execTransact(Binder.java:1275)

09:13:14.752 [DEBUG] maestro.Maestro.setPermissionInternal: Failed to set permission me.everything.badger.permission.BADGE_COUNT_WRITE for app fr.citeparlia.quizgeo: shell command failed (exit -1): 
Exception occurred while executing 'grant':
java.lang.IllegalArgumentException: Unknown permission: me.everything.badger.permission.BADGE_COUNT_WRITE
	at com.android.server.pm.permission.PermissionManagerServiceImpl.grantRuntimePermissionInternal(PermissionManagerServiceImpl.java:1380)
	at com.android.server.pm.permission.PermissionManagerServiceImpl.grantRuntimePermission(PermissionManagerServiceImpl.java:1337)
	at com.android.server.pm.permission.PermissionManagerService.grantRuntimePermission(PermissionManagerService.java:551)
	at android.permission.PermissionManager.grantRuntimePermission(PermissionManager.java:609)
	at com.android.server.pm.PackageManagerShellCommand.runGrantRevokePermission(PackageManagerShellCommand.java:2672)
	at com.android.server.pm.PackageManagerShellCommand.onCommand(PackageManagerShellCommand.java:291)
	at com.android.modules.utils.BasicShellCommandHandler.exec(BasicShellCommandHandler.java:97)
	at android.os.ShellCommand.exec(ShellCommand.java:38)
	at com.android.server.pm.PackageManagerService$IPackageManagerImpl.onShellCommand(PackageManagerService.java:6350)
	at android.os.Binder.shellCommand(Binder.java:1068)
	at android.os.Binder.onTransact(Binder.java:888)
	at android.content.pm.IPackageManager$Stub.onTransact(IPackageManager.java:4352)
	at com.android.server.pm.PackageManagerService$IPackageManagerImpl.onTransact(PackageManagerService.java:6334)
	at android.os.Binder.execTransactInternal(Binder.java:1344)
	at android.os.Binder.execTransact(Binder.java:1275)

09:13:14.754 [ INFO] maestro.Maestro.launchApp$lambda$5: Launching app fr.citeparlia.quizgeo
09:13:14.754 [ INFO] maestro.Maestro.launchApp$lambda$5: Stopping fr.citeparlia.quizgeo app during launch
09:13:15.248 [ INFO] maestro.cli.runner.MaestroCommandRunner.runCommands$lambda$2: Launch app "fr.citeparlia.quizgeo" COMPLETED
09:13:15.249 [ INFO] maestro.cli.runner.MaestroCommandRunner.runCommands$lambda$0: Tap on (Optional) "Wait|Attendre" RUNNING
09:13:15.284 [ INFO] maestro.cli.runner.MaestroCommandRunner.runCommands$lambda$11: Tap on (Optional) "Wait|Attendre" metadata CommandMetadata(numberOfRuns=null, evaluatedCommand=MaestroCommand(tapOnElementCommand=TapOnElementCommand(selector=ElementSelector(textRegex=Wait|Attendre, idRegex=null, size=null, below=null, above=null, leftOf=null, rightOf=null, containsChild=null, containsDescendants=null, traits=null, index=null, enabled=null, optional=true, selected=null, checked=null, focused=null, childOf=null, css=null), retryIfNoChange=false, waitUntilVisible=false, longPress=false, repeat=null, waitToSettleTimeoutMs=null, relativePoint=null, label=null, optional=true)), logMessages=[], insight=Insight(message=, level=NONE), aiReasoning=null, labeledCommand=null)
09:13:22.898 [ INFO] maestro.orchestra.Orchestra.executeCommands: [Command execution] CommandWarned: Element not found: Text matching regex: Wait|Attendre
09:13:22.899 [ INFO] maestro.cli.runner.MaestroCommandRunner.runCommands$lambda$11: Tap on (Optional) "Wait|Attendre" metadata CommandMetadata(numberOfRuns=null, evaluatedCommand=MaestroCommand(tapOnElementCommand=TapOnElementCommand(selector=ElementSelector(textRegex=Wait|Attendre, idRegex=null, size=null, below=null, above=null, leftOf=null, rightOf=null, containsChild=null, containsDescendants=null, traits=null, index=null, enabled=null, optional=true, selected=null, checked=null, focused=null, childOf=null, css=null), retryIfNoChange=false, waitUntilVisible=false, longPress=false, repeat=null, waitToSettleTimeoutMs=null, relativePoint=null, label=null, optional=true)), logMessages=[], insight=Insight(message=Element not found: Text matching regex: Wait|Attendre, level=WARNING), aiReasoning=null, labeledCommand=null)
09:13:23.402 [ INFO] maestro.Maestro.takeScreenshot: Taking screenshot
09:13:23.405 [TRACE] maestro.utils.ScreenshotUtils.takeScreenshot: Taking screenshot to output sink
09:13:23.788 [ INFO] maestro.cli.runner.MaestroCommandRunner.runCommands$lambda$6: Tap on (Optional) "Wait|Attendre" WARNED
09:13:23.790 [ INFO] maestro.cli.runner.MaestroCommandRunner.runCommands$lambda$0: Wait for animation to end RUNNING
09:13:23.791 [ INFO] maestro.cli.runner.MaestroCommandRunner.runCommands$lambda$11: Wait for animation to end metadata CommandMetadata(numberOfRuns=null, evaluatedCommand=MaestroCommand(waitForAnimationToEndCommand=WaitForAnimationToEndCommand(timeout=null, label=null, optional=false)), logMessages=[], insight=Insight(message=, level=NONE), aiReasoning=null, labeledCommand=null)
09:13:23.794 [ INFO] maestro.Maestro.waitForAnimationToEnd$lambda$53: Waiting for animation to end with timeout 15000
09:13:23.796 [TRACE] maestro.utils.ScreenshotUtils.takeScreenshot: Taking screenshot to byte array
09:13:23.796 [TRACE] maestro.utils.ScreenshotUtils.takeScreenshot: Taking screenshot to output sink
09:13:24.105 [TRACE] maestro.utils.ScreenshotUtils.takeScreenshot: Taking screenshot to byte array
09:13:24.106 [TRACE] maestro.utils.ScreenshotUtils.takeScreenshot: Taking screenshot to output sink
09:13:24.628 [ INFO] maestro.cli.runner.MaestroCommandRunner.runCommands$lambda$2: Wait for animation to end COMPLETED
09:13:24.629 [ INFO] maestro.cli.runner.MaestroCommandRunner.runCommands$lambda$0: Tap on "Le vocabulaire de base" RUNNING
09:13:24.630 [ INFO] maestro.cli.runner.MaestroCommandRunner.runCommands$lambda$11: Tap on "Le vocabulaire de base" metadata CommandMetadata(numberOfRuns=null, evaluatedCommand=MaestroCommand(tapOnElementCommand=TapOnElementCommand(selector=ElementSelector(textRegex=Le vocabulaire de base, idRegex=null, size=null, below=null, above=null, leftOf=null, rightOf=null, containsChild=null, containsDescendants=null, traits=null, index=null, enabled=null, optional=false, selected=null, checked=null, focused=null, childOf=null, css=null), retryIfNoChange=false, waitUntilVisible=false, longPress=false, repeat=null, waitToSettleTimeoutMs=null, relativePoint=null, label=null, optional=false)), logMessages=[], insight=Insight(message=, level=NONE), aiReasoning=null, labeledCommand=null)
09:13:24.990 [ INFO] maestro.Maestro.tap-HgV9Ck0: Tapping on element:  UiElement(treeNode=TreeNode(attributes={text=Le vocabulaire de base, accessibilityText=, hintText=, ignoreBoundsFiltering=false, resource-id=, clickable=false, bounds=[355,1139][725,1187], enabled=true, focused=false, checked=false, scrollable=false, selected=false, class=android.widget.TextView, important-for-accessibility=true, error=}, children=[], clickable=false, enabled=true, focused=false, checked=false, selected=false), bounds=Bounds(x=355, y=1139, width=370, height=48))
09:13:26.484 [ INFO] maestro.Maestro.tap-HgV9Ck0: Tap aimed via settled hierarchy
09:13:26.489 [ INFO] maestro.Maestro.hierarchyBasedTap-ogj28Uc: Tapping at (540, 1163) using hierarchy based logic for wait
09:13:28.160 [ INFO] maestro.Maestro.hierarchyBasedTap-ogj28Uc: Something has changed in the UI judging by view hierarchy. Proceed.
09:13:28.161 [ INFO] maestro.cli.runner.MaestroCommandRunner.runCommands$lambda$2: Tap on "Le vocabulaire de base" COMPLETED
09:13:28.161 [ INFO] maestro.cli.runner.MaestroCommandRunner.runCommands$lambda$0: Wait for animation to end RUNNING
09:13:28.161 [ INFO] maestro.cli.runner.MaestroCommandRunner.runCommands$lambda$11: Wait for animation to end metadata CommandMetadata(numberOfRuns=null, evaluatedCommand=MaestroCommand(waitForAnimationToEndCommand=WaitForAnimationToEndCommand(timeout=null, label=null, optional=false)), logMessages=[], insight=Insight(message=, level=NONE), aiReasoning=null, labeledCommand=null)
09:13:28.162 [ INFO] maestro.Maestro.waitForAnimationToEnd$lambda$53: Waiting for animation to end with timeout 15000
09:13:28.162 [TRACE] maestro.utils.ScreenshotUtils.takeScreenshot: Taking screenshot to byte array
09:13:28.163 [TRACE] maestro.utils.ScreenshotUtils.takeScreenshot: Taking screenshot to output sink
09:13:28.372 [TRACE] maestro.utils.ScreenshotUtils.takeScreenshot: Taking screenshot to byte array
09:13:28.373 [TRACE] maestro.utils.ScreenshotUtils.takeScreenshot: Taking screenshot to output sink
09:13:28.781 [ INFO] maestro.cli.runner.MaestroCommandRunner.runCommands$lambda$2: Wait for animation to end COMPLETED
09:13:28.782 [ INFO] maestro.cli.runner.MaestroCommandRunner.runCommands$lambda$0: Take screenshot shots/10-feuille-unite RUNNING
09:13:28.785 [ INFO] maestro.cli.runner.MaestroCommandRunner.runCommands$lambda$11: Take screenshot shots/10-feuille-unite metadata CommandMetadata(numberOfRuns=null, evaluatedCommand=MaestroCommand(takeScreenshotCommand=TakeScreenshotCommand(path=shots/10-feuille-unite, cropOn=null, label=null, optional=false)), logMessages=[], insight=Insight(message=, level=NONE), aiReasoning=null, labeledCommand=null)
09:13:28.786 [ INFO] maestro.Maestro.takeScreenshot: Taking screenshot
09:13:28.787 [TRACE] maestro.utils.ScreenshotUtils.takeScreenshot: Taking screenshot to output sink
09:13:28.954 [ INFO] maestro.cli.runner.MaestroCommandRunner.runCommands$lambda$2: Take screenshot shots/10-feuille-unite COMPLETED
09:13:28.954 [ INFO] maestro.cli.runner.MaestroCommandRunner.runCommands$lambda$0: Press Back key RUNNING
09:13:28.955 [ INFO] maestro.cli.runner.MaestroCommandRunner.runCommands$lambda$11: Press Back key metadata CommandMetadata(numberOfRuns=null, evaluatedCommand=MaestroCommand(pressKeyCommand=PressKeyCommand(code=BACK, label=null, optional=false)), logMessages=[], insight=Insight(message=, level=NONE), aiReasoning=null, labeledCommand=null)
09:13:28.956 [ INFO] maestro.Maestro.pressKey: Pressing key BACK
09:13:30.206 [ INFO] maestro.cli.runner.MaestroCommandRunner.runCommands$lambda$2: Press Back key COMPLETED
09:13:30.206 [ INFO] maestro.cli.runner.MaestroCommandRunner.runCommands$lambda$0: Wait for animation to end RUNNING
09:13:30.207 [ INFO] maestro.cli.runner.MaestroCommandRunner.runCommands$lambda$11: Wait for animation to end metadata CommandMetadata(numberOfRuns=null, evaluatedCommand=MaestroCommand(waitForAnimationToEndCommand=WaitForAnimationToEndCommand(timeout=null, label=null, optional=false)), logMessages=[], insight=Insight(message=, level=NONE), aiReasoning=null, labeledCommand=null)
09:13:30.207 [ INFO] maestro.Maestro.waitForAnimationToEnd$lambda$53: Waiting for animation to end with timeout 15000
09:13:30.207 [TRACE] maestro.utils.ScreenshotUtils.takeScreenshot: Taking screenshot to byte array
09:13:30.207 [TRACE] maestro.utils.ScreenshotUtils.takeScreenshot: Taking screenshot to output sink
09:13:30.481 [TRACE] maestro.utils.ScreenshotUtils.takeScreenshot: Taking screenshot to byte array
09:13:30.482 [TRACE] maestro.utils.ScreenshotUtils.takeScreenshot: Taking screenshot to output sink
09:13:30.872 [ INFO] maestro.cli.runner.MaestroCommandRunner.runCommands$lambda$2: Wait for animation to end COMPLETED
09:13:30.872 [ INFO] maestro.cli.runner.MaestroCommandRunner.runCommands$lambda$0: Take screenshot shots/10b-retour-ferme-la-feuille RUNNING
09:13:30.873 [ INFO] maestro.cli.runner.MaestroCommandRunner.runCommands$lambda$11: Take screenshot shots/10b-retour-ferme-la-feuille metadata CommandMetadata(numberOfRuns=null, evaluatedCommand=MaestroCommand(takeScreenshotCommand=TakeScreenshotCommand(path=shots/10b-retour-ferme-la-feuille, cropOn=null, label=null, optional=false)), logMessages=[], insight=Insight(message=, level=NONE), aiReasoning=null, labeledCommand=null)
09:13:30.873 [ INFO] maestro.Maestro.takeScreenshot: Taking screenshot
09:13:30.874 [TRACE] maestro.utils.ScreenshotUtils.takeScreenshot: Taking screenshot to output sink
09:13:31.032 [ INFO] maestro.cli.runner.MaestroCommandRunner.runCommands$lambda$2: Take screenshot shots/10b-retour-ferme-la-feuille COMPLETED
09:13:31.033 [ INFO] maestro.cli.runner.MaestroCommandRunner.runCommands$lambda$0: Assert that "Le vocabulaire de base" is visible RUNNING
09:13:31.037 [ INFO] maestro.cli.runner.MaestroCommandRunner.runCommands$lambda$11: Assert that "Le vocabulaire de base" is visible metadata CommandMetadata(numberOfRuns=null, evaluatedCommand=MaestroCommand(assertConditionCommand=AssertConditionCommand(condition=Condition(platform=null, visible=ElementSelector(textRegex=Le vocabulaire de base, idRegex=null, size=null, below=null, above=null, leftOf=null, rightOf=null, containsChild=null, containsDescendants=null, traits=null, index=null, enabled=null, optional=false, selected=null, checked=null, focused=null, childOf=null, css=null), notVisible=null, scriptCondition=null, label=null), timeout=null, label=null, optional=false)), logMessages=[], insight=Insight(message=, level=NONE), aiReasoning=null, labeledCommand=null)
09:13:31.358 [ INFO] maestro.cli.runner.MaestroCommandRunner.runCommands$lambda$2: Assert that "Le vocabulaire de base" is visible COMPLETED
09:13:31.359 [ INFO] maestro.cli.runner.MaestroCommandRunner.runCommands$lambda$0: Tap on "Le vocabulaire de base" RUNNING
09:13:31.359 [ INFO] maestro.cli.runner.MaestroCommandRunner.runCommands$lambda$11: Tap on "Le vocabulaire de base" metadata CommandMetadata(numberOfRuns=null, evaluatedCommand=MaestroCommand(tapOnElementCommand=TapOnElementCommand(selector=ElementSelector(textRegex=Le vocabulaire de base, idRegex=null, size=null, below=null, above=null, leftOf=null, rightOf=null, containsChild=null, containsDescendants=null, traits=null, index=null, enabled=null, optional=false, selected=null, checked=null, focused=null, childOf=null, css=null), retryIfNoChange=false, waitUntilVisible=false, longPress=false, repeat=null, waitToSettleTimeoutMs=null, relativePoint=null, label=null, optional=false)), logMessages=[], insight=Insight(message=, level=NONE), aiReasoning=null, labeledCommand=null)
09:13:31.794 [ INFO] maestro.Maestro.tap-HgV9Ck0: Tapping on element:  UiElement(treeNode=TreeNode(attributes={text=Le vocabulaire de base, accessibilityText=, hintText=, ignoreBoundsFiltering=false, resource-id=, clickable=false, bounds=[355,1139][725,1187], enabled=true, focused=false, checked=false, scrollable=false, selected=false, class=android.widget.TextView, important-for-accessibility=true, error=}, children=[], clickable=false, enabled=true, focused=false, checked=false, selected=false), bounds=Bounds(x=355, y=1139, width=370, height=48))
09:13:33.231 [ INFO] maestro.Maestro.tap-HgV9Ck0: Tap aimed via settled hierarchy
09:13:33.232 [ INFO] maestro.Maestro.hierarchyBasedTap-ogj28Uc: Tapping at (540, 1163) using hierarchy based logic for wait
09:13:34.798 [ INFO] maestro.Maestro.hierarchyBasedTap-ogj28Uc: Something has changed in the UI judging by view hierarchy. Proceed.
09:13:34.798 [ INFO] maestro.cli.runner.MaestroCommandRunner.runCommands$lambda$2: Tap on "Le vocabulaire de base" COMPLETED
09:13:34.799 [ INFO] maestro.cli.runner.MaestroCommandRunner.runCommands$lambda$0: Wait for animation to end RUNNING
09:13:34.799 [ INFO] maestro.cli.runner.MaestroCommandRunner.runCommands$lambda$11: Wait for animation to end metadata CommandMetadata(numberOfRuns=null, evaluatedCommand=MaestroCommand(waitForAnimationToEndCommand=WaitForAnimationToEndCommand(timeout=null, label=null, optional=false)), logMessages=[], insight=Insight(message=, level=NONE), aiReasoning=null, labeledCommand=null)
09:13:34.800 [ INFO] maestro.Maestro.waitForAnimationToEnd$lambda$53: Waiting for animation to end with timeout 15000
09:13:34.800 [TRACE] maestro.utils.ScreenshotUtils.takeScreenshot: Taking screenshot to byte array
09:13:34.800 [TRACE] maestro.utils.ScreenshotUtils.takeScreenshot: Taking screenshot to output sink
09:13:35.083 [TRACE] maestro.utils.ScreenshotUtils.takeScreenshot: Taking screenshot to byte array
09:13:35.084 [TRACE] maestro.utils.ScreenshotUtils.takeScreenshot: Taking screenshot to output sink
09:13:35.485 [ INFO] maestro.cli.runner.MaestroCommandRunner.runCommands$lambda$2: Wait for animation to end COMPLETED
09:13:35.486 [ INFO] maestro.cli.runner.MaestroCommandRunner.runCommands$lambda$0: Tap on "Commencer ·.*" RUNNING
09:13:35.486 [ INFO] maestro.cli.runner.MaestroCommandRunner.runCommands$lambda$11: Tap on "Commencer ·.*" metadata CommandMetadata(numberOfRuns=null, evaluatedCommand=MaestroCommand(tapOnElementCommand=TapOnElementCommand(selector=ElementSelector(textRegex=Commencer ·.*, idRegex=null, size=null, below=null, above=null, leftOf=null, rightOf=null, containsChild=null, containsDescendants=null, traits=null, index=null, enabled=null, optional=false, selected=null, checked=null, focused=null, childOf=null, css=null), retryIfNoChange=false, waitUntilVisible=false, longPress=false, repeat=null, waitToSettleTimeoutMs=null, relativePoint=null, label=null, optional=false)), logMessages=[], insight=Insight(message=, level=NONE), aiReasoning=null, labeledCommand=null)
09:13:35.787 [ INFO] maestro.Maestro.tap-HgV9Ck0: Tapping on element:  UiElement(treeNode=TreeNode(attributes={text=Commencer · ⚡ 5, accessibilityText=, hintText=, ignoreBoundsFiltering=false, resource-id=, clickable=false, bounds=[354,1818][725,1874], enabled=true, focused=false, checked=false, scrollable=false, selected=false, class=android.widget.TextView, important-for-accessibility=true, error=}, children=[], clickable=false, enabled=true, focused=false, checked=false, selected=false), bounds=Bounds(x=354, y=1818, width=371, height=56))
09:13:37.161 [ INFO] maestro.Maestro.tap-HgV9Ck0: Tap aimed via settled hierarchy
09:13:37.162 [ INFO] maestro.Maestro.hierarchyBasedTap-ogj28Uc: Tapping at (539, 1846) using hierarchy based logic for wait
09:13:38.678 [ INFO] maestro.Maestro.hierarchyBasedTap-ogj28Uc: Something has changed in the UI judging by view hierarchy. Proceed.
09:13:38.678 [ INFO] maestro.cli.runner.MaestroCommandRunner.runCommands$lambda$2: Tap on "Commencer ·.*" COMPLETED
09:13:38.680 [ INFO] maestro.cli.runner.MaestroCommandRunner.runCommands$lambda$0: Wait for animation to end RUNNING
09:13:38.680 [ INFO] maestro.cli.runner.MaestroCommandRunner.runCommands$lambda$11: Wait for animation to end metadata CommandMetadata(numberOfRuns=null, evaluatedCommand=MaestroCommand(waitForAnimationToEndCommand=WaitForAnimationToEndCommand(timeout=null, label=null, optional=false)), logMessages=[], insight=Insight(message=, level=NONE), aiReasoning=null, labeledCommand=null)
09:13:38.681 [ INFO] maestro.Maestro.waitForAnimationToEnd$lambda$53: Waiting for animation to end with timeout 15000
09:13:38.682 [TRACE] maestro.utils.ScreenshotUtils.takeScreenshot: Taking screenshot to byte array
09:13:38.682 [TRACE] maestro.utils.ScreenshotUtils.takeScreenshot: Taking screenshot to output sink
09:13:38.963 [TRACE] maestro.utils.ScreenshotUtils.takeScreenshot: Taking screenshot to byte array
09:13:38.963 [TRACE] maestro.utils.ScreenshotUtils.takeScreenshot: Taking screenshot to output sink
09:13:39.714 [ INFO] maestro.cli.runner.MaestroCommandRunner.runCommands$lambda$2: Wait for animation to end COMPLETED
09:13:39.714 [ INFO] maestro.cli.runner.MaestroCommandRunner.runCommands$lambda$0: Take screenshot shots/11-question-1 RUNNING
09:13:39.715 [ INFO] maestro.cli.runner.MaestroCommandRunner.runCommands$lambda$11: Take screenshot shots/11-question-1 metadata CommandMetadata(numberOfRuns=null, evaluatedCommand=MaestroCommand(takeScreenshotCommand=TakeScreenshotCommand(path=shots/11-question-1, cropOn=null, label=null, optional=false)), logMessages=[], insight=Insight(message=, level=NONE), aiReasoning=null, labeledCommand=null)
09:13:39.718 [ INFO] maestro.Maestro.takeScreenshot: Taking screenshot
09:13:39.719 [TRACE] maestro.utils.ScreenshotUtils.takeScreenshot: Taking screenshot to output sink
09:13:39.902 [ INFO] maestro.cli.runner.MaestroCommandRunner.runCommands$lambda$2: Take screenshot shots/11-question-1 COMPLETED
09:13:39.903 [ INFO] maestro.cli.runner.MaestroCommandRunner.runCommands$lambda$0: Press Back key RUNNING
09:13:39.908 [ INFO] maestro.cli.runner.MaestroCommandRunner.runCommands$lambda$11: Press Back key metadata CommandMetadata(numberOfRuns=null, evaluatedCommand=MaestroCommand(pressKeyCommand=PressKeyCommand(code=BACK, label=null, optional=false)), logMessages=[], insight=Insight(message=, level=NONE), aiReasoning=null, labeledCommand=null)
09:13:39.909 [ INFO] maestro.Maestro.pressKey: Pressing key BACK
09:13:40.917 [ INFO] maestro.cli.runner.MaestroCommandRunner.runCommands$lambda$2: Press Back key COMPLETED
09:13:40.918 [ INFO] maestro.cli.runner.MaestroCommandRunner.runCommands$lambda$0: Wait for animation to end RUNNING
09:13:40.918 [ INFO] maestro.cli.runner.MaestroCommandRunner.runCommands$lambda$11: Wait for animation to end metadata CommandMetadata(numberOfRuns=null, evaluatedCommand=MaestroCommand(waitForAnimationToEndCommand=WaitForAnimationToEndCommand(timeout=null, label=null, optional=false)), logMessages=[], insight=Insight(message=, level=NONE), aiReasoning=null, labeledCommand=null)
09:13:40.920 [ INFO] maestro.Maestro.waitForAnimationToEnd$lambda$53: Waiting for animation to end with timeout 15000
09:13:40.920 [TRACE] maestro.utils.ScreenshotUtils.takeScreenshot: Taking screenshot to byte array
09:13:40.920 [TRACE] maestro.utils.ScreenshotUtils.takeScreenshot: Taking screenshot to output sink
09:13:41.155 [TRACE] maestro.utils.ScreenshotUtils.takeScreenshot: Taking screenshot to byte array
09:13:41.155 [TRACE] maestro.utils.ScreenshotUtils.takeScreenshot: Taking screenshot to output sink
09:13:41.569 [ INFO] maestro.cli.runner.MaestroCommandRunner.runCommands$lambda$2: Wait for animation to end COMPLETED
09:13:41.569 [ INFO] maestro.cli.runner.MaestroCommandRunner.runCommands$lambda$0: Take screenshot shots/12-retour-android RUNNING
09:13:41.570 [ INFO] maestro.cli.runner.MaestroCommandRunner.runCommands$lambda$11: Take screenshot shots/12-retour-android metadata CommandMetadata(numberOfRuns=null, evaluatedCommand=MaestroCommand(takeScreenshotCommand=TakeScreenshotCommand(path=shots/12-retour-android, cropOn=null, label=null, optional=false)), logMessages=[], insight=Insight(message=, level=NONE), aiReasoning=null, labeledCommand=null)
09:13:41.571 [ INFO] maestro.Maestro.takeScreenshot: Taking screenshot
09:13:41.574 [TRACE] maestro.utils.ScreenshotUtils.takeScreenshot: Taking screenshot to output sink
09:13:42.251 [ INFO] maestro.cli.runner.MaestroCommandRunner.runCommands$lambda$2: Take screenshot shots/12-retour-android COMPLETED
09:13:42.252 [ INFO] maestro.cli.runner.MaestroCommandRunner.runCommands$lambda$0: Tap on (Optional) "Annuler|Cancel" RUNNING
09:13:42.252 [ INFO] maestro.cli.runner.MaestroCommandRunner.runCommands$lambda$11: Tap on (Optional) "Annuler|Cancel" metadata CommandMetadata(numberOfRuns=null, evaluatedCommand=MaestroCommand(tapOnElementCommand=TapOnElementCommand(selector=ElementSelector(textRegex=Annuler|Cancel, idRegex=null, size=null, below=null, above=null, leftOf=null, rightOf=null, containsChild=null, containsDescendants=null, traits=null, index=null, enabled=null, optional=true, selected=null, checked=null, focused=null, childOf=null, css=null), retryIfNoChange=false, waitUntilVisible=false, longPress=false, repeat=null, waitToSettleTimeoutMs=null, relativePoint=null, label=null, optional=true)), logMessages=[], insight=Insight(message=, level=NONE), aiReasoning=null, labeledCommand=null)
09:13:42.358 [ INFO] maestro.Maestro.tap-HgV9Ck0: Tapping on element:  UiElement(treeNode=TreeNode(attributes={text=ANNULER, accessibilityText=, hintText=, ignoreBoundsFiltering=false, resource-id=android:id/button2, clickable=true, bounds=[485,1308][712,1450], enabled=true, focused=false, checked=false, scrollable=false, selected=false, class=android.widget.Button, important-for-accessibility=true, error=}, children=[], clickable=true, enabled=true, focused=false, checked=false, selected=false), bounds=Bounds(x=485, y=1308, width=227, height=142))
09:13:43.842 [ INFO] maestro.Maestro.tap-HgV9Ck0: Tap aimed via settled hierarchy
09:13:43.843 [ INFO] maestro.Maestro.hierarchyBasedTap-ogj28Uc: Tapping at (598, 1379) using hierarchy based logic for wait
09:13:44.989 [ INFO] maestro.Maestro.hierarchyBasedTap-ogj28Uc: Something has changed in the UI judging by view hierarchy. Proceed.
09:13:44.990 [ INFO] maestro.cli.runner.MaestroCommandRunner.runCommands$lambda$2: Tap on (Optional) "Annuler|Cancel" COMPLETED
09:13:44.990 [ INFO] maestro.cli.runner.MaestroCommandRunner.runCommands$lambda$0: Repeat 14 times RUNNING
09:13:44.997 [ INFO] maestro.cli.runner.MaestroCommandRunner.runCommands$lambda$11: Repeat 14 times metadata CommandMetadata(numberOfRuns=null, evaluatedCommand=MaestroCommand(repeatCommand=RepeatCommand(times=14, condition=null, commands=[MaestroCommand(tapOnPointV2Command=TapOnPointV2Command(point=50%,38%, retryIfNoChange=false, longPress=false, repeat=null, waitToSettleTimeoutMs=null, label=null, optional=true)), MaestroCommand(tapOnElementCommand=TapOnElementCommand(selector=ElementSelector(textRegex=Vérifier, idRegex=null, size=null, below=null, above=null, leftOf=null, rightOf=null, containsChild=null, containsDescendants=null, traits=null, index=null, enabled=null, optional=true, selected=null, checked=null, focused=null, childOf=null, css=null), retryIfNoChange=false, waitUntilVisible=false, longPress=false, repeat=null, waitToSettleTimeoutMs=null, relativePoint=null, label=null, optional=true)), MaestroCommand(waitForAnimationToEndCommand=WaitForAnimationToEndCommand(timeout=null, label=null, optional=false)), MaestroCommand(takeScreenshotCommand=TakeScreenshotCommand(path=shots/13-verdict, cropOn=null, label=null, optional=false)), MaestroCommand(tapOnElementCommand=TapOnElementCommand(selector=ElementSelector(textRegex=Continuer|Décision suivante|Voir le bilan, idRegex=null, size=null, below=null, above=null, leftOf=null, rightOf=null, containsChild=null, containsDescendants=null, traits=null, index=null, enabled=null, optional=true, selected=null, checked=null, focused=null, childOf=null, css=null), retryIfNoChange=false, waitUntilVisible=false, longPress=false, repeat=null, waitToSettleTimeoutMs=null, relativePoint=null, label=null, optional=true)), MaestroCommand(waitForAnimationToEndCommand=WaitForAnimationToEndCommand(timeout=null, label=null, optional=false))], label=null, optional=false)), logMessages=[], insight=Insight(message=, level=NONE), aiReasoning=null, labeledCommand=null)
09:13:44.999 [ INFO] maestro.cli.runner.MaestroCommandRunner.runCommands$lambda$0: Tap on point (50%,38%) RUNNING
09:13:45.000 [ INFO] maestro.cli.runner.MaestroCommandRunner.runCommands$lambda$11: Tap on point (50%,38%) metadata CommandMetadata(numberOfRuns=null, evaluatedCommand=MaestroCommand(tapOnPointV2Command=TapOnPointV2Command(point=50%,38%, retryIfNoChange=false, longPress=false, repeat=null, waitToSettleTimeoutMs=null, label=null, optional=true)), logMessages=[], insight=Insight(message=, level=NONE), aiReasoning=null, labeledCommand=null)
09:13:45.035 [ INFO] maestro.Maestro.hierarchyBasedTap-ogj28Uc: Tapping at (540, 912) using hierarchy based logic for wait
09:13:45.950 [ INFO] maestro.Maestro.hierarchyBasedTap-ogj28Uc: Something has changed in the UI judging by view hierarchy. Proceed.
09:13:45.950 [ INFO] maestro.cli.runner.MaestroCommandRunner.runCommands$lambda$2: Tap on point (50%,38%) COMPLETED
09:13:45.951 [ INFO] maestro.cli.runner.MaestroCommandRunner.runCommands$lambda$0: Tap on (Optional) "Vérifier" RUNNING
09:13:45.951 [ INFO] maestro.cli.runner.MaestroCommandRunner.runCommands$lambda$11: Tap on (Optional) "Vérifier" metadata CommandMetadata(numberOfRuns=null, evaluatedCommand=MaestroCommand(tapOnElementCommand=TapOnElementCommand(selector=ElementSelector(textRegex=Vérifier, idRegex=null, size=null, below=null, above=null, leftOf=null, rightOf=null, containsChild=null, containsDescendants=null, traits=null, index=null, enabled=null, optional=true, selected=null, checked=null, focused=null, childOf=null, css=null), retryIfNoChange=false, waitUntilVisible=false, longPress=false, repeat=null, waitToSettleTimeoutMs=null, relativePoint=null, label=null, optional=true)), logMessages=[], insight=Insight(message=, level=NONE), aiReasoning=null, labeledCommand=null)
09:13:46.038 [ INFO] maestro.Maestro.tap-HgV9Ck0: Tapping on element:  UiElement(treeNode=TreeNode(attributes={text=Vérifier, accessibilityText=, hintText=, ignoreBoundsFiltering=false, resource-id=, clickable=false, bounds=[464,2236][617,2292], enabled=true, focused=false, checked=false, scrollable=false, selected=false, class=android.widget.TextView, important-for-accessibility=true, error=}, children=[], clickable=false, enabled=true, focused=false, checked=false, selected=false), bounds=Bounds(x=464, y=2236, width=153, height=56))
09:13:47.250 [ INFO] maestro.Maestro.tap-HgV9Ck0: Tap aimed via settled hierarchy
09:13:47.251 [ INFO] maestro.Maestro.hierarchyBasedTap-ogj28Uc: Tapping at (540, 2264) using hierarchy based logic for wait
09:13:48.818 [ INFO] maestro.Maestro.hierarchyBasedTap-ogj28Uc: Something has changed in the UI judging by view hierarchy. Proceed.
09:13:48.818 [ INFO] maestro.cli.runner.MaestroCommandRunner.runCommands$lambda$2: Tap on (Optional) "Vérifier" COMPLETED
09:13:48.819 [ INFO] maestro.cli.runner.MaestroCommandRunner.runCommands$lambda$0: Wait for animation to end RUNNING
09:13:48.819 [ INFO] maestro.cli.runner.MaestroCommandRunner.runCommands$lambda$11: Wait for animation to end metadata CommandMetadata(numberOfRuns=null, evaluatedCommand=MaestroCommand(waitForAnimationToEndCommand=WaitForAnimationToEndCommand(timeout=null, label=null, optional=false)), logMessages=[], insight=Insight(message=, level=NONE), aiReasoning=null, labeledCommand=null)
09:13:48.820 [ INFO] maestro.Maestro.waitForAnimationToEnd$lambda$53: Waiting for animation to end with timeout 15000
09:13:48.820 [TRACE] maestro.utils.ScreenshotUtils.takeScreenshot: Taking screenshot to byte array
09:13:48.820 [TRACE] maestro.utils.ScreenshotUtils.takeScreenshot: Taking screenshot to output sink
09:13:49.044 [TRACE] maestro.utils.ScreenshotUtils.takeScreenshot: Taking screenshot to byte array
09:13:49.044 [TRACE] maestro.utils.ScreenshotUtils.takeScreenshot: Taking screenshot to output sink
09:13:49.725 [ INFO] maestro.cli.runner.MaestroCommandRunner.runCommands$lambda$2: Wait for animation to end COMPLETED
09:13:49.725 [ INFO] maestro.cli.runner.MaestroCommandRunner.runCommands$lambda$0: Take screenshot shots/13-verdict RUNNING
09:13:49.726 [ INFO] maestro.cli.runner.MaestroCommandRunner.runCommands$lambda$11: Take screenshot shots/13-verdict metadata CommandMetadata(numberOfRuns=null, evaluatedCommand=MaestroCommand(takeScreenshotCommand=TakeScreenshotCommand(path=shots/13-verdict, cropOn=null, label=null, optional=false)), logMessages=[], insight=Insight(message=, level=NONE), aiReasoning=null, labeledCommand=null)
09:13:49.727 [ INFO] maestro.Maestro.takeScreenshot: Taking screenshot
09:13:49.728 [TRACE] maestro.utils.ScreenshotUtils.takeScreenshot: Taking screenshot to output sink
09:13:50.061 [ INFO] maestro.cli.runner.MaestroCommandRunner.runCommands$lambda$2: Take screenshot shots/13-verdict COMPLETED
09:13:50.062 [ INFO] maestro.cli.runner.MaestroCommandRunner.runCommands$lambda$0: Tap on (Optional) "Continuer|Décision suivante|Voir le bilan" RUNNING
09:13:50.063 [ INFO] maestro.cli.runner.MaestroCommandRunner.runCommands$lambda$11: Tap on (Optional) "Continuer|Décision suivante|Voir le bilan" metadata CommandMetadata(numberOfRuns=null, evaluatedCommand=MaestroCommand(tapOnElementCommand=TapOnElementCommand(selector=ElementSelector(textRegex=Continuer|Décision suivante|Voir le bilan, idRegex=null, size=null, below=null, above=null, leftOf=null, rightOf=null, containsChild=null, containsDescendants=null, traits=null, index=null, enabled=null, optional=true, selected=null, checked=null, focused=null, childOf=null, css=null), retryIfNoChange=false, waitUntilVisible=false, longPress=false, repeat=null, waitToSettleTimeoutMs=null, relativePoint=null, label=null, optional=true)), logMessages=[], insight=Insight(message=, level=NONE), aiReasoning=null, labeledCommand=null)
09:13:50.191 [ INFO] maestro.Maestro.tap-HgV9Ck0: Tapping on element:  UiElement(treeNode=TreeNode(attributes={text=Continuer, accessibilityText=, hintText=, ignoreBoundsFiltering=false, resource-id=, clickable=false, bounds=[438,2237][642,2293], enabled=true, focused=false, checked=false, scrollable=false, selected=false, class=android.widget.TextView, important-for-accessibility=true, error=}, children=[], clickable=false, enabled=true, focused=false, checked=false, selected=false), bounds=Bounds(x=438, y=2237, width=204, height=56))
09:13:51.438 [ INFO] maestro.Maestro.tap-HgV9Ck0: Tap aimed via settled hierarchy
09:13:51.439 [ INFO] maestro.Maestro.hierarchyBasedTap-ogj28Uc: Tapping at (540, 2265) using hierarchy based logic for wait
09:13:52.381 [ INFO] maestro.Maestro.hierarchyBasedTap-ogj28Uc: Something has changed in the UI judging by view hierarchy. Proceed.
09:13:52.382 [ INFO] maestro.cli.runner.MaestroCommandRunner.runCommands$lambda$2: Tap on (Optional) "Continuer|Décision suivante|Voir le bilan" COMPLETED
09:13:52.382 [ INFO] maestro.cli.runner.MaestroCommandRunner.runCommands$lambda$0: Wait for animation to end RUNNING
09:13:52.383 [ INFO] maestro.cli.runner.MaestroCommandRunner.runCommands$lambda$11: Wait for animation to end metadata CommandMetadata(numberOfRuns=null, evaluatedCommand=MaestroCommand(waitForAnimationToEndCommand=WaitForAnimationToEndCommand(timeout=null, label=null, optional=false)), logMessages=[], insight=Insight(message=, level=NONE), aiReasoning=null, labeledCommand=null)
09:13:52.383 [ INFO] maestro.Maestro.waitForAnimationToEnd$lambda$53: Waiting for animation to end with timeout 15000
09:13:52.383 [TRACE] maestro.utils.ScreenshotUtils.takeScreenshot: Taking screenshot to byte array
09:13:52.383 [TRACE] maestro.utils.ScreenshotUtils.takeScreenshot: Taking screenshot to output sink
09:13:52.614 [TRACE] maestro.utils.ScreenshotUtils.takeScreenshot: Taking screenshot to byte array
09:13:52.614 [TRACE] maestro.utils.ScreenshotUtils.takeScreenshot: Taking screenshot to output sink
09:13:53.043 [ INFO] maestro.cli.runner.MaestroCommandRunner.runCommands$lambda$2: Wait for animation to end COMPLETED
09:13:53.044 [ INFO] maestro.cli.runner.MaestroCommandRunner.runCommands$lambda$11: Repeat 14 times metadata CommandMetadata(numberOfRuns=1, evaluatedCommand=MaestroCommand(repeatCommand=RepeatCommand(times=14, condition=null, commands=[MaestroCommand(tapOnPointV2Command=TapOnPointV2Command(point=50%,38%, retryIfNoChange=false, longPress=false, repeat=null, waitToSettleTimeoutMs=null, label=null, optional=true)), MaestroCommand(tapOnElementCommand=TapOnElementCommand(selector=ElementSelector(textRegex=Vérifier, idRegex=null, size=null, below=null, above=null, leftOf=null, rightOf=null, containsChild=null, containsDescendants=null, traits=null, index=null, enabled=null, optional=true, selected=null, checked=null, focused=null, childOf=null, css=null), retryIfNoChange=false, waitUntilVisible=false, longPress=false, repeat=null, waitToSettleTimeoutMs=null, relativePoint=null, label=null, optional=true)), MaestroCommand(waitForAnimationToEndCommand=WaitForAnimationToEndCommand(timeout=null, label=null, optional=false)), MaestroCommand(takeScreenshotCommand=TakeScreenshotCommand(path=shots/13-verdict, cropOn=null, label=null, optional=false)), MaestroCommand(tapOnElementCommand=TapOnElementCommand(selector=ElementSelector(textRegex=Continuer|Décision suivante|Voir le bilan, idRegex=null, size=null, below=null, above=null, leftOf=null, rightOf=null, containsChild=null, containsDescendants=null, traits=null, index=null, enabled=null, optional=true, selected=null, checked=null, focused=null, childOf=null, css=null), retryIfNoChange=false, waitUntilVisible=false, longPress=false, repeat=null, waitToSettleTimeoutMs=null, relativePoint=null, label=null, optional=true)), MaestroCommand(waitForAnimationToEndCommand=WaitForAnimationToEndCommand(timeout=null, label=null, optional=false))], label=null, optional=false)), logMessages=[], insight=Insight(message=, level=NONE), aiReasoning=null, labeledCommand=null)
09:13:53.044 [ INFO] maestro.cli.runner.MaestroCommandRunner.runCommands$lambda$10: Tap on point (50%,38%) PENDING
09:13:53.045 [ INFO] maestro.cli.runner.MaestroCommandRunner.runCommands$lambda$10: Tap on (Optional) "Vérifier" PENDING
09:13:53.045 [ INFO] maestro.cli.runner.MaestroCommandRunner.runCommands$lambda$10: Wait for animation to end PENDING
09:13:53.045 [ INFO] maestro.cli.runner.MaestroCommandRunner.runCommands$lambda$10: Take screenshot shots/13-verdict PENDING
09:13:53.045 [ INFO] maestro.cli.runner.MaestroCommandRunner.runCommands$lambda$10: Tap on (Optional) "Continuer|Décision suivante|Voir le bilan" PENDING
09:13:53.046 [ INFO] maestro.cli.runner.MaestroCommandRunner.runCommands$lambda$10: Wait for animation to end PENDING
09:13:53.046 [ INFO] maestro.cli.runner.MaestroCommandRunner.runCommands$lambda$0: Tap on point (50%,38%) RUNNING
09:13:53.046 [ INFO] maestro.cli.runner.MaestroCommandRunner.runCommands$lambda$11: Tap on point (50%,38%) metadata CommandMetadata(numberOfRuns=null, evaluatedCommand=MaestroCommand(tapOnPointV2Command=TapOnPointV2Command(point=50%,38%, retryIfNoChange=false, longPress=false, repeat=null, waitToSettleTimeoutMs=null, label=null, optional=true)), logMessages=[], insight=Insight(message=, level=NONE), aiReasoning=null, labeledCommand=null)
09:13:53.054 [ INFO] maestro.Maestro.hierarchyBasedTap-ogj28Uc: Tapping at (540, 912) using hierarchy based logic for wait
09:13:54.024 [ INFO] maestro.Maestro.hierarchyBasedTap-ogj28Uc: Something has changed in the UI judging by view hierarchy. Proceed.
09:13:54.024 [ INFO] maestro.cli.runner.MaestroCommandRunner.runCommands$lambda$2: Tap on point (50%,38%) COMPLETED
09:13:54.024 [ INFO] maestro.cli.runner.MaestroCommandRunner.runCommands$lambda$0: Tap on (Optional) "Vérifier" RUNNING
09:13:54.025 [ INFO] maestro.cli.runner.MaestroCommandRunner.runCommands$lambda$11: Tap on (Optional) "Vérifier" metadata CommandMetadata(numberOfRuns=null, evaluatedCommand=MaestroCommand(tapOnElementCommand=TapOnElementCommand(selector=ElementSelector(textRegex=Vérifier, idRegex=null, size=null, below=null, above=null, leftOf=null, rightOf=null, containsChild=null, containsDescendants=null, traits=null, index=null, enabled=null, optional=true, selected=null, checked=null, focused=null, childOf=null, css=null), retryIfNoChange=false, waitUntilVisible=false, longPress=false, repeat=null, waitToSettleTimeoutMs=null, relativePoint=null, label=null, optional=true)), logMessages=[], insight=Insight(message=, level=NONE), aiReasoning=null, labeledCommand=null)
09:13:54.110 [ INFO] maestro.Maestro.tap-HgV9Ck0: Tapping on element:  UiElement(treeNode=TreeNode(attributes={text=Vérifier, accessibilityText=, hintText=, ignoreBoundsFiltering=false, resource-id=, clickable=false, bounds=[464,2236][617,2292], enabled=true, focused=false, checked=false, scrollable=false, selected=false, class=android.widget.TextView, important-for-accessibility=true, error=}, children=[], clickable=false, enabled=true, focused=false, checked=false, selected=false), bounds=Bounds(x=464, y=2236, width=153, height=56))
09:13:55.350 [ INFO] maestro.Maestro.tap-HgV9Ck0: Tap aimed via settled hierarchy
09:13:55.351 [ INFO] maestro.Maestro.hierarchyBasedTap-ogj28Uc: Tapping at (540, 2264) using hierarchy based logic for wait
09:13:56.818 [ INFO] maestro.Maestro.hierarchyBasedTap-ogj28Uc: Something has changed in the UI judging by view hierarchy. Proceed.
09:13:56.818 [ INFO] maestro.cli.runner.MaestroCommandRunner.runCommands$lambda$2: Tap on (Optional) "Vérifier" COMPLETED
09:13:56.818 [ INFO] maestro.cli.runner.MaestroCommandRunner.runCommands$lambda$0: Wait for animation to end RUNNING
09:13:56.818 [ INFO] maestro.cli.runner.MaestroCommandRunner.runCommands$lambda$11: Wait for animation to end metadata CommandMetadata(numberOfRuns=null, evaluatedCommand=MaestroCommand(waitForAnimationToEndCommand=WaitForAnimationToEndCommand(timeout=null, label=null, optional=false)), logMessages=[], insight=Insight(message=, level=NONE), aiReasoning=null, labeledCommand=null)
09:13:56.819 [ INFO] maestro.Maestro.waitForAnimationToEnd$lambda$53: Waiting for animation to end with timeout 15000
09:13:56.819 [TRACE] maestro.utils.ScreenshotUtils.takeScreenshot: Taking screenshot to byte array
09:13:56.819 [TRACE] maestro.utils.ScreenshotUtils.takeScreenshot: Taking screenshot to output sink
09:13:57.021 [TRACE] maestro.utils.ScreenshotUtils.takeScreenshot: Taking screenshot to byte array
09:13:57.021 [TRACE] maestro.utils.ScreenshotUtils.takeScreenshot: Taking screenshot to output sink
09:13:57.543 [ INFO] maestro.cli.runner.MaestroCommandRunner.runCommands$lambda$2: Wait for animation to end COMPLETED
09:13:57.543 [ INFO] maestro.cli.runner.MaestroCommandRunner.runCommands$lambda$0: Take screenshot shots/13-verdict RUNNING
09:13:57.543 [ INFO] maestro.cli.runner.MaestroCommandRunner.runCommands$lambda$11: Take screenshot shots/13-verdict metadata CommandMetadata(numberOfRuns=null, evaluatedCommand=MaestroCommand(takeScreenshotCommand=TakeScreenshotCommand(path=shots/13-verdict, cropOn=null, label=null, optional=false)), logMessages=[], insight=Insight(message=, level=NONE), aiReasoning=null, labeledCommand=null)
09:13:57.544 [ INFO] maestro.Maestro.takeScreenshot: Taking screenshot
09:13:57.544 [TRACE] maestro.utils.ScreenshotUtils.takeScreenshot: Taking screenshot to output sink
09:13:58.053 [ INFO] maestro.cli.runner.MaestroCommandRunner.runCommands$lambda$2: Take screenshot shots/13-verdict COMPLETED
09:13:58.054 [ INFO] maestro.cli.runner.MaestroCommandRunner.runCommands$lambda$0: Tap on (Optional) "Continuer|Décision suivante|Voir le bilan" RUNNING
09:13:58.054 [ INFO] maestro.cli.runner.MaestroCommandRunner.runCommands$lambda$11: Tap on (Optional) "Continuer|Décision suivante|Voir le bilan" metadata CommandMetadata(numberOfRuns=null, evaluatedCommand=MaestroCommand(tapOnElementCommand=TapOnElementCommand(selector=ElementSelector(textRegex=Continuer|Décision suivante|Voir le bilan, idRegex=null, size=null, below=null, above=null, leftOf=null, rightOf=null, containsChild=null, containsDescendants=null, traits=null, index=null, enabled=null, optional=true, selected=null, checked=null, focused=null, childOf=null, css=null), retryIfNoChange=false, waitUntilVisible=false, longPress=false, repeat=null, waitToSettleTimeoutMs=null, relativePoint=null, label=null, optional=true)), logMessages=[], insight=Insight(message=, level=NONE), aiReasoning=null, labeledCommand=null)
09:13:58.170 [ INFO] maestro.Maestro.tap-HgV9Ck0: Tapping on element:  UiElement(treeNode=TreeNode(attributes={text=Continuer, accessibilityText=, hintText=, ignoreBoundsFiltering=false, resource-id=, clickable=false, bounds=[438,2237][642,2293], enabled=true, focused=false, checked=false, scrollable=false, selected=false, class=android.widget.TextView, important-for-accessibility=true, error=}, children=[], clickable=false, enabled=true, focused=false, checked=false, selected=false), bounds=Bounds(x=438, y=2237, width=204, height=56))
09:13:59.425 [ INFO] maestro.Maestro.tap-HgV9Ck0: Tap aimed via settled hierarchy
09:13:59.426 [ INFO] maestro.Maestro.hierarchyBasedTap-ogj28Uc: Tapping at (540, 2265) using hierarchy based logic for wait
09:14:00.879 [ INFO] maestro.Maestro.hierarchyBasedTap-ogj28Uc: Something has changed in the UI judging by view hierarchy. Proceed.
09:14:00.880 [ INFO] maestro.cli.runner.MaestroCommandRunner.runCommands$lambda$2: Tap on (Optional) "Continuer|Décision suivante|Voir le bilan" COMPLETED
09:14:00.881 [ INFO] maestro.cli.runner.MaestroCommandRunner.runCommands$lambda$0: Wait for animation to end RUNNING
09:14:00.881 [ INFO] maestro.cli.runner.MaestroCommandRunner.runCommands$lambda$11: Wait for animation to end metadata CommandMetadata(numberOfRuns=null, evaluatedCommand=MaestroCommand(waitForAnimationToEndCommand=WaitForAnimationToEndCommand(timeout=null, label=null, optional=false)), logMessages=[], insight=Insight(message=, level=NONE), aiReasoning=null, labeledCommand=null)
09:14:00.882 [ INFO] maestro.Maestro.waitForAnimationToEnd$lambda$53: Waiting for animation to end with timeout 15000
09:14:00.882 [TRACE] maestro.utils.ScreenshotUtils.takeScreenshot: Taking screenshot to byte array
09:14:00.882 [TRACE] maestro.utils.ScreenshotUtils.takeScreenshot: Taking screenshot to output sink
09:14:01.080 [TRACE] maestro.utils.ScreenshotUtils.takeScreenshot: Taking screenshot to byte array
09:14:01.080 [TRACE] maestro.utils.ScreenshotUtils.takeScreenshot: Taking screenshot to output sink
09:14:01.455 [ INFO] maestro.cli.runner.MaestroCommandRunner.runCommands$lambda$2: Wait for animation to end COMPLETED
09:14:01.456 [ INFO] maestro.cli.runner.MaestroCommandRunner.runCommands$lambda$11: Repeat 14 times metadata CommandMetadata(numberOfRuns=2, evaluatedCommand=MaestroCommand(repeatCommand=RepeatCommand(times=14, condition=null, commands=[MaestroCommand(tapOnPointV2Command=TapOnPointV2Command(point=50%,38%, retryIfNoChange=false, longPress=false, repeat=null, waitToSettleTimeoutMs=null, label=null, optional=true)), MaestroCommand(tapOnElementCommand=TapOnElementCommand(selector=ElementSelector(textRegex=Vérifier, idRegex=null, size=null, below=null, above=null, leftOf=null, rightOf=null, containsChild=null, containsDescendants=null, traits=null, index=null, enabled=null, optional=true, selected=null, checked=null, focused=null, childOf=null, css=null), retryIfNoChange=false, waitUntilVisible=false, longPress=false, repeat=null, waitToSettleTimeoutMs=null, relativePoint=null, label=null, optional=true)), MaestroCommand(waitForAnimationToEndCommand=WaitForAnimationToEndCommand(timeout=null, label=null, optional=false)), MaestroCommand(takeScreenshotCommand=TakeScreenshotCommand(path=shots/13-verdict, cropOn=null, label=null, optional=false)), MaestroCommand(tapOnElementCommand=TapOnElementCommand(selector=ElementSelector(textRegex=Continuer|Décision suivante|Voir le bilan, idRegex=null, size=null, below=null, above=null, leftOf=null, rightOf=null, containsChild=null, containsDescendants=null, traits=null, index=null, enabled=null, optional=true, selected=null, checked=null, focused=null, childOf=null, css=null), retryIfNoChange=false, waitUntilVisible=false, longPress=false, repeat=null, waitToSettleTimeoutMs=null, relativePoint=null, label=null, optional=true)), MaestroCommand(waitForAnimationToEndCommand=WaitForAnimationToEndCommand(timeout=null, label=null, optional=false))], label=null, optional=false)), logMessages=[], insight=Insight(message=, level=NONE), aiReasoning=null, labeledCommand=null)
09:14:01.457 [ INFO] maestro.cli.runner.MaestroCommandRunner.runCommands$lambda$10: Tap on point (50%,38%) PENDING
09:14:01.457 [ INFO] maestro.cli.runner.MaestroCommandRunner.runCommands$lambda$10: Tap on (Optional) "Vérifier" PENDING
09:14:01.457 [ INFO] maestro.cli.runner.MaestroCommandRunner.runCommands$lambda$10: Wait for animation to end PENDING
09:14:01.457 [ INFO] maestro.cli.runner.MaestroCommandRunner.runCommands$lambda$10: Take screenshot shots/13-verdict PENDING
09:14:01.457 [ INFO] maestro.cli.runner.MaestroCommandRunner.runCommands$lambda$10: Tap on (Optional) "Continuer|Décision suivante|Voir le bilan" PENDING
09:14:01.458 [ INFO] maestro.cli.runner.MaestroCommandRunner.runCommands$lambda$10: Wait for animation to end PENDING
09:14:01.458 [ INFO] maestro.cli.runner.MaestroCommandRunner.runCommands$lambda$0: Tap on point (50%,38%) RUNNING
09:14:01.458 [ INFO] maestro.cli.runner.MaestroCommandRunner.runCommands$lambda$11: Tap on point (50%,38%) metadata CommandMetadata(numberOfRuns=null, evaluatedCommand=MaestroCommand(tapOnPointV2Command=TapOnPointV2Command(point=50%,38%, retryIfNoChange=false, longPress=false, repeat=null, waitToSettleTimeoutMs=null, label=null, optional=true)), logMessages=[], insight=Insight(message=, level=NONE), aiReasoning=null, labeledCommand=null)
09:14:01.469 [ INFO] maestro.Maestro.hierarchyBasedTap-ogj28Uc: Tapping at (540, 912) using hierarchy based logic for wait
09:14:02.521 [ INFO] maestro.Maestro.hierarchyBasedTap-ogj28Uc: Something has changed in the UI judging by view hierarchy. Proceed.
09:14:02.521 [ INFO] maestro.cli.runner.MaestroCommandRunner.runCommands$lambda$2: Tap on point (50%,38%) COMPLETED
09:14:02.522 [ INFO] maestro.cli.runner.MaestroCommandRunner.runCommands$lambda$0: Tap on (Optional) "Vérifier" RUNNING
09:14:02.522 [ INFO] maestro.cli.runner.MaestroCommandRunner.runCommands$lambda$11: Tap on (Optional) "Vérifier" metadata CommandMetadata(numberOfRuns=null, evaluatedCommand=MaestroCommand(tapOnElementCommand=TapOnElementCommand(selector=ElementSelector(textRegex=Vérifier, idRegex=null, size=null, below=null, above=null, leftOf=null, rightOf=null, containsChild=null, containsDescendants=null, traits=null, index=null, enabled=null, optional=true, selected=null, checked=null, focused=null, childOf=null, css=null), retryIfNoChange=false, waitUntilVisible=false, longPress=false, repeat=null, waitToSettleTimeoutMs=null, relativePoint=null, label=null, optional=true)), logMessages=[], insight=Insight(message=, level=NONE), aiReasoning=null, labeledCommand=null)
09:14:02.602 [ INFO] maestro.Maestro.tap-HgV9Ck0: Tapping on element:  UiElement(treeNode=TreeNode(attributes={text=Vérifier, accessibilityText=, hintText=, ignoreBoundsFiltering=false, resource-id=, clickable=false, bounds=[464,2236][617,2292], enabled=true, focused=false, checked=false, scrollable=false, selected=false, class=android.widget.TextView, important-for-accessibility=true, error=}, children=[], clickable=false, enabled=true, focused=false, checked=false, selected=false), bounds=Bounds(x=464, y=2236, width=153, height=56))
09:14:03.885 [ INFO] maestro.Maestro.tap-HgV9Ck0: Tap aimed via settled hierarchy
09:14:03.886 [ INFO] maestro.Maestro.hierarchyBasedTap-ogj28Uc: Tapping at (540, 2264) using hierarchy based logic for wait
09:14:05.305 [ INFO] maestro.Maestro.hierarchyBasedTap-ogj28Uc: Something has changed in the UI judging by view hierarchy. Proceed.
09:14:05.306 [ INFO] maestro.cli.runner.MaestroCommandRunner.runCommands$lambda$2: Tap on (Optional) "Vérifier" COMPLETED
09:14:05.306 [ INFO] maestro.cli.runner.MaestroCommandRunner.runCommands$lambda$0: Wait for animation to end RUNNING
09:14:05.307 [ INFO] maestro.cli.runner.MaestroCommandRunner.runCommands$lambda$11: Wait for animation to end metadata CommandMetadata(numberOfRuns=null, evaluatedCommand=MaestroCommand(waitForAnimationToEndCommand=WaitForAnimationToEndCommand(timeout=null, label=null, optional=false)), logMessages=[], insight=Insight(message=, level=NONE), aiReasoning=null, labeledCommand=null)
09:14:05.307 [ INFO] maestro.Maestro.waitForAnimationToEnd$lambda$53: Waiting for animation to end with timeout 15000
09:14:05.307 [TRACE] maestro.utils.ScreenshotUtils.takeScreenshot: Taking screenshot to byte array
09:14:05.307 [TRACE] maestro.utils.ScreenshotUtils.takeScreenshot: Taking screenshot to output sink
09:14:05.507 [TRACE] maestro.utils.ScreenshotUtils.takeScreenshot: Taking screenshot to byte array
09:14:05.507 [TRACE] maestro.utils.ScreenshotUtils.takeScreenshot: Taking screenshot to output sink
09:14:05.950 [ INFO] maestro.cli.runner.MaestroCommandRunner.runCommands$lambda$2: Wait for animation to end COMPLETED
09:14:05.951 [ INFO] maestro.cli.runner.MaestroCommandRunner.runCommands$lambda$0: Take screenshot shots/13-verdict RUNNING
09:14:05.952 [ INFO] maestro.cli.runner.MaestroCommandRunner.runCommands$lambda$11: Take screenshot shots/13-verdict metadata CommandMetadata(numberOfRuns=null, evaluatedCommand=MaestroCommand(takeScreenshotCommand=TakeScreenshotCommand(path=shots/13-verdict, cropOn=null, label=null, optional=false)), logMessages=[], insight=Insight(message=, level=NONE), aiReasoning=null, labeledCommand=null)
09:14:05.954 [ INFO] maestro.Maestro.takeScreenshot: Taking screenshot
09:14:05.957 [TRACE] maestro.utils.ScreenshotUtils.takeScreenshot: Taking screenshot to output sink
09:14:06.554 [ INFO] maestro.cli.runner.MaestroCommandRunner.runCommands$lambda$2: Take screenshot shots/13-verdict COMPLETED
09:14:06.555 [ INFO] maestro.cli.runner.MaestroCommandRunner.runCommands$lambda$0: Tap on (Optional) "Continuer|Décision suivante|Voir le bilan" RUNNING
09:14:06.555 [ INFO] maestro.cli.runner.MaestroCommandRunner.runCommands$lambda$11: Tap on (Optional) "Continuer|Décision suivante|Voir le bilan" metadata CommandMetadata(numberOfRuns=null, evaluatedCommand=MaestroCommand(tapOnElementCommand=TapOnElementCommand(selector=ElementSelector(textRegex=Continuer|Décision suivante|Voir le bilan, idRegex=null, size=null, below=null, above=null, leftOf=null, rightOf=null, containsChild=null, containsDescendants=null, traits=null, index=null, enabled=null, optional=true, selected=null, checked=null, focused=null, childOf=null, css=null), retryIfNoChange=false, waitUntilVisible=false, longPress=false, repeat=null, waitToSettleTimeoutMs=null, relativePoint=null, label=null, optional=true)), logMessages=[], insight=Insight(message=, level=NONE), aiReasoning=null, labeledCommand=null)
09:14:06.676 [ INFO] maestro.Maestro.tap-HgV9Ck0: Tapping on element:  UiElement(treeNode=TreeNode(attributes={text=Continuer, accessibilityText=, hintText=, ignoreBoundsFiltering=false, resource-id=, clickable=false, bounds=[438,2237][642,2293], enabled=true, focused=false, checked=false, scrollable=false, selected=false, class=android.widget.TextView, important-for-accessibility=true, error=}, children=[], clickable=false, enabled=true, focused=false, checked=false, selected=false), bounds=Bounds(x=438, y=2237, width=204, height=56))
09:14:07.879 [ INFO] maestro.Maestro.tap-HgV9Ck0: Tap aimed via settled hierarchy
09:14:07.880 [ INFO] maestro.Maestro.hierarchyBasedTap-ogj28Uc: Tapping at (540, 2265) using hierarchy based logic for wait
09:14:08.789 [ INFO] maestro.Maestro.hierarchyBasedTap-ogj28Uc: Something has changed in the UI judging by view hierarchy. Proceed.
09:14:08.789 [ INFO] maestro.cli.runner.MaestroCommandRunner.runCommands$lambda$2: Tap on (Optional) "Continuer|Décision suivante|Voir le bilan" COMPLETED
09:14:08.789 [ INFO] maestro.cli.runner.MaestroCommandRunner.runCommands$lambda$0: Wait for animation to end RUNNING
09:14:08.790 [ INFO] maestro.cli.runner.MaestroCommandRunner.runCommands$lambda$11: Wait for animation to end metadata CommandMetadata(numberOfRuns=null, evaluatedCommand=MaestroCommand(waitForAnimationToEndCommand=WaitForAnimationToEndCommand(timeout=null, label=null, optional=false)), logMessages=[], insight=Insight(message=, level=NONE), aiReasoning=null, labeledCommand=null)
09:14:08.790 [ INFO] maestro.Maestro.waitForAnimationToEnd$lambda$53: Waiting for animation to end with timeout 15000
09:14:08.791 [TRACE] maestro.utils.ScreenshotUtils.takeScreenshot: Taking screenshot to byte array
09:14:08.791 [TRACE] maestro.utils.ScreenshotUtils.takeScreenshot: Taking screenshot to output sink
09:14:09.018 [TRACE] maestro.utils.ScreenshotUtils.takeScreenshot: Taking screenshot to byte array
09:14:09.018 [TRACE] maestro.utils.ScreenshotUtils.takeScreenshot: Taking screenshot to output sink
09:14:09.437 [ INFO] maestro.cli.runner.MaestroCommandRunner.runCommands$lambda$2: Wait for animation to end COMPLETED
09:14:09.438 [ INFO] maestro.cli.runner.MaestroCommandRunner.runCommands$lambda$11: Repeat 14 times metadata CommandMetadata(numberOfRuns=3, evaluatedCommand=MaestroCommand(repeatCommand=RepeatCommand(times=14, condition=null, commands=[MaestroCommand(tapOnPointV2Command=TapOnPointV2Command(point=50%,38%, retryIfNoChange=false, longPress=false, repeat=null, waitToSettleTimeoutMs=null, label=null, optional=true)), MaestroCommand(tapOnElementCommand=TapOnElementCommand(selector=ElementSelector(textRegex=Vérifier, idRegex=null, size=null, below=null, above=null, leftOf=null, rightOf=null, containsChild=null, containsDescendants=null, traits=null, index=null, enabled=null, optional=true, selected=null, checked=null, focused=null, childOf=null, css=null), retryIfNoChange=false, waitUntilVisible=false, longPress=false, repeat=null, waitToSettleTimeoutMs=null, relativePoint=null, label=null, optional=true)), MaestroCommand(waitForAnimationToEndCommand=WaitForAnimationToEndCommand(timeout=null, label=null, optional=false)), MaestroCommand(takeScreenshotCommand=TakeScreenshotCommand(path=shots/13-verdict, cropOn=null, label=null, optional=false)), MaestroCommand(tapOnElementCommand=TapOnElementCommand(selector=ElementSelector(textRegex=Continuer|Décision suivante|Voir le bilan, idRegex=null, size=null, below=null, above=null, leftOf=null, rightOf=null, containsChild=null, containsDescendants=null, traits=null, index=null, enabled=null, optional=true, selected=null, checked=null, focused=null, childOf=null, css=null), retryIfNoChange=false, waitUntilVisible=false, longPress=false, repeat=null, waitToSettleTimeoutMs=null, relativePoint=null, label=null, optional=true)), MaestroCommand(waitForAnimationToEndCommand=WaitForAnimationToEndCommand(timeout=null, label=null, optional=false))], label=null, optional=false)), logMessages=[], insight=Insight(message=, level=NONE), aiReasoning=null, labeledCommand=null)
09:14:09.438 [ INFO] maestro.cli.runner.MaestroCommandRunner.runCommands$lambda$10: Tap on point (50%,38%) PENDING
09:14:09.439 [ INFO] maestro.cli.runner.MaestroCommandRunner.runCommands$lambda$10: Tap on (Optional) "Vérifier" PENDING
09:14:09.439 [ INFO] maestro.cli.runner.MaestroCommandRunner.runCommands$lambda$10: Wait for animation to end PENDING
09:14:09.439 [ INFO] maestro.cli.runner.MaestroCommandRunner.runCommands$lambda$10: Take screenshot shots/13-verdict PENDING
09:14:09.439 [ INFO] maestro.cli.runner.MaestroCommandRunner.runCommands$lambda$10: Tap on (Optional) "Continuer|Décision suivante|Voir le bilan" PENDING
09:14:09.439 [ INFO] maestro.cli.runner.MaestroCommandRunner.runCommands$lambda$10: Wait for animation to end PENDING
09:14:09.439 [ INFO] maestro.cli.runner.MaestroCommandRunner.runCommands$lambda$0: Tap on point (50%,38%) RUNNING
09:14:09.440 [ INFO] maestro.cli.runner.MaestroCommandRunner.runCommands$lambda$11: Tap on point (50%,38%) metadata CommandMetadata(numberOfRuns=null, evaluatedCommand=MaestroCommand(tapOnPointV2Command=TapOnPointV2Command(point=50%,38%, retryIfNoChange=false, longPress=false, repeat=null, waitToSettleTimeoutMs=null, label=null, optional=true)), logMessages=[], insight=Insight(message=, level=NONE), aiReasoning=null, labeledCommand=null)
09:14:09.448 [ INFO] maestro.Maestro.hierarchyBasedTap-ogj28Uc: Tapping at (540, 912) using hierarchy based logic for wait
09:14:10.378 [ INFO] maestro.Maestro.hierarchyBasedTap-ogj28Uc: Something has changed in the UI judging by view hierarchy. Proceed.
09:14:10.378 [ INFO] maestro.cli.runner.MaestroCommandRunner.runCommands$lambda$2: Tap on point (50%,38%) COMPLETED
09:14:10.378 [ INFO] maestro.cli.runner.MaestroCommandRunner.runCommands$lambda$0: Tap on (Optional) "Vérifier" RUNNING
09:14:10.378 [ INFO] maestro.cli.runner.MaestroCommandRunner.runCommands$lambda$11: Tap on (Optional) "Vérifier" metadata CommandMetadata(numberOfRuns=null, evaluatedCommand=MaestroCommand(tapOnElementCommand=TapOnElementCommand(selector=ElementSelector(textRegex=Vérifier, idRegex=null, size=null, below=null, above=null, leftOf=null, rightOf=null, containsChild=null, containsDescendants=null, traits=null, index=null, enabled=null, optional=true, selected=null, checked=null, focused=null, childOf=null, css=null), retryIfNoChange=false, waitUntilVisible=false, longPress=false, repeat=null, waitToSettleTimeoutMs=null, relativePoint=null, label=null, optional=true)), logMessages=[], insight=Insight(message=, level=NONE), aiReasoning=null, labeledCommand=null)
09:14:10.454 [ INFO] maestro.Maestro.tap-HgV9Ck0: Tapping on element:  UiElement(treeNode=TreeNode(attributes={text=Vérifier, accessibilityText=, hintText=, ignoreBoundsFiltering=false, resource-id=, clickable=false, bounds=[464,2236][617,2292], enabled=true, focused=false, checked=false, scrollable=false, selected=false, class=android.widget.TextView, important-for-accessibility=true, error=}, children=[], clickable=false, enabled=true, focused=false, checked=false, selected=false), bounds=Bounds(x=464, y=2236, width=153, height=56))
09:14:11.657 [ INFO] maestro.Maestro.tap-HgV9Ck0: Tap aimed via settled hierarchy
09:14:11.658 [ INFO] maestro.Maestro.hierarchyBasedTap-ogj28Uc: Tapping at (540, 2264) using hierarchy based logic for wait
09:14:13.601 [ INFO] maestro.Maestro.hierarchyBasedTap-ogj28Uc: Something has changed in the UI judging by view hierarchy. Proceed.
09:14:13.601 [ INFO] maestro.cli.runner.MaestroCommandRunner.runCommands$lambda$2: Tap on (Optional) "Vérifier" COMPLETED
09:14:13.601 [ INFO] maestro.cli.runner.MaestroCommandRunner.runCommands$lambda$0: Wait for animation to end RUNNING
09:14:13.602 [ INFO] maestro.cli.runner.MaestroCommandRunner.runCommands$lambda$11: Wait for animation to end metadata CommandMetadata(numberOfRuns=null, evaluatedCommand=MaestroCommand(waitForAnimationToEndCommand=WaitForAnimationToEndCommand(timeout=null, label=null, optional=false)), logMessages=[], insight=Insight(message=, level=NONE), aiReasoning=null, labeledCommand=null)
09:14:13.602 [ INFO] maestro.Maestro.waitForAnimationToEnd$lambda$53: Waiting for animation to end with timeout 15000
09:14:13.602 [TRACE] maestro.utils.ScreenshotUtils.takeScreenshot: Taking screenshot to byte array
09:14:13.602 [TRACE] maestro.utils.ScreenshotUtils.takeScreenshot: Taking screenshot to output sink
09:14:14.341 [TRACE] maestro.utils.ScreenshotUtils.takeScreenshot: Taking screenshot to byte array
09:14:14.341 [TRACE] maestro.utils.ScreenshotUtils.takeScreenshot: Taking screenshot to output sink
09:14:14.744 [ INFO] maestro.cli.runner.MaestroCommandRunner.runCommands$lambda$2: Wait for animation to end COMPLETED
09:14:14.745 [ INFO] maestro.cli.runner.MaestroCommandRunner.runCommands$lambda$0: Take screenshot shots/13-verdict RUNNING
09:14:14.745 [ INFO] maestro.cli.runner.MaestroCommandRunner.runCommands$lambda$11: Take screenshot shots/13-verdict metadata CommandMetadata(numberOfRuns=null, evaluatedCommand=MaestroCommand(takeScreenshotCommand=TakeScreenshotCommand(path=shots/13-verdict, cropOn=null, label=null, optional=false)), logMessages=[], insight=Insight(message=, level=NONE), aiReasoning=null, labeledCommand=null)
09:14:14.746 [ INFO] maestro.Maestro.takeScreenshot: Taking screenshot
09:14:14.746 [TRACE] maestro.utils.ScreenshotUtils.takeScreenshot: Taking screenshot to output sink
09:14:14.908 [ INFO] maestro.cli.runner.MaestroCommandRunner.runCommands$lambda$2: Take screenshot shots/13-verdict COMPLETED
09:14:14.909 [ INFO] maestro.cli.runner.MaestroCommandRunner.runCommands$lambda$0: Tap on (Optional) "Continuer|Décision suivante|Voir le bilan" RUNNING
09:14:14.909 [ INFO] maestro.cli.runner.MaestroCommandRunner.runCommands$lambda$11: Tap on (Optional) "Continuer|Décision suivante|Voir le bilan" metadata CommandMetadata(numberOfRuns=null, evaluatedCommand=MaestroCommand(tapOnElementCommand=TapOnElementCommand(selector=ElementSelector(textRegex=Continuer|Décision suivante|Voir le bilan, idRegex=null, size=null, below=null, above=null, leftOf=null, rightOf=null, containsChild=null, containsDescendants=null, traits=null, index=null, enabled=null, optional=true, selected=null, checked=null, focused=null, childOf=null, css=null), retryIfNoChange=false, waitUntilVisible=false, longPress=false, repeat=null, waitToSettleTimeoutMs=null, relativePoint=null, label=null, optional=true)), logMessages=[], insight=Insight(message=, level=NONE), aiReasoning=null, labeledCommand=null)
09:14:14.994 [ INFO] maestro.Maestro.tap-HgV9Ck0: Tapping on element:  UiElement(treeNode=TreeNode(attributes={text=Continuer, accessibilityText=, hintText=, ignoreBoundsFiltering=false, resource-id=, clickable=false, bounds=[438,2237][642,2293], enabled=true, focused=false, checked=false, scrollable=false, selected=false, class=android.widget.TextView, important-for-accessibility=true, error=}, children=[], clickable=false, enabled=true, focused=false, checked=false, selected=false), bounds=Bounds(x=438, y=2237, width=204, height=56))
09:14:16.269 [ INFO] maestro.Maestro.tap-HgV9Ck0: Tap aimed via settled hierarchy
09:14:16.270 [ INFO] maestro.Maestro.hierarchyBasedTap-ogj28Uc: Tapping at (540, 2265) using hierarchy based logic for wait
09:14:17.186 [ INFO] maestro.Maestro.hierarchyBasedTap-ogj28Uc: Something has changed in the UI judging by view hierarchy. Proceed.
09:14:17.187 [ INFO] maestro.cli.runner.MaestroCommandRunner.runCommands$lambda$2: Tap on (Optional) "Continuer|Décision suivante|Voir le bilan" COMPLETED
09:14:17.187 [ INFO] maestro.cli.runner.MaestroCommandRunner.runCommands$lambda$0: Wait for animation to end RUNNING
09:14:17.187 [ INFO] maestro.cli.runner.MaestroCommandRunner.runCommands$lambda$11: Wait for animation to end metadata CommandMetadata(numberOfRuns=null, evaluatedCommand=MaestroCommand(waitForAnimationToEndCommand=WaitForAnimationToEndCommand(timeout=null, label=null, optional=false)), logMessages=[], insight=Insight(message=, level=NONE), aiReasoning=null, labeledCommand=null)
09:14:17.188 [ INFO] maestro.Maestro.waitForAnimationToEnd$lambda$53: Waiting for animation to end with timeout 15000
09:14:17.188 [TRACE] maestro.utils.ScreenshotUtils.takeScreenshot: Taking screenshot to byte array
09:14:17.188 [TRACE] maestro.utils.ScreenshotUtils.takeScreenshot: Taking screenshot to output sink
09:14:17.418 [TRACE] maestro.utils.ScreenshotUtils.takeScreenshot: Taking screenshot to byte array
09:14:17.418 [TRACE] maestro.utils.ScreenshotUtils.takeScreenshot: Taking screenshot to output sink
09:14:17.791 [ INFO] maestro.cli.runner.MaestroCommandRunner.runCommands$lambda$2: Wait for animation to end COMPLETED
09:14:17.791 [ INFO] maestro.cli.runner.MaestroCommandRunner.runCommands$lambda$11: Repeat 14 times metadata CommandMetadata(numberOfRuns=4, evaluatedCommand=MaestroCommand(repeatCommand=RepeatCommand(times=14, condition=null, commands=[MaestroCommand(tapOnPointV2Command=TapOnPointV2Command(point=50%,38%, retryIfNoChange=false, longPress=false, repeat=null, waitToSettleTimeoutMs=null, label=null, optional=true)), MaestroCommand(tapOnElementCommand=TapOnElementCommand(selector=ElementSelector(textRegex=Vérifier, idRegex=null, size=null, below=null, above=null, leftOf=null, rightOf=null, containsChild=null, containsDescendants=null, traits=null, index=null, enabled=null, optional=true, selected=null, checked=null, focused=null, childOf=null, css=null), retryIfNoChange=false, waitUntilVisible=false, longPress=false, repeat=null, waitToSettleTimeoutMs=null, relativePoint=null, label=null, optional=true)), MaestroCommand(waitForAnimationToEndCommand=WaitForAnimationToEndCommand(timeout=null, label=null, optional=false)), MaestroCommand(takeScreenshotCommand=TakeScreenshotCommand(path=shots/13-verdict, cropOn=null, label=null, optional=false)), MaestroCommand(tapOnElementCommand=TapOnElementCommand(selector=ElementSelector(textRegex=Continuer|Décision suivante|Voir le bilan, idRegex=null, size=null, below=null, above=null, leftOf=null, rightOf=null, containsChild=null, containsDescendants=null, traits=null, index=null, enabled=null, optional=true, selected=null, checked=null, focused=null, childOf=null, css=null), retryIfNoChange=false, waitUntilVisible=false, longPress=false, repeat=null, waitToSettleTimeoutMs=null, relativePoint=null, label=null, optional=true)), MaestroCommand(waitForAnimationToEndCommand=WaitForAnimationToEndCommand(timeout=null, label=null, optional=false))], label=null, optional=false)), logMessages=[], insight=Insight(message=, level=NONE), aiReasoning=null, labeledCommand=null)
09:14:17.791 [ INFO] maestro.cli.runner.MaestroCommandRunner.runCommands$lambda$10: Tap on point (50%,38%) PENDING
09:14:17.792 [ INFO] maestro.cli.runner.MaestroCommandRunner.runCommands$lambda$10: Tap on (Optional) "Vérifier" PENDING
09:14:17.792 [ INFO] maestro.cli.runner.MaestroCommandRunner.runCommands$lambda$10: Wait for animation to end PENDING
09:14:17.792 [ INFO] maestro.cli.runner.MaestroCommandRunner.runCommands$lambda$10: Take screenshot shots/13-verdict PENDING
09:14:17.792 [ INFO] maestro.cli.runner.MaestroCommandRunner.runCommands$lambda$10: Tap on (Optional) "Continuer|Décision suivante|Voir le bilan" PENDING
09:14:17.792 [ INFO] maestro.cli.runner.MaestroCommandRunner.runCommands$lambda$10: Wait for animation to end PENDING
09:14:17.792 [ INFO] maestro.cli.runner.MaestroCommandRunner.runCommands$lambda$0: Tap on point (50%,38%) RUNNING
09:14:17.793 [ INFO] maestro.cli.runner.MaestroCommandRunner.runCommands$lambda$11: Tap on point (50%,38%) metadata CommandMetadata(numberOfRuns=null, evaluatedCommand=MaestroCommand(tapOnPointV2Command=TapOnPointV2Command(point=50%,38%, retryIfNoChange=false, longPress=false, repeat=null, waitToSettleTimeoutMs=null, label=null, optional=true)), logMessages=[], insight=Insight(message=, level=NONE), aiReasoning=null, labeledCommand=null)
09:14:17.800 [ INFO] maestro.Maestro.hierarchyBasedTap-ogj28Uc: Tapping at (540, 912) using hierarchy based logic for wait
09:14:18.237 [ INFO] maestro.cli.runner.MaestroCommandRunner.runCommands$lambda$2: Tap on point (50%,38%) COMPLETED
09:14:18.238 [ INFO] maestro.cli.runner.MaestroCommandRunner.runCommands$lambda$0: Tap on (Optional) "Vérifier" RUNNING
09:14:18.238 [ INFO] maestro.cli.runner.MaestroCommandRunner.runCommands$lambda$11: Tap on (Optional) "Vérifier" metadata CommandMetadata(numberOfRuns=null, evaluatedCommand=MaestroCommand(tapOnElementCommand=TapOnElementCommand(selector=ElementSelector(textRegex=Vérifier, idRegex=null, size=null, below=null, above=null, leftOf=null, rightOf=null, containsChild=null, containsDescendants=null, traits=null, index=null, enabled=null, optional=true, selected=null, checked=null, focused=null, childOf=null, css=null), retryIfNoChange=false, waitUntilVisible=false, longPress=false, repeat=null, waitToSettleTimeoutMs=null, relativePoint=null, label=null, optional=true)), logMessages=[], insight=Insight(message=, level=NONE), aiReasoning=null, labeledCommand=null)
09:14:25.401 [ INFO] maestro.orchestra.Orchestra.executeSubflowCommands: [Command execution subflow] CommandWarned: Element not found: Text matching regex: Vérifier
09:14:25.401 [ INFO] maestro.cli.runner.MaestroCommandRunner.runCommands$lambda$11: Repeat 14 times metadata CommandMetadata(numberOfRuns=4, evaluatedCommand=MaestroCommand(repeatCommand=RepeatCommand(times=14, condition=null, commands=[MaestroCommand(tapOnPointV2Command=TapOnPointV2Command(point=50%,38%, retryIfNoChange=false, longPress=false, repeat=null, waitToSettleTimeoutMs=null, label=null, optional=true)), MaestroCommand(tapOnElementCommand=TapOnElementCommand(selector=ElementSelector(textRegex=Vérifier, idRegex=null, size=null, below=null, above=null, leftOf=null, rightOf=null, containsChild=null, containsDescendants=null, traits=null, index=null, enabled=null, optional=true, selected=null, checked=null, focused=null, childOf=null, css=null), retryIfNoChange=false, waitUntilVisible=false, longPress=false, repeat=null, waitToSettleTimeoutMs=null, relativePoint=null, label=null, optional=true)), MaestroCommand(waitForAnimationToEndCommand=WaitForAnimationToEndCommand(timeout=null, label=null, optional=false)), MaestroCommand(takeScreenshotCommand=TakeScreenshotCommand(path=shots/13-verdict, cropOn=null, label=null, optional=false)), MaestroCommand(tapOnElementCommand=TapOnElementCommand(selector=ElementSelector(textRegex=Continuer|Décision suivante|Voir le bilan, idRegex=null, size=null, below=null, above=null, leftOf=null, rightOf=null, containsChild=null, containsDescendants=null, traits=null, index=null, enabled=null, optional=true, selected=null, checked=null, focused=null, childOf=null, css=null), retryIfNoChange=false, waitUntilVisible=false, longPress=false, repeat=null, waitToSettleTimeoutMs=null, relativePoint=null, label=null, optional=true)), MaestroCommand(waitForAnimationToEndCommand=WaitForAnimationToEndCommand(timeout=null, label=null, optional=false))], label=null, optional=false)), logMessages=[], insight=Insight(message=Element not found: Text matching regex: Vérifier, level=WARNING), aiReasoning=null, labeledCommand=null)
09:14:25.483 [ INFO] maestro.Maestro.takeScreenshot: Taking screenshot
09:14:25.484 [TRACE] maestro.utils.ScreenshotUtils.takeScreenshot: Taking screenshot to output sink
09:14:25.641 [ INFO] maestro.cli.runner.MaestroCommandRunner.runCommands$lambda$6: Tap on (Optional) "Vérifier" WARNED
09:14:25.641 [ INFO] maestro.cli.runner.MaestroCommandRunner.runCommands$lambda$0: Wait for animation to end RUNNING
09:14:25.641 [ INFO] maestro.cli.runner.MaestroCommandRunner.runCommands$lambda$11: Wait for animation to end metadata CommandMetadata(numberOfRuns=null, evaluatedCommand=MaestroCommand(waitForAnimationToEndCommand=WaitForAnimationToEndCommand(timeout=null, label=null, optional=false)), logMessages=[], insight=Insight(message=, level=NONE), aiReasoning=null, labeledCommand=null)
09:14:25.642 [ INFO] maestro.Maestro.waitForAnimationToEnd$lambda$53: Waiting for animation to end with timeout 15000
09:14:25.642 [TRACE] maestro.utils.ScreenshotUtils.takeScreenshot: Taking screenshot to byte array
09:14:25.642 [TRACE] maestro.utils.ScreenshotUtils.takeScreenshot: Taking screenshot to output sink
09:14:25.864 [TRACE] maestro.utils.ScreenshotUtils.takeScreenshot: Taking screenshot to byte array
09:14:25.864 [TRACE] maestro.utils.ScreenshotUtils.takeScreenshot: Taking screenshot to output sink
09:14:26.238 [ INFO] maestro.cli.runner.MaestroCommandRunner.runCommands$lambda$2: Wait for animation to end COMPLETED
09:14:26.238 [ INFO] maestro.cli.runner.MaestroCommandRunner.runCommands$lambda$0: Take screenshot shots/13-verdict RUNNING
09:14:26.239 [ INFO] maestro.cli.runner.MaestroCommandRunner.runCommands$lambda$11: Take screenshot shots/13-verdict metadata CommandMetadata(numberOfRuns=null, evaluatedCommand=MaestroCommand(takeScreenshotCommand=TakeScreenshotCommand(path=shots/13-verdict, cropOn=null, label=null, optional=false)), logMessages=[], insight=Insight(message=, level=NONE), aiReasoning=null, labeledCommand=null)
09:14:26.239 [ INFO] maestro.Maestro.takeScreenshot: Taking screenshot
09:14:26.240 [TRACE] maestro.utils.ScreenshotUtils.takeScreenshot: Taking screenshot to output sink
09:14:26.389 [ INFO] maestro.cli.runner.MaestroCommandRunner.runCommands$lambda$2: Take screenshot shots/13-verdict COMPLETED
09:14:26.389 [ INFO] maestro.cli.runner.MaestroCommandRunner.runCommands$lambda$0: Tap on (Optional) "Continuer|Décision suivante|Voir le bilan" RUNNING
09:14:26.389 [ INFO] maestro.cli.runner.MaestroCommandRunner.runCommands$lambda$11: Tap on (Optional) "Continuer|Décision suivante|Voir le bilan" metadata CommandMetadata(numberOfRuns=null, evaluatedCommand=MaestroCommand(tapOnElementCommand=TapOnElementCommand(selector=ElementSelector(textRegex=Continuer|Décision suivante|Voir le bilan, idRegex=null, size=null, below=null, above=null, leftOf=null, rightOf=null, containsChild=null, containsDescendants=null, traits=null, index=null, enabled=null, optional=true, selected=null, checked=null, focused=null, childOf=null, css=null), retryIfNoChange=false, waitUntilVisible=false, longPress=false, repeat=null, waitToSettleTimeoutMs=null, relativePoint=null, label=null, optional=true)), logMessages=[], insight=Insight(message=, level=NONE), aiReasoning=null, labeledCommand=null)
09:14:33.332 [ INFO] maestro.orchestra.Orchestra.executeSubflowCommands: [Command execution subflow] CommandWarned: Element not found: Text matching regex: Continuer|Décision suivante|Voir le bilan
09:14:33.333 [ INFO] maestro.cli.runner.MaestroCommandRunner.runCommands$lambda$11: Repeat 14 times metadata CommandMetadata(numberOfRuns=4, evaluatedCommand=MaestroCommand(repeatCommand=RepeatCommand(times=14, condition=null, commands=[MaestroCommand(tapOnPointV2Command=TapOnPointV2Command(point=50%,38%, retryIfNoChange=false, longPress=false, repeat=null, waitToSettleTimeoutMs=null, label=null, optional=true)), MaestroCommand(tapOnElementCommand=TapOnElementCommand(selector=ElementSelector(textRegex=Vérifier, idRegex=null, size=null, below=null, above=null, leftOf=null, rightOf=null, containsChild=null, containsDescendants=null, traits=null, index=null, enabled=null, optional=true, selected=null, checked=null, focused=null, childOf=null, css=null), retryIfNoChange=false, waitUntilVisible=false, longPress=false, repeat=null, waitToSettleTimeoutMs=null, relativePoint=null, label=null, optional=true)), MaestroCommand(waitForAnimationToEndCommand=WaitForAnimationToEndCommand(timeout=null, label=null, optional=false)), MaestroCommand(takeScreenshotCommand=TakeScreenshotCommand(path=shots/13-verdict, cropOn=null, label=null, optional=false)), MaestroCommand(tapOnElementCommand=TapOnElementCommand(selector=ElementSelector(textRegex=Continuer|Décision suivante|Voir le bilan, idRegex=null, size=null, below=null, above=null, leftOf=null, rightOf=null, containsChild=null, containsDescendants=null, traits=null, index=null, enabled=null, optional=true, selected=null, checked=null, focused=null, childOf=null, css=null), retryIfNoChange=false, waitUntilVisible=false, longPress=false, repeat=null, waitToSettleTimeoutMs=null, relativePoint=null, label=null, optional=true)), MaestroCommand(waitForAnimationToEndCommand=WaitForAnimationToEndCommand(timeout=null, label=null, optional=false))], label=null, optional=false)), logMessages=[], insight=Insight(message=Element not found: Text matching regex: Continuer|Décision suivante|Voir le bilan, level=WARNING), aiReasoning=null, labeledCommand=null)
09:14:33.455 [ INFO] maestro.Maestro.takeScreenshot: Taking screenshot
09:14:33.455 [TRACE] maestro.utils.ScreenshotUtils.takeScreenshot: Taking screenshot to output sink
09:14:33.687 [ INFO] maestro.cli.runner.MaestroCommandRunner.runCommands$lambda$6: Tap on (Optional) "Continuer|Décision suivante|Voir le bilan" WARNED
09:14:33.688 [ INFO] maestro.cli.runner.MaestroCommandRunner.runCommands$lambda$0: Wait for animation to end RUNNING
09:14:33.688 [ INFO] maestro.cli.runner.MaestroCommandRunner.runCommands$lambda$11: Wait for animation to end metadata CommandMetadata(numberOfRuns=null, evaluatedCommand=MaestroCommand(waitForAnimationToEndCommand=WaitForAnimationToEndCommand(timeout=null, label=null, optional=false)), logMessages=[], insight=Insight(message=, level=NONE), aiReasoning=null, labeledCommand=null)
09:14:33.688 [ INFO] maestro.Maestro.waitForAnimationToEnd$lambda$53: Waiting for animation to end with timeout 15000
09:14:33.688 [TRACE] maestro.utils.ScreenshotUtils.takeScreenshot: Taking screenshot to byte array
09:14:33.688 [TRACE] maestro.utils.ScreenshotUtils.takeScreenshot: Taking screenshot to output sink
09:14:33.955 [TRACE] maestro.utils.ScreenshotUtils.takeScreenshot: Taking screenshot to byte array
09:14:33.955 [TRACE] maestro.utils.ScreenshotUtils.takeScreenshot: Taking screenshot to output sink
09:14:34.326 [ INFO] maestro.cli.runner.MaestroCommandRunner.runCommands$lambda$2: Wait for animation to end COMPLETED
09:14:34.327 [ INFO] maestro.cli.runner.MaestroCommandRunner.runCommands$lambda$11: Repeat 14 times metadata CommandMetadata(numberOfRuns=5, evaluatedCommand=MaestroCommand(repeatCommand=RepeatCommand(times=14, condition=null, commands=[MaestroCommand(tapOnPointV2Command=TapOnPointV2Command(point=50%,38%, retryIfNoChange=false, longPress=false, repeat=null, waitToSettleTimeoutMs=null, label=null, optional=true)), MaestroCommand(tapOnElementCommand=TapOnElementCommand(selector=ElementSelector(textRegex=Vérifier, idRegex=null, size=null, below=null, above=null, leftOf=null, rightOf=null, containsChild=null, containsDescendants=null, traits=null, index=null, enabled=null, optional=true, selected=null, checked=null, focused=null, childOf=null, css=null), retryIfNoChange=false, waitUntilVisible=false, longPress=false, repeat=null, waitToSettleTimeoutMs=null, relativePoint=null, label=null, optional=true)), MaestroCommand(waitForAnimationToEndCommand=WaitForAnimationToEndCommand(timeout=null, label=null, optional=false)), MaestroCommand(takeScreenshotCommand=TakeScreenshotCommand(path=shots/13-verdict, cropOn=null, label=null, optional=false)), MaestroCommand(tapOnElementCommand=TapOnElementCommand(selector=ElementSelector(textRegex=Continuer|Décision suivante|Voir le bilan, idRegex=null, size=null, below=null, above=null, leftOf=null, rightOf=null, containsChild=null, containsDescendants=null, traits=null, index=null, enabled=null, optional=true, selected=null, checked=null, focused=null, childOf=null, css=null), retryIfNoChange=false, waitUntilVisible=false, longPress=false, repeat=null, waitToSettleTimeoutMs=null, relativePoint=null, label=null, optional=true)), MaestroCommand(waitForAnimationToEndCommand=WaitForAnimationToEndCommand(timeout=null, label=null, optional=false))], label=null, optional=false)), logMessages=[], insight=Insight(message=, level=NONE), aiReasoning=null, labeledCommand=null)
09:14:34.327 [ INFO] maestro.cli.runner.MaestroCommandRunner.runCommands$lambda$10: Tap on point (50%,38%) PENDING
09:14:34.327 [ INFO] maestro.cli.runner.MaestroCommandRunner.runCommands$lambda$10: Tap on (Optional) "Vérifier" PENDING
09:14:34.327 [ INFO] maestro.cli.runner.MaestroCommandRunner.runCommands$lambda$10: Wait for animation to end PENDING
09:14:34.327 [ INFO] maestro.cli.runner.MaestroCommandRunner.runCommands$lambda$10: Take screenshot shots/13-verdict PENDING
09:14:34.328 [ INFO] maestro.cli.runner.MaestroCommandRunner.runCommands$lambda$10: Tap on (Optional) "Continuer|Décision suivante|Voir le bilan" PENDING
09:14:34.328 [ INFO] maestro.cli.runner.MaestroCommandRunner.runCommands$lambda$10: Wait for animation to end PENDING
09:14:34.328 [ INFO] maestro.cli.runner.MaestroCommandRunner.runCommands$lambda$0: Tap on point (50%,38%) RUNNING
09:14:34.328 [ INFO] maestro.cli.runner.MaestroCommandRunner.runCommands$lambda$11: Tap on point (50%,38%) metadata CommandMetadata(numberOfRuns=null, evaluatedCommand=MaestroCommand(tapOnPointV2Command=TapOnPointV2Command(point=50%,38%, retryIfNoChange=false, longPress=false, repeat=null, waitToSettleTimeoutMs=null, label=null, optional=true)), logMessages=[], insight=Insight(message=, level=NONE), aiReasoning=null, labeledCommand=null)
09:14:34.336 [ INFO] maestro.Maestro.hierarchyBasedTap-ogj28Uc: Tapping at (540, 912) using hierarchy based logic for wait
09:14:34.829 [ INFO] maestro.cli.runner.MaestroCommandRunner.runCommands$lambda$2: Tap on point (50%,38%) COMPLETED
09:14:34.829 [ INFO] maestro.cli.runner.MaestroCommandRunner.runCommands$lambda$0: Tap on (Optional) "Vérifier" RUNNING
09:14:34.829 [ INFO] maestro.cli.runner.MaestroCommandRunner.runCommands$lambda$11: Tap on (Optional) "Vérifier" metadata CommandMetadata(numberOfRuns=null, evaluatedCommand=MaestroCommand(tapOnElementCommand=TapOnElementCommand(selector=ElementSelector(textRegex=Vérifier, idRegex=null, size=null, below=null, above=null, leftOf=null, rightOf=null, containsChild=null, containsDescendants=null, traits=null, index=null, enabled=null, optional=true, selected=null, checked=null, focused=null, childOf=null, css=null), retryIfNoChange=false, waitUntilVisible=false, longPress=false, repeat=null, waitToSettleTimeoutMs=null, relativePoint=null, label=null, optional=true)), logMessages=[], insight=Insight(message=, level=NONE), aiReasoning=null, labeledCommand=null)
09:14:42.020 [ INFO] maestro.orchestra.Orchestra.executeSubflowCommands: [Command execution subflow] CommandWarned: Element not found: Text matching regex: Vérifier
09:14:42.021 [ INFO] maestro.cli.runner.MaestroCommandRunner.runCommands$lambda$11: Repeat 14 times metadata CommandMetadata(numberOfRuns=5, evaluatedCommand=MaestroCommand(repeatCommand=RepeatCommand(times=14, condition=null, commands=[MaestroCommand(tapOnPointV2Command=TapOnPointV2Command(point=50%,38%, retryIfNoChange=false, longPress=false, repeat=null, waitToSettleTimeoutMs=null, label=null, optional=true)), MaestroCommand(tapOnElementCommand=TapOnElementCommand(selector=ElementSelector(textRegex=Vérifier, idRegex=null, size=null, below=null, above=null, leftOf=null, rightOf=null, containsChild=null, containsDescendants=null, traits=null, index=null, enabled=null, optional=true, selected=null, checked=null, focused=null, childOf=null, css=null), retryIfNoChange=false, waitUntilVisible=false, longPress=false, repeat=null, waitToSettleTimeoutMs=null, relativePoint=null, label=null, optional=true)), MaestroCommand(waitForAnimationToEndCommand=WaitForAnimationToEndCommand(timeout=null, label=null, optional=false)), MaestroCommand(takeScreenshotCommand=TakeScreenshotCommand(path=shots/13-verdict, cropOn=null, label=null, optional=false)), MaestroCommand(tapOnElementCommand=TapOnElementCommand(selector=ElementSelector(textRegex=Continuer|Décision suivante|Voir le bilan, idRegex=null, size=null, below=null, above=null, leftOf=null, rightOf=null, containsChild=null, containsDescendants=null, traits=null, index=null, enabled=null, optional=true, selected=null, checked=null, focused=null, childOf=null, css=null), retryIfNoChange=false, waitUntilVisible=false, longPress=false, repeat=null, waitToSettleTimeoutMs=null, relativePoint=null, label=null, optional=true)), MaestroCommand(waitForAnimationToEndCommand=WaitForAnimationToEndCommand(timeout=null, label=null, optional=false))], label=null, optional=false)), logMessages=[], insight=Insight(message=Element not found: Text matching regex: Vérifier, level=WARNING), aiReasoning=null, labeledCommand=null)
09:14:42.138 [ INFO] maestro.Maestro.takeScreenshot: Taking screenshot
09:14:42.138 [TRACE] maestro.utils.ScreenshotUtils.takeScreenshot: Taking screenshot to output sink
09:14:42.305 [ INFO] maestro.cli.runner.MaestroCommandRunner.runCommands$lambda$6: Tap on (Optional) "Vérifier" WARNED
09:14:42.306 [ INFO] maestro.cli.runner.MaestroCommandRunner.runCommands$lambda$0: Wait for animation to end RUNNING
09:14:42.306 [ INFO] maestro.cli.runner.MaestroCommandRunner.runCommands$lambda$11: Wait for animation to end metadata CommandMetadata(numberOfRuns=null, evaluatedCommand=MaestroCommand(waitForAnimationToEndCommand=WaitForAnimationToEndCommand(timeout=null, label=null, optional=false)), logMessages=[], insight=Insight(message=, level=NONE), aiReasoning=null, labeledCommand=null)
09:14:42.306 [ INFO] maestro.Maestro.waitForAnimationToEnd$lambda$53: Waiting for animation to end with timeout 15000
09:14:42.306 [TRACE] maestro.utils.ScreenshotUtils.takeScreenshot: Taking screenshot to byte array
09:14:42.306 [TRACE] maestro.utils.ScreenshotUtils.takeScreenshot: Taking screenshot to output sink
09:14:42.534 [TRACE] maestro.utils.ScreenshotUtils.takeScreenshot: Taking screenshot to byte array
09:14:42.534 [TRACE] maestro.utils.ScreenshotUtils.takeScreenshot: Taking screenshot to output sink
09:14:42.904 [ INFO] maestro.cli.runner.MaestroCommandRunner.runCommands$lambda$2: Wait for animation to end COMPLETED
09:14:42.905 [ INFO] maestro.cli.runner.MaestroCommandRunner.runCommands$lambda$0: Take screenshot shots/13-verdict RUNNING
09:14:42.905 [ INFO] maestro.cli.runner.MaestroCommandRunner.runCommands$lambda$11: Take screenshot shots/13-verdict metadata CommandMetadata(numberOfRuns=null, evaluatedCommand=MaestroCommand(takeScreenshotCommand=TakeScreenshotCommand(path=shots/13-verdict, cropOn=null, label=null, optional=false)), logMessages=[], insight=Insight(message=, level=NONE), aiReasoning=null, labeledCommand=null)
09:14:42.905 [ INFO] maestro.Maestro.takeScreenshot: Taking screenshot
09:14:42.906 [TRACE] maestro.utils.ScreenshotUtils.takeScreenshot: Taking screenshot to output sink
09:14:43.058 [ INFO] maestro.cli.runner.MaestroCommandRunner.runCommands$lambda$2: Take screenshot shots/13-verdict COMPLETED
09:14:43.058 [ INFO] maestro.cli.runner.MaestroCommandRunner.runCommands$lambda$0: Tap on (Optional) "Continuer|Décision suivante|Voir le bilan" RUNNING
09:14:43.059 [ INFO] maestro.cli.runner.MaestroCommandRunner.runCommands$lambda$11: Tap on (Optional) "Continuer|Décision suivante|Voir le bilan" metadata CommandMetadata(numberOfRuns=null, evaluatedCommand=MaestroCommand(tapOnElementCommand=TapOnElementCommand(selector=ElementSelector(textRegex=Continuer|Décision suivante|Voir le bilan, idRegex=null, size=null, below=null, above=null, leftOf=null, rightOf=null, containsChild=null, containsDescendants=null, traits=null, index=null, enabled=null, optional=true, selected=null, checked=null, focused=null, childOf=null, css=null), retryIfNoChange=false, waitUntilVisible=false, longPress=false, repeat=null, waitToSettleTimeoutMs=null, relativePoint=null, label=null, optional=true)), logMessages=[], insight=Insight(message=, level=NONE), aiReasoning=null, labeledCommand=null)
09:14:50.113 [ INFO] maestro.orchestra.Orchestra.executeSubflowCommands: [Command execution subflow] CommandWarned: Element not found: Text matching regex: Continuer|Décision suivante|Voir le bilan
09:14:50.113 [ INFO] maestro.cli.runner.MaestroCommandRunner.runCommands$lambda$11: Repeat 14 times metadata CommandMetadata(numberOfRuns=5, evaluatedCommand=MaestroCommand(repeatCommand=RepeatCommand(times=14, condition=null, commands=[MaestroCommand(tapOnPointV2Command=TapOnPointV2Command(point=50%,38%, retryIfNoChange=false, longPress=false, repeat=null, waitToSettleTimeoutMs=null, label=null, optional=true)), MaestroCommand(tapOnElementCommand=TapOnElementCommand(selector=ElementSelector(textRegex=Vérifier, idRegex=null, size=null, below=null, above=null, leftOf=null, rightOf=null, containsChild=null, containsDescendants=null, traits=null, index=null, enabled=null, optional=true, selected=null, checked=null, focused=null, childOf=null, css=null), retryIfNoChange=false, waitUntilVisible=false, longPress=false, repeat=null, waitToSettleTimeoutMs=null, relativePoint=null, label=null, optional=true)), MaestroCommand(waitForAnimationToEndCommand=WaitForAnimationToEndCommand(timeout=null, label=null, optional=false)), MaestroCommand(takeScreenshotCommand=TakeScreenshotCommand(path=shots/13-verdict, cropOn=null, label=null, optional=false)), MaestroCommand(tapOnElementCommand=TapOnElementCommand(selector=ElementSelector(textRegex=Continuer|Décision suivante|Voir le bilan, idRegex=null, size=null, below=null, above=null, leftOf=null, rightOf=null, containsChild=null, containsDescendants=null, traits=null, index=null, enabled=null, optional=true, selected=null, checked=null, focused=null, childOf=null, css=null), retryIfNoChange=false, waitUntilVisible=false, longPress=false, repeat=null, waitToSettleTimeoutMs=null, relativePoint=null, label=null, optional=true)), MaestroCommand(waitForAnimationToEndCommand=WaitForAnimationToEndCommand(timeout=null, label=null, optional=false))], label=null, optional=false)), logMessages=[], insight=Insight(message=Element not found: Text matching regex: Continuer|Décision suivante|Voir le bilan, level=WARNING), aiReasoning=null, labeledCommand=null)
09:14:50.213 [ INFO] maestro.Maestro.takeScreenshot: Taking screenshot
09:14:50.214 [TRACE] maestro.utils.ScreenshotUtils.takeScreenshot: Taking screenshot to output sink
09:14:50.394 [ INFO] maestro.cli.runner.MaestroCommandRunner.runCommands$lambda$6: Tap on (Optional) "Continuer|Décision suivante|Voir le bilan" WARNED
09:14:50.395 [ INFO] maestro.cli.runner.MaestroCommandRunner.runCommands$lambda$0: Wait for animation to end RUNNING
09:14:50.395 [ INFO] maestro.cli.runner.MaestroCommandRunner.runCommands$lambda$11: Wait for animation to end metadata CommandMetadata(numberOfRuns=null, evaluatedCommand=MaestroCommand(waitForAnimationToEndCommand=WaitForAnimationToEndCommand(timeout=null, label=null, optional=false)), logMessages=[], insight=Insight(message=, level=NONE), aiReasoning=null, labeledCommand=null)
09:14:50.395 [ INFO] maestro.Maestro.waitForAnimationToEnd$lambda$53: Waiting for animation to end with timeout 15000
09:14:50.395 [TRACE] maestro.utils.ScreenshotUtils.takeScreenshot: Taking screenshot to byte array
09:14:50.395 [TRACE] maestro.utils.ScreenshotUtils.takeScreenshot: Taking screenshot to output sink
09:14:50.625 [TRACE] maestro.utils.ScreenshotUtils.takeScreenshot: Taking screenshot to byte array
09:14:50.625 [TRACE] maestro.utils.ScreenshotUtils.takeScreenshot: Taking screenshot to output sink
09:14:50.999 [ INFO] maestro.cli.runner.MaestroCommandRunner.runCommands$lambda$2: Wait for animation to end COMPLETED
09:14:51.000 [ INFO] maestro.cli.runner.MaestroCommandRunner.runCommands$lambda$11: Repeat 14 times metadata CommandMetadata(numberOfRuns=6, evaluatedCommand=MaestroCommand(repeatCommand=RepeatCommand(times=14, condition=null, commands=[MaestroCommand(tapOnPointV2Command=TapOnPointV2Command(point=50%,38%, retryIfNoChange=false, longPress=false, repeat=null, waitToSettleTimeoutMs=null, label=null, optional=true)), MaestroCommand(tapOnElementCommand=TapOnElementCommand(selector=ElementSelector(textRegex=Vérifier, idRegex=null, size=null, below=null, above=null, leftOf=null, rightOf=null, containsChild=null, containsDescendants=null, traits=null, index=null, enabled=null, optional=true, selected=null, checked=null, focused=null, childOf=null, css=null), retryIfNoChange=false, waitUntilVisible=false, longPress=false, repeat=null, waitToSettleTimeoutMs=null, relativePoint=null, label=null, optional=true)), MaestroCommand(waitForAnimationToEndCommand=WaitForAnimationToEndCommand(timeout=null, label=null, optional=false)), MaestroCommand(takeScreenshotCommand=TakeScreenshotCommand(path=shots/13-verdict, cropOn=null, label=null, optional=false)), MaestroCommand(tapOnElementCommand=TapOnElementCommand(selector=ElementSelector(textRegex=Continuer|Décision suivante|Voir le bilan, idRegex=null, size=null, below=null, above=null, leftOf=null, rightOf=null, containsChild=null, containsDescendants=null, traits=null, index=null, enabled=null, optional=true, selected=null, checked=null, focused=null, childOf=null, css=null), retryIfNoChange=false, waitUntilVisible=false, longPress=false, repeat=null, waitToSettleTimeoutMs=null, relativePoint=null, label=null, optional=true)), MaestroCommand(waitForAnimationToEndCommand=WaitForAnimationToEndCommand(timeout=null, label=null, optional=false))], label=null, optional=false)), logMessages=[], insight=Insight(message=, level=NONE), aiReasoning=null, labeledCommand=null)
09:14:51.000 [ INFO] maestro.cli.runner.MaestroCommandRunner.runCommands$lambda$10: Tap on point (50%,38%) PENDING
09:14:51.000 [ INFO] maestro.cli.runner.MaestroCommandRunner.runCommands$lambda$10: Tap on (Optional) "Vérifier" PENDING
09:14:51.001 [ INFO] maestro.cli.runner.MaestroCommandRunner.runCommands$lambda$10: Wait for animation to end PENDING
09:14:51.001 [ INFO] maestro.cli.runner.MaestroCommandRunner.runCommands$lambda$10: Take screenshot shots/13-verdict PENDING
09:14:51.001 [ INFO] maestro.cli.runner.MaestroCommandRunner.runCommands$lambda$10: Tap on (Optional) "Continuer|Décision suivante|Voir le bilan" PENDING
09:14:51.001 [ INFO] maestro.cli.runner.MaestroCommandRunner.runCommands$lambda$10: Wait for animation to end PENDING
09:14:51.001 [ INFO] maestro.cli.runner.MaestroCommandRunner.runCommands$lambda$0: Tap on point (50%,38%) RUNNING
09:14:51.001 [ INFO] maestro.cli.runner.MaestroCommandRunner.runCommands$lambda$11: Tap on point (50%,38%) metadata CommandMetadata(numberOfRuns=null, evaluatedCommand=MaestroCommand(tapOnPointV2Command=TapOnPointV2Command(point=50%,38%, retryIfNoChange=false, longPress=false, repeat=null, waitToSettleTimeoutMs=null, label=null, optional=true)), logMessages=[], insight=Insight(message=, level=NONE), aiReasoning=null, labeledCommand=null)
09:14:51.007 [ INFO] maestro.Maestro.hierarchyBasedTap-ogj28Uc: Tapping at (540, 912) using hierarchy based logic for wait
09:14:51.400 [ INFO] maestro.cli.runner.MaestroCommandRunner.runCommands$lambda$2: Tap on point (50%,38%) COMPLETED
09:14:51.401 [ INFO] maestro.cli.runner.MaestroCommandRunner.runCommands$lambda$0: Tap on (Optional) "Vérifier" RUNNING
09:14:51.401 [ INFO] maestro.cli.runner.MaestroCommandRunner.runCommands$lambda$11: Tap on (Optional) "Vérifier" metadata CommandMetadata(numberOfRuns=null, evaluatedCommand=MaestroCommand(tapOnElementCommand=TapOnElementCommand(selector=ElementSelector(textRegex=Vérifier, idRegex=null, size=null, below=null, above=null, leftOf=null, rightOf=null, containsChild=null, containsDescendants=null, traits=null, index=null, enabled=null, optional=true, selected=null, checked=null, focused=null, childOf=null, css=null), retryIfNoChange=false, waitUntilVisible=false, longPress=false, repeat=null, waitToSettleTimeoutMs=null, relativePoint=null, label=null, optional=true)), logMessages=[], insight=Insight(message=, level=NONE), aiReasoning=null, labeledCommand=null)
09:14:58.608 [ INFO] maestro.orchestra.Orchestra.executeSubflowCommands: [Command execution subflow] CommandWarned: Element not found: Text matching regex: Vérifier
09:14:58.608 [ INFO] maestro.cli.runner.MaestroCommandRunner.runCommands$lambda$11: Repeat 14 times metadata CommandMetadata(numberOfRuns=6, evaluatedCommand=MaestroCommand(repeatCommand=RepeatCommand(times=14, condition=null, commands=[MaestroCommand(tapOnPointV2Command=TapOnPointV2Command(point=50%,38%, retryIfNoChange=false, longPress=false, repeat=null, waitToSettleTimeoutMs=null, label=null, optional=true)), MaestroCommand(tapOnElementCommand=TapOnElementCommand(selector=ElementSelector(textRegex=Vérifier, idRegex=null, size=null, below=null, above=null, leftOf=null, rightOf=null, containsChild=null, containsDescendants=null, traits=null, index=null, enabled=null, optional=true, selected=null, checked=null, focused=null, childOf=null, css=null), retryIfNoChange=false, waitUntilVisible=false, longPress=false, repeat=null, waitToSettleTimeoutMs=null, relativePoint=null, label=null, optional=true)), MaestroCommand(waitForAnimationToEndCommand=WaitForAnimationToEndCommand(timeout=null, label=null, optional=false)), MaestroCommand(takeScreenshotCommand=TakeScreenshotCommand(path=shots/13-verdict, cropOn=null, label=null, optional=false)), MaestroCommand(tapOnElementCommand=TapOnElementCommand(selector=ElementSelector(textRegex=Continuer|Décision suivante|Voir le bilan, idRegex=null, size=null, below=null, above=null, leftOf=null, rightOf=null, containsChild=null, containsDescendants=null, traits=null, index=null, enabled=null, optional=true, selected=null, checked=null, focused=null, childOf=null, css=null), retryIfNoChange=false, waitUntilVisible=false, longPress=false, repeat=null, waitToSettleTimeoutMs=null, relativePoint=null, label=null, optional=true)), MaestroCommand(waitForAnimationToEndCommand=WaitForAnimationToEndCommand(timeout=null, label=null, optional=false))], label=null, optional=false)), logMessages=[], insight=Insight(message=Element not found: Text matching regex: Vérifier, level=WARNING), aiReasoning=null, labeledCommand=null)
09:14:58.683 [ INFO] maestro.Maestro.takeScreenshot: Taking screenshot
09:14:58.683 [TRACE] maestro.utils.ScreenshotUtils.takeScreenshot: Taking screenshot to output sink
09:14:58.912 [ INFO] maestro.cli.runner.MaestroCommandRunner.runCommands$lambda$6: Tap on (Optional) "Vérifier" WARNED
09:14:58.913 [ INFO] maestro.cli.runner.MaestroCommandRunner.runCommands$lambda$0: Wait for animation to end RUNNING
09:14:58.913 [ INFO] maestro.cli.runner.MaestroCommandRunner.runCommands$lambda$11: Wait for animation to end metadata CommandMetadata(numberOfRuns=null, evaluatedCommand=MaestroCommand(waitForAnimationToEndCommand=WaitForAnimationToEndCommand(timeout=null, label=null, optional=false)), logMessages=[], insight=Insight(message=, level=NONE), aiReasoning=null, labeledCommand=null)
09:14:58.913 [ INFO] maestro.Maestro.waitForAnimationToEnd$lambda$53: Waiting for animation to end with timeout 15000
09:14:58.914 [TRACE] maestro.utils.ScreenshotUtils.takeScreenshot: Taking screenshot to byte array
09:14:58.914 [TRACE] maestro.utils.ScreenshotUtils.takeScreenshot: Taking screenshot to output sink
09:14:59.135 [TRACE] maestro.utils.ScreenshotUtils.takeScreenshot: Taking screenshot to byte array
09:14:59.135 [TRACE] maestro.utils.ScreenshotUtils.takeScreenshot: Taking screenshot to output sink
09:14:59.539 [ INFO] maestro.cli.runner.MaestroCommandRunner.runCommands$lambda$2: Wait for animation to end COMPLETED
09:14:59.539 [ INFO] maestro.cli.runner.MaestroCommandRunner.runCommands$lambda$0: Take screenshot shots/13-verdict RUNNING
09:14:59.540 [ INFO] maestro.cli.runner.MaestroCommandRunner.runCommands$lambda$11: Take screenshot shots/13-verdict metadata CommandMetadata(numberOfRuns=null, evaluatedCommand=MaestroCommand(takeScreenshotCommand=TakeScreenshotCommand(path=shots/13-verdict, cropOn=null, label=null, optional=false)), logMessages=[], insight=Insight(message=, level=NONE), aiReasoning=null, labeledCommand=null)
09:14:59.542 [ INFO] maestro.Maestro.takeScreenshot: Taking screenshot
09:14:59.542 [TRACE] maestro.utils.ScreenshotUtils.takeScreenshot: Taking screenshot to output sink
09:14:59.690 [ INFO] maestro.cli.runner.MaestroCommandRunner.runCommands$lambda$2: Take screenshot shots/13-verdict COMPLETED
09:14:59.690 [ INFO] maestro.cli.runner.MaestroCommandRunner.runCommands$lambda$0: Tap on (Optional) "Continuer|Décision suivante|Voir le bilan" RUNNING
09:14:59.690 [ INFO] maestro.cli.runner.MaestroCommandRunner.runCommands$lambda$11: Tap on (Optional) "Continuer|Décision suivante|Voir le bilan" metadata CommandMetadata(numberOfRuns=null, evaluatedCommand=MaestroCommand(tapOnElementCommand=TapOnElementCommand(selector=ElementSelector(textRegex=Continuer|Décision suivante|Voir le bilan, idRegex=null, size=null, below=null, above=null, leftOf=null, rightOf=null, containsChild=null, containsDescendants=null, traits=null, index=null, enabled=null, optional=true, selected=null, checked=null, focused=null, childOf=null, css=null), retryIfNoChange=false, waitUntilVisible=false, longPress=false, repeat=null, waitToSettleTimeoutMs=null, relativePoint=null, label=null, optional=true)), logMessages=[], insight=Insight(message=, level=NONE), aiReasoning=null, labeledCommand=null)
09:15:06.656 [ INFO] maestro.orchestra.Orchestra.executeSubflowCommands: [Command execution subflow] CommandWarned: Element not found: Text matching regex: Continuer|Décision suivante|Voir le bilan
09:15:06.657 [ INFO] maestro.cli.runner.MaestroCommandRunner.runCommands$lambda$11: Repeat 14 times metadata CommandMetadata(numberOfRuns=6, evaluatedCommand=MaestroCommand(repeatCommand=RepeatCommand(times=14, condition=null, commands=[MaestroCommand(tapOnPointV2Command=TapOnPointV2Command(point=50%,38%, retryIfNoChange=false, longPress=false, repeat=null, waitToSettleTimeoutMs=null, label=null, optional=true)), MaestroCommand(tapOnElementCommand=TapOnElementCommand(selector=ElementSelector(textRegex=Vérifier, idRegex=null, size=null, below=null, above=null, leftOf=null, rightOf=null, containsChild=null, containsDescendants=null, traits=null, index=null, enabled=null, optional=true, selected=null, checked=null, focused=null, childOf=null, css=null), retryIfNoChange=false, waitUntilVisible=false, longPress=false, repeat=null, waitToSettleTimeoutMs=null, relativePoint=null, label=null, optional=true)), MaestroCommand(waitForAnimationToEndCommand=WaitForAnimationToEndCommand(timeout=null, label=null, optional=false)), MaestroCommand(takeScreenshotCommand=TakeScreenshotCommand(path=shots/13-verdict, cropOn=null, label=null, optional=false)), MaestroCommand(tapOnElementCommand=TapOnElementCommand(selector=ElementSelector(textRegex=Continuer|Décision suivante|Voir le bilan, idRegex=null, size=null, below=null, above=null, leftOf=null, rightOf=null, containsChild=null, containsDescendants=null, traits=null, index=null, enabled=null, optional=true, selected=null, checked=null, focused=null, childOf=null, css=null), retryIfNoChange=false, waitUntilVisible=false, longPress=false, repeat=null, waitToSettleTimeoutMs=null, relativePoint=null, label=null, optional=true)), MaestroCommand(waitForAnimationToEndCommand=WaitForAnimationToEndCommand(timeout=null, label=null, optional=false))], label=null, optional=false)), logMessages=[], insight=Insight(message=Element not found: Text matching regex: Continuer|Décision suivante|Voir le bilan, level=WARNING), aiReasoning=null, labeledCommand=null)
09:15:06.722 [ INFO] maestro.Maestro.takeScreenshot: Taking screenshot
09:15:06.723 [TRACE] maestro.utils.ScreenshotUtils.takeScreenshot: Taking screenshot to output sink
09:15:06.874 [ INFO] maestro.cli.runner.MaestroCommandRunner.runCommands$lambda$6: Tap on (Optional) "Continuer|Décision suivante|Voir le bilan" WARNED
09:15:06.874 [ INFO] maestro.cli.runner.MaestroCommandRunner.runCommands$lambda$0: Wait for animation to end RUNNING
09:15:06.874 [ INFO] maestro.cli.runner.MaestroCommandRunner.runCommands$lambda$11: Wait for animation to end metadata CommandMetadata(numberOfRuns=null, evaluatedCommand=MaestroCommand(waitForAnimationToEndCommand=WaitForAnimationToEndCommand(timeout=null, label=null, optional=false)), logMessages=[], insight=Insight(message=, level=NONE), aiReasoning=null, labeledCommand=null)
09:15:06.875 [ INFO] maestro.Maestro.waitForAnimationToEnd$lambda$53: Waiting for animation to end with timeout 15000
09:15:06.875 [TRACE] maestro.utils.ScreenshotUtils.takeScreenshot: Taking screenshot to byte array
09:15:06.875 [TRACE] maestro.utils.ScreenshotUtils.takeScreenshot: Taking screenshot to output sink
09:15:07.098 [TRACE] maestro.utils.ScreenshotUtils.takeScreenshot: Taking screenshot to byte array
09:15:07.098 [TRACE] maestro.utils.ScreenshotUtils.takeScreenshot: Taking screenshot to output sink
09:15:07.473 [ INFO] maestro.cli.runner.MaestroCommandRunner.runCommands$lambda$2: Wait for animation to end COMPLETED
09:15:07.473 [ INFO] maestro.cli.runner.MaestroCommandRunner.runCommands$lambda$11: Repeat 14 times metadata CommandMetadata(numberOfRuns=7, evaluatedCommand=MaestroCommand(repeatCommand=RepeatCommand(times=14, condition=null, commands=[MaestroCommand(tapOnPointV2Command=TapOnPointV2Command(point=50%,38%, retryIfNoChange=false, longPress=false, repeat=null, waitToSettleTimeoutMs=null, label=null, optional=true)), MaestroCommand(tapOnElementCommand=TapOnElementCommand(selector=ElementSelector(textRegex=Vérifier, idRegex=null, size=null, below=null, above=null, leftOf=null, rightOf=null, containsChild=null, containsDescendants=null, traits=null, index=null, enabled=null, optional=true, selected=null, checked=null, focused=null, childOf=null, css=null), retryIfNoChange=false, waitUntilVisible=false, longPress=false, repeat=null, waitToSettleTimeoutMs=null, relativePoint=null, label=null, optional=true)), MaestroCommand(waitForAnimationToEndCommand=WaitForAnimationToEndCommand(timeout=null, label=null, optional=false)), MaestroCommand(takeScreenshotCommand=TakeScreenshotCommand(path=shots/13-verdict, cropOn=null, label=null, optional=false)), MaestroCommand(tapOnElementCommand=TapOnElementCommand(selector=ElementSelector(textRegex=Continuer|Décision suivante|Voir le bilan, idRegex=null, size=null, below=null, above=null, leftOf=null, rightOf=null, containsChild=null, containsDescendants=null, traits=null, index=null, enabled=null, optional=true, selected=null, checked=null, focused=null, childOf=null, css=null), retryIfNoChange=false, waitUntilVisible=false, longPress=false, repeat=null, waitToSettleTimeoutMs=null, relativePoint=null, label=null, optional=true)), MaestroCommand(waitForAnimationToEndCommand=WaitForAnimationToEndCommand(timeout=null, label=null, optional=false))], label=null, optional=false)), logMessages=[], insight=Insight(message=, level=NONE), aiReasoning=null, labeledCommand=null)
09:15:07.474 [ INFO] maestro.cli.runner.MaestroCommandRunner.runCommands$lambda$10: Tap on point (50%,38%) PENDING
09:15:07.474 [ INFO] maestro.cli.runner.MaestroCommandRunner.runCommands$lambda$10: Tap on (Optional) "Vérifier" PENDING
09:15:07.474 [ INFO] maestro.cli.runner.MaestroCommandRunner.runCommands$lambda$10: Wait for animation to end PENDING
09:15:07.474 [ INFO] maestro.cli.runner.MaestroCommandRunner.runCommands$lambda$10: Take screenshot shots/13-verdict PENDING
09:15:07.474 [ INFO] maestro.cli.runner.MaestroCommandRunner.runCommands$lambda$10: Tap on (Optional) "Continuer|Décision suivante|Voir le bilan" PENDING
09:15:07.474 [ INFO] maestro.cli.runner.MaestroCommandRunner.runCommands$lambda$10: Wait for animation to end PENDING
09:15:07.474 [ INFO] maestro.cli.runner.MaestroCommandRunner.runCommands$lambda$0: Tap on point (50%,38%) RUNNING
09:15:07.474 [ INFO] maestro.cli.runner.MaestroCommandRunner.runCommands$lambda$11: Tap on point (50%,38%) metadata CommandMetadata(numberOfRuns=null, evaluatedCommand=MaestroCommand(tapOnPointV2Command=TapOnPointV2Command(point=50%,38%, retryIfNoChange=false, longPress=false, repeat=null, waitToSettleTimeoutMs=null, label=null, optional=true)), logMessages=[], insight=Insight(message=, level=NONE), aiReasoning=null, labeledCommand=null)
09:15:07.480 [ INFO] maestro.Maestro.hierarchyBasedTap-ogj28Uc: Tapping at (540, 912) using hierarchy based logic for wait
09:15:07.908 [ INFO] maestro.cli.runner.MaestroCommandRunner.runCommands$lambda$2: Tap on point (50%,38%) COMPLETED
09:15:07.908 [ INFO] maestro.cli.runner.MaestroCommandRunner.runCommands$lambda$0: Tap on (Optional) "Vérifier" RUNNING
09:15:07.909 [ INFO] maestro.cli.runner.MaestroCommandRunner.runCommands$lambda$11: Tap on (Optional) "Vérifier" metadata CommandMetadata(numberOfRuns=null, evaluatedCommand=MaestroCommand(tapOnElementCommand=TapOnElementCommand(selector=ElementSelector(textRegex=Vérifier, idRegex=null, size=null, below=null, above=null, leftOf=null, rightOf=null, containsChild=null, containsDescendants=null, traits=null, index=null, enabled=null, optional=true, selected=null, checked=null, focused=null, childOf=null, css=null), retryIfNoChange=false, waitUntilVisible=false, longPress=false, repeat=null, waitToSettleTimeoutMs=null, relativePoint=null, label=null, optional=true)), logMessages=[], insight=Insight(message=, level=NONE), aiReasoning=null, labeledCommand=null)
09:15:14.990 [ INFO] maestro.orchestra.Orchestra.executeSubflowCommands: [Command execution subflow] CommandWarned: Element not found: Text matching regex: Vérifier
09:15:14.990 [ INFO] maestro.cli.runner.MaestroCommandRunner.runCommands$lambda$11: Repeat 14 times metadata CommandMetadata(numberOfRuns=7, evaluatedCommand=MaestroCommand(repeatCommand=RepeatCommand(times=14, condition=null, commands=[MaestroCommand(tapOnPointV2Command=TapOnPointV2Command(point=50%,38%, retryIfNoChange=false, longPress=false, repeat=null, waitToSettleTimeoutMs=null, label=null, optional=true)), MaestroCommand(tapOnElementCommand=TapOnElementCommand(selector=ElementSelector(textRegex=Vérifier, idRegex=null, size=null, below=null, above=null, leftOf=null, rightOf=null, containsChild=null, containsDescendants=null, traits=null, index=null, enabled=null, optional=true, selected=null, checked=null, focused=null, childOf=null, css=null), retryIfNoChange=false, waitUntilVisible=false, longPress=false, repeat=null, waitToSettleTimeoutMs=null, relativePoint=null, label=null, optional=true)), MaestroCommand(waitForAnimationToEndCommand=WaitForAnimationToEndCommand(timeout=null, label=null, optional=false)), MaestroCommand(takeScreenshotCommand=TakeScreenshotCommand(path=shots/13-verdict, cropOn=null, label=null, optional=false)), MaestroCommand(tapOnElementCommand=TapOnElementCommand(selector=ElementSelector(textRegex=Continuer|Décision suivante|Voir le bilan, idRegex=null, size=null, below=null, above=null, leftOf=null, rightOf=null, containsChild=null, containsDescendants=null, traits=null, index=null, enabled=null, optional=true, selected=null, checked=null, focused=null, childOf=null, css=null), retryIfNoChange=false, waitUntilVisible=false, longPress=false, repeat=null, waitToSettleTimeoutMs=null, relativePoint=null, label=null, optional=true)), MaestroCommand(waitForAnimationToEndCommand=WaitForAnimationToEndCommand(timeout=null, label=null, optional=false))], label=null, optional=false)), logMessages=[], insight=Insight(message=Element not found: Text matching regex: Vérifier, level=WARNING), aiReasoning=null, labeledCommand=null)
09:15:15.062 [ INFO] maestro.Maestro.takeScreenshot: Taking screenshot
09:15:15.062 [TRACE] maestro.utils.ScreenshotUtils.takeScreenshot: Taking screenshot to output sink
09:15:15.249 [ INFO] maestro.cli.runner.MaestroCommandRunner.runCommands$lambda$6: Tap on (Optional) "Vérifier" WARNED
09:15:15.249 [ INFO] maestro.cli.runner.MaestroCommandRunner.runCommands$lambda$0: Wait for animation to end RUNNING
09:15:15.249 [ INFO] maestro.cli.runner.MaestroCommandRunner.runCommands$lambda$11: Wait for animation to end metadata CommandMetadata(numberOfRuns=null, evaluatedCommand=MaestroCommand(waitForAnimationToEndCommand=WaitForAnimationToEndCommand(timeout=null, label=null, optional=false)), logMessages=[], insight=Insight(message=, level=NONE), aiReasoning=null, labeledCommand=null)
09:15:15.249 [ INFO] maestro.Maestro.waitForAnimationToEnd$lambda$53: Waiting for animation to end with timeout 15000
09:15:15.249 [TRACE] maestro.utils.ScreenshotUtils.takeScreenshot: Taking screenshot to byte array
09:15:15.250 [TRACE] maestro.utils.ScreenshotUtils.takeScreenshot: Taking screenshot to output sink
09:15:15.477 [TRACE] maestro.utils.ScreenshotUtils.takeScreenshot: Taking screenshot to byte array
09:15:15.477 [TRACE] maestro.utils.ScreenshotUtils.takeScreenshot: Taking screenshot to output sink
09:15:15.849 [ INFO] maestro.cli.runner.MaestroCommandRunner.runCommands$lambda$2: Wait for animation to end COMPLETED
09:15:15.849 [ INFO] maestro.cli.runner.MaestroCommandRunner.runCommands$lambda$0: Take screenshot shots/13-verdict RUNNING
09:15:15.849 [ INFO] maestro.cli.runner.MaestroCommandRunner.runCommands$lambda$11: Take screenshot shots/13-verdict metadata CommandMetadata(numberOfRuns=null, evaluatedCommand=MaestroCommand(takeScreenshotCommand=TakeScreenshotCommand(path=shots/13-verdict, cropOn=null, label=null, optional=false)), logMessages=[], insight=Insight(message=, level=NONE), aiReasoning=null, labeledCommand=null)
09:15:15.850 [ INFO] maestro.Maestro.takeScreenshot: Taking screenshot
09:15:15.850 [TRACE] maestro.utils.ScreenshotUtils.takeScreenshot: Taking screenshot to output sink
09:15:16.002 [ INFO] maestro.cli.runner.MaestroCommandRunner.runCommands$lambda$2: Take screenshot shots/13-verdict COMPLETED
09:15:16.002 [ INFO] maestro.cli.runner.MaestroCommandRunner.runCommands$lambda$0: Tap on (Optional) "Continuer|Décision suivante|Voir le bilan" RUNNING
09:15:16.002 [ INFO] maestro.cli.runner.MaestroCommandRunner.runCommands$lambda$11: Tap on (Optional) "Continuer|Décision suivante|Voir le bilan" metadata CommandMetadata(numberOfRuns=null, evaluatedCommand=MaestroCommand(tapOnElementCommand=TapOnElementCommand(selector=ElementSelector(textRegex=Continuer|Décision suivante|Voir le bilan, idRegex=null, size=null, below=null, above=null, leftOf=null, rightOf=null, containsChild=null, containsDescendants=null, traits=null, index=null, enabled=null, optional=true, selected=null, checked=null, focused=null, childOf=null, css=null), retryIfNoChange=false, waitUntilVisible=false, longPress=false, repeat=null, waitToSettleTimeoutMs=null, relativePoint=null, label=null, optional=true)), logMessages=[], insight=Insight(message=, level=NONE), aiReasoning=null, labeledCommand=null)
09:15:23.056 [ INFO] maestro.orchestra.Orchestra.executeSubflowCommands: [Command execution subflow] CommandWarned: Element not found: Text matching regex: Continuer|Décision suivante|Voir le bilan
09:15:23.056 [ INFO] maestro.cli.runner.MaestroCommandRunner.runCommands$lambda$11: Repeat 14 times metadata CommandMetadata(numberOfRuns=7, evaluatedCommand=MaestroCommand(repeatCommand=RepeatCommand(times=14, condition=null, commands=[MaestroCommand(tapOnPointV2Command=TapOnPointV2Command(point=50%,38%, retryIfNoChange=false, longPress=false, repeat=null, waitToSettleTimeoutMs=null, label=null, optional=true)), MaestroCommand(tapOnElementCommand=TapOnElementCommand(selector=ElementSelector(textRegex=Vérifier, idRegex=null, size=null, below=null, above=null, leftOf=null, rightOf=null, containsChild=null, containsDescendants=null, traits=null, index=null, enabled=null, optional=true, selected=null, checked=null, focused=null, childOf=null, css=null), retryIfNoChange=false, waitUntilVisible=false, longPress=false, repeat=null, waitToSettleTimeoutMs=null, relativePoint=null, label=null, optional=true)), MaestroCommand(waitForAnimationToEndCommand=WaitForAnimationToEndCommand(timeout=null, label=null, optional=false)), MaestroCommand(takeScreenshotCommand=TakeScreenshotCommand(path=shots/13-verdict, cropOn=null, label=null, optional=false)), MaestroCommand(tapOnElementCommand=TapOnElementCommand(selector=ElementSelector(textRegex=Continuer|Décision suivante|Voir le bilan, idRegex=null, size=null, below=null, above=null, leftOf=null, rightOf=null, containsChild=null, containsDescendants=null, traits=null, index=null, enabled=null, optional=true, selected=null, checked=null, focused=null, childOf=null, css=null), retryIfNoChange=false, waitUntilVisible=false, longPress=false, repeat=null, waitToSettleTimeoutMs=null, relativePoint=null, label=null, optional=true)), MaestroCommand(waitForAnimationToEndCommand=WaitForAnimationToEndCommand(timeout=null, label=null, optional=false))], label=null, optional=false)), logMessages=[], insight=Insight(message=Element not found: Text matching regex: Continuer|Décision suivante|Voir le bilan, level=WARNING), aiReasoning=null, labeledCommand=null)
09:15:23.125 [ INFO] maestro.Maestro.takeScreenshot: Taking screenshot
09:15:23.125 [TRACE] maestro.utils.ScreenshotUtils.takeScreenshot: Taking screenshot to output sink
09:15:23.309 [ INFO] maestro.cli.runner.MaestroCommandRunner.runCommands$lambda$6: Tap on (Optional) "Continuer|Décision suivante|Voir le bilan" WARNED
09:15:23.309 [ INFO] maestro.cli.runner.MaestroCommandRunner.runCommands$lambda$0: Wait for animation to end RUNNING
09:15:23.310 [ INFO] maestro.cli.runner.MaestroCommandRunner.runCommands$lambda$11: Wait for animation to end metadata CommandMetadata(numberOfRuns=null, evaluatedCommand=MaestroCommand(waitForAnimationToEndCommand=WaitForAnimationToEndCommand(timeout=null, label=null, optional=false)), logMessages=[], insight=Insight(message=, level=NONE), aiReasoning=null, labeledCommand=null)
09:15:23.310 [ INFO] maestro.Maestro.waitForAnimationToEnd$lambda$53: Waiting for animation to end with timeout 15000
09:15:23.310 [TRACE] maestro.utils.ScreenshotUtils.takeScreenshot: Taking screenshot to byte array
09:15:23.310 [TRACE] maestro.utils.ScreenshotUtils.takeScreenshot: Taking screenshot to output sink
09:15:23.535 [TRACE] maestro.utils.ScreenshotUtils.takeScreenshot: Taking screenshot to byte array
09:15:23.535 [TRACE] maestro.utils.ScreenshotUtils.takeScreenshot: Taking screenshot to output sink
09:15:23.930 [ INFO] maestro.cli.runner.MaestroCommandRunner.runCommands$lambda$2: Wait for animation to end COMPLETED
09:15:23.931 [ INFO] maestro.cli.runner.MaestroCommandRunner.runCommands$lambda$11: Repeat 14 times metadata CommandMetadata(numberOfRuns=8, evaluatedCommand=MaestroCommand(repeatCommand=RepeatCommand(times=14, condition=null, commands=[MaestroCommand(tapOnPointV2Command=TapOnPointV2Command(point=50%,38%, retryIfNoChange=false, longPress=false, repeat=null, waitToSettleTimeoutMs=null, label=null, optional=true)), MaestroCommand(tapOnElementCommand=TapOnElementCommand(selector=ElementSelector(textRegex=Vérifier, idRegex=null, size=null, below=null, above=null, leftOf=null, rightOf=null, containsChild=null, containsDescendants=null, traits=null, index=null, enabled=null, optional=true, selected=null, checked=null, focused=null, childOf=null, css=null), retryIfNoChange=false, waitUntilVisible=false, longPress=false, repeat=null, waitToSettleTimeoutMs=null, relativePoint=null, label=null, optional=true)), MaestroCommand(waitForAnimationToEndCommand=WaitForAnimationToEndCommand(timeout=null, label=null, optional=false)), MaestroCommand(takeScreenshotCommand=TakeScreenshotCommand(path=shots/13-verdict, cropOn=null, label=null, optional=false)), MaestroCommand(tapOnElementCommand=TapOnElementCommand(selector=ElementSelector(textRegex=Continuer|Décision suivante|Voir le bilan, idRegex=null, size=null, below=null, above=null, leftOf=null, rightOf=null, containsChild=null, containsDescendants=null, traits=null, index=null, enabled=null, optional=true, selected=null, checked=null, focused=null, childOf=null, css=null), retryIfNoChange=false, waitUntilVisible=false, longPress=false, repeat=null, waitToSettleTimeoutMs=null, relativePoint=null, label=null, optional=true)), MaestroCommand(waitForAnimationToEndCommand=WaitForAnimationToEndCommand(timeout=null, label=null, optional=false))], label=null, optional=false)), logMessages=[], insight=Insight(message=, level=NONE), aiReasoning=null, labeledCommand=null)
09:15:23.931 [ INFO] maestro.cli.runner.MaestroCommandRunner.runCommands$lambda$10: Tap on point (50%,38%) PENDING
09:15:23.931 [ INFO] maestro.cli.runner.MaestroCommandRunner.runCommands$lambda$10: Tap on (Optional) "Vérifier" PENDING
09:15:23.931 [ INFO] maestro.cli.runner.MaestroCommandRunner.runCommands$lambda$10: Wait for animation to end PENDING
09:15:23.931 [ INFO] maestro.cli.runner.MaestroCommandRunner.runCommands$lambda$10: Take screenshot shots/13-verdict PENDING
09:15:23.931 [ INFO] maestro.cli.runner.MaestroCommandRunner.runCommands$lambda$10: Tap on (Optional) "Continuer|Décision suivante|Voir le bilan" PENDING
09:15:23.931 [ INFO] maestro.cli.runner.MaestroCommandRunner.runCommands$lambda$10: Wait for animation to end PENDING
09:15:23.931 [ INFO] maestro.cli.runner.MaestroCommandRunner.runCommands$lambda$0: Tap on point (50%,38%) RUNNING
09:15:23.932 [ INFO] maestro.cli.runner.MaestroCommandRunner.runCommands$lambda$11: Tap on point (50%,38%) metadata CommandMetadata(numberOfRuns=null, evaluatedCommand=MaestroCommand(tapOnPointV2Command=TapOnPointV2Command(point=50%,38%, retryIfNoChange=false, longPress=false, repeat=null, waitToSettleTimeoutMs=null, label=null, optional=true)), logMessages=[], insight=Insight(message=, level=NONE), aiReasoning=null, labeledCommand=null)
09:15:23.936 [ INFO] maestro.Maestro.hierarchyBasedTap-ogj28Uc: Tapping at (540, 912) using hierarchy based logic for wait
09:15:24.376 [ INFO] maestro.cli.runner.MaestroCommandRunner.runCommands$lambda$2: Tap on point (50%,38%) COMPLETED
09:15:24.376 [ INFO] maestro.cli.runner.MaestroCommandRunner.runCommands$lambda$0: Tap on (Optional) "Vérifier" RUNNING
09:15:24.377 [ INFO] maestro.cli.runner.MaestroCommandRunner.runCommands$lambda$11: Tap on (Optional) "Vérifier" metadata CommandMetadata(numberOfRuns=null, evaluatedCommand=MaestroCommand(tapOnElementCommand=TapOnElementCommand(selector=ElementSelector(textRegex=Vérifier, idRegex=null, size=null, below=null, above=null, leftOf=null, rightOf=null, containsChild=null, containsDescendants=null, traits=null, index=null, enabled=null, optional=true, selected=null, checked=null, focused=null, childOf=null, css=null), retryIfNoChange=false, waitUntilVisible=false, longPress=false, repeat=null, waitToSettleTimeoutMs=null, relativePoint=null, label=null, optional=true)), logMessages=[], insight=Insight(message=, level=NONE), aiReasoning=null, labeledCommand=null)
09:15:31.488 [ INFO] maestro.orchestra.Orchestra.executeSubflowCommands: [Command execution subflow] CommandWarned: Element not found: Text matching regex: Vérifier
09:15:31.488 [ INFO] maestro.cli.runner.MaestroCommandRunner.runCommands$lambda$11: Repeat 14 times metadata CommandMetadata(numberOfRuns=8, evaluatedCommand=MaestroCommand(repeatCommand=RepeatCommand(times=14, condition=null, commands=[MaestroCommand(tapOnPointV2Command=TapOnPointV2Command(point=50%,38%, retryIfNoChange=false, longPress=false, repeat=null, waitToSettleTimeoutMs=null, label=null, optional=true)), MaestroCommand(tapOnElementCommand=TapOnElementCommand(selector=ElementSelector(textRegex=Vérifier, idRegex=null, size=null, below=null, above=null, leftOf=null, rightOf=null, containsChild=null, containsDescendants=null, traits=null, index=null, enabled=null, optional=true, selected=null, checked=null, focused=null, childOf=null, css=null), retryIfNoChange=false, waitUntilVisible=false, longPress=false, repeat=null, waitToSettleTimeoutMs=null, relativePoint=null, label=null, optional=true)), MaestroCommand(waitForAnimationToEndCommand=WaitForAnimationToEndCommand(timeout=null, label=null, optional=false)), MaestroCommand(takeScreenshotCommand=TakeScreenshotCommand(path=shots/13-verdict, cropOn=null, label=null, optional=false)), MaestroCommand(tapOnElementCommand=TapOnElementCommand(selector=ElementSelector(textRegex=Continuer|Décision suivante|Voir le bilan, idRegex=null, size=null, below=null, above=null, leftOf=null, rightOf=null, containsChild=null, containsDescendants=null, traits=null, index=null, enabled=null, optional=true, selected=null, checked=null, focused=null, childOf=null, css=null), retryIfNoChange=false, waitUntilVisible=false, longPress=false, repeat=null, waitToSettleTimeoutMs=null, relativePoint=null, label=null, optional=true)), MaestroCommand(waitForAnimationToEndCommand=WaitForAnimationToEndCommand(timeout=null, label=null, optional=false))], label=null, optional=false)), logMessages=[], insight=Insight(message=Element not found: Text matching regex: Vérifier, level=WARNING), aiReasoning=null, labeledCommand=null)
09:15:31.593 [ INFO] maestro.Maestro.takeScreenshot: Taking screenshot
09:15:31.593 [TRACE] maestro.utils.ScreenshotUtils.takeScreenshot: Taking screenshot to output sink
09:15:31.748 [ INFO] maestro.cli.runner.MaestroCommandRunner.runCommands$lambda$6: Tap on (Optional) "Vérifier" WARNED
09:15:31.748 [ INFO] maestro.cli.runner.MaestroCommandRunner.runCommands$lambda$0: Wait for animation to end RUNNING
09:15:31.748 [ INFO] maestro.cli.runner.MaestroCommandRunner.runCommands$lambda$11: Wait for animation to end metadata CommandMetadata(numberOfRuns=null, evaluatedCommand=MaestroCommand(waitForAnimationToEndCommand=WaitForAnimationToEndCommand(timeout=null, label=null, optional=false)), logMessages=[], insight=Insight(message=, level=NONE), aiReasoning=null, labeledCommand=null)
09:15:31.748 [ INFO] maestro.Maestro.waitForAnimationToEnd$lambda$53: Waiting for animation to end with timeout 15000
09:15:31.749 [TRACE] maestro.utils.ScreenshotUtils.takeScreenshot: Taking screenshot to byte array
09:15:31.749 [TRACE] maestro.utils.ScreenshotUtils.takeScreenshot: Taking screenshot to output sink
09:15:31.977 [TRACE] maestro.utils.ScreenshotUtils.takeScreenshot: Taking screenshot to byte array
09:15:31.977 [TRACE] maestro.utils.ScreenshotUtils.takeScreenshot: Taking screenshot to output sink
09:15:32.351 [ INFO] maestro.cli.runner.MaestroCommandRunner.runCommands$lambda$2: Wait for animation to end COMPLETED
09:15:32.351 [ INFO] maestro.cli.runner.MaestroCommandRunner.runCommands$lambda$0: Take screenshot shots/13-verdict RUNNING
09:15:32.351 [ INFO] maestro.cli.runner.MaestroCommandRunner.runCommands$lambda$11: Take screenshot shots/13-verdict metadata CommandMetadata(numberOfRuns=null, evaluatedCommand=MaestroCommand(takeScreenshotCommand=TakeScreenshotCommand(path=shots/13-verdict, cropOn=null, label=null, optional=false)), logMessages=[], insight=Insight(message=, level=NONE), aiReasoning=null, labeledCommand=null)
09:15:32.352 [ INFO] maestro.Maestro.takeScreenshot: Taking screenshot
09:15:32.352 [TRACE] maestro.utils.ScreenshotUtils.takeScreenshot: Taking screenshot to output sink
09:15:32.497 [ INFO] maestro.cli.runner.MaestroCommandRunner.runCommands$lambda$2: Take screenshot shots/13-verdict COMPLETED
09:15:32.497 [ INFO] maestro.cli.runner.MaestroCommandRunner.runCommands$lambda$0: Tap on (Optional) "Continuer|Décision suivante|Voir le bilan" RUNNING
09:15:32.497 [ INFO] maestro.cli.runner.MaestroCommandRunner.runCommands$lambda$11: Tap on (Optional) "Continuer|Décision suivante|Voir le bilan" metadata CommandMetadata(numberOfRuns=null, evaluatedCommand=MaestroCommand(tapOnElementCommand=TapOnElementCommand(selector=ElementSelector(textRegex=Continuer|Décision suivante|Voir le bilan, idRegex=null, size=null, below=null, above=null, leftOf=null, rightOf=null, containsChild=null, containsDescendants=null, traits=null, index=null, enabled=null, optional=true, selected=null, checked=null, focused=null, childOf=null, css=null), retryIfNoChange=false, waitUntilVisible=false, longPress=false, repeat=null, waitToSettleTimeoutMs=null, relativePoint=null, label=null, optional=true)), logMessages=[], insight=Insight(message=, level=NONE), aiReasoning=null, labeledCommand=null)
09:15:39.523 [ INFO] maestro.orchestra.Orchestra.executeSubflowCommands: [Command execution subflow] CommandWarned: Element not found: Text matching regex: Continuer|Décision suivante|Voir le bilan
09:15:39.524 [ INFO] maestro.cli.runner.MaestroCommandRunner.runCommands$lambda$11: Repeat 14 times metadata CommandMetadata(numberOfRuns=8, evaluatedCommand=MaestroCommand(repeatCommand=RepeatCommand(times=14, condition=null, commands=[MaestroCommand(tapOnPointV2Command=TapOnPointV2Command(point=50%,38%, retryIfNoChange=false, longPress=false, repeat=null, waitToSettleTimeoutMs=null, label=null, optional=true)), MaestroCommand(tapOnElementCommand=TapOnElementCommand(selector=ElementSelector(textRegex=Vérifier, idRegex=null, size=null, below=null, above=null, leftOf=null, rightOf=null, containsChild=null, containsDescendants=null, traits=null, index=null, enabled=null, optional=true, selected=null, checked=null, focused=null, childOf=null, css=null), retryIfNoChange=false, waitUntilVisible=false, longPress=false, repeat=null, waitToSettleTimeoutMs=null, relativePoint=null, label=null, optional=true)), MaestroCommand(waitForAnimationToEndCommand=WaitForAnimationToEndCommand(timeout=null, label=null, optional=false)), MaestroCommand(takeScreenshotCommand=TakeScreenshotCommand(path=shots/13-verdict, cropOn=null, label=null, optional=false)), MaestroCommand(tapOnElementCommand=TapOnElementCommand(selector=ElementSelector(textRegex=Continuer|Décision suivante|Voir le bilan, idRegex=null, size=null, below=null, above=null, leftOf=null, rightOf=null, containsChild=null, containsDescendants=null, traits=null, index=null, enabled=null, optional=true, selected=null, checked=null, focused=null, childOf=null, css=null), retryIfNoChange=false, waitUntilVisible=false, longPress=false, repeat=null, waitToSettleTimeoutMs=null, relativePoint=null, label=null, optional=true)), MaestroCommand(waitForAnimationToEndCommand=WaitForAnimationToEndCommand(timeout=null, label=null, optional=false))], label=null, optional=false)), logMessages=[], insight=Insight(message=Element not found: Text matching regex: Continuer|Décision suivante|Voir le bilan, level=WARNING), aiReasoning=null, labeledCommand=null)
09:15:39.598 [ INFO] maestro.Maestro.takeScreenshot: Taking screenshot
09:15:39.598 [TRACE] maestro.utils.ScreenshotUtils.takeScreenshot: Taking screenshot to output sink
09:15:39.786 [ INFO] maestro.cli.runner.MaestroCommandRunner.runCommands$lambda$6: Tap on (Optional) "Continuer|Décision suivante|Voir le bilan" WARNED
09:15:39.786 [ INFO] maestro.cli.runner.MaestroCommandRunner.runCommands$lambda$0: Wait for animation to end RUNNING
09:15:39.786 [ INFO] maestro.cli.runner.MaestroCommandRunner.runCommands$lambda$11: Wait for animation to end metadata CommandMetadata(numberOfRuns=null, evaluatedCommand=MaestroCommand(waitForAnimationToEndCommand=WaitForAnimationToEndCommand(timeout=null, label=null, optional=false)), logMessages=[], insight=Insight(message=, level=NONE), aiReasoning=null, labeledCommand=null)
09:15:39.786 [ INFO] maestro.Maestro.waitForAnimationToEnd$lambda$53: Waiting for animation to end with timeout 15000
09:15:39.786 [TRACE] maestro.utils.ScreenshotUtils.takeScreenshot: Taking screenshot to byte array
09:15:39.786 [TRACE] maestro.utils.ScreenshotUtils.takeScreenshot: Taking screenshot to output sink
09:15:40.009 [TRACE] maestro.utils.ScreenshotUtils.takeScreenshot: Taking screenshot to byte array
09:15:40.009 [TRACE] maestro.utils.ScreenshotUtils.takeScreenshot: Taking screenshot to output sink
09:15:40.381 [ INFO] maestro.cli.runner.MaestroCommandRunner.runCommands$lambda$2: Wait for animation to end COMPLETED
09:15:40.382 [ INFO] maestro.cli.runner.MaestroCommandRunner.runCommands$lambda$11: Repeat 14 times metadata CommandMetadata(numberOfRuns=9, evaluatedCommand=MaestroCommand(repeatCommand=RepeatCommand(times=14, condition=null, commands=[MaestroCommand(tapOnPointV2Command=TapOnPointV2Command(point=50%,38%, retryIfNoChange=false, longPress=false, repeat=null, waitToSettleTimeoutMs=null, label=null, optional=true)), MaestroCommand(tapOnElementCommand=TapOnElementCommand(selector=ElementSelector(textRegex=Vérifier, idRegex=null, size=null, below=null, above=null, leftOf=null, rightOf=null, containsChild=null, containsDescendants=null, traits=null, index=null, enabled=null, optional=true, selected=null, checked=null, focused=null, childOf=null, css=null), retryIfNoChange=false, waitUntilVisible=false, longPress=false, repeat=null, waitToSettleTimeoutMs=null, relativePoint=null, label=null, optional=true)), MaestroCommand(waitForAnimationToEndCommand=WaitForAnimationToEndCommand(timeout=null, label=null, optional=false)), MaestroCommand(takeScreenshotCommand=TakeScreenshotCommand(path=shots/13-verdict, cropOn=null, label=null, optional=false)), MaestroCommand(tapOnElementCommand=TapOnElementCommand(selector=ElementSelector(textRegex=Continuer|Décision suivante|Voir le bilan, idRegex=null, size=null, below=null, above=null, leftOf=null, rightOf=null, containsChild=null, containsDescendants=null, traits=null, index=null, enabled=null, optional=true, selected=null, checked=null, focused=null, childOf=null, css=null), retryIfNoChange=false, waitUntilVisible=false, longPress=false, repeat=null, waitToSettleTimeoutMs=null, relativePoint=null, label=null, optional=true)), MaestroCommand(waitForAnimationToEndCommand=WaitForAnimationToEndCommand(timeout=null, label=null, optional=false))], label=null, optional=false)), logMessages=[], insight=Insight(message=, level=NONE), aiReasoning=null, labeledCommand=null)
09:15:40.382 [ INFO] maestro.cli.runner.MaestroCommandRunner.runCommands$lambda$10: Tap on point (50%,38%) PENDING
09:15:40.382 [ INFO] maestro.cli.runner.MaestroCommandRunner.runCommands$lambda$10: Tap on (Optional) "Vérifier" PENDING
09:15:40.382 [ INFO] maestro.cli.runner.MaestroCommandRunner.runCommands$lambda$10: Wait for animation to end PENDING
09:15:40.382 [ INFO] maestro.cli.runner.MaestroCommandRunner.runCommands$lambda$10: Take screenshot shots/13-verdict PENDING
09:15:40.382 [ INFO] maestro.cli.runner.MaestroCommandRunner.runCommands$lambda$10: Tap on (Optional) "Continuer|Décision suivante|Voir le bilan" PENDING
09:15:40.382 [ INFO] maestro.cli.runner.MaestroCommandRunner.runCommands$lambda$10: Wait for animation to end PENDING
09:15:40.382 [ INFO] maestro.cli.runner.MaestroCommandRunner.runCommands$lambda$0: Tap on point (50%,38%) RUNNING
09:15:40.383 [ INFO] maestro.cli.runner.MaestroCommandRunner.runCommands$lambda$11: Tap on point (50%,38%) metadata CommandMetadata(numberOfRuns=null, evaluatedCommand=MaestroCommand(tapOnPointV2Command=TapOnPointV2Command(point=50%,38%, retryIfNoChange=false, longPress=false, repeat=null, waitToSettleTimeoutMs=null, label=null, optional=true)), logMessages=[], insight=Insight(message=, level=NONE), aiReasoning=null, labeledCommand=null)
09:15:40.387 [ INFO] maestro.Maestro.hierarchyBasedTap-ogj28Uc: Tapping at (540, 912) using hierarchy based logic for wait
09:15:40.776 [ INFO] maestro.cli.runner.MaestroCommandRunner.runCommands$lambda$2: Tap on point (50%,38%) COMPLETED
09:15:40.776 [ INFO] maestro.cli.runner.MaestroCommandRunner.runCommands$lambda$0: Tap on (Optional) "Vérifier" RUNNING
09:15:40.776 [ INFO] maestro.cli.runner.MaestroCommandRunner.runCommands$lambda$11: Tap on (Optional) "Vérifier" metadata CommandMetadata(numberOfRuns=null, evaluatedCommand=MaestroCommand(tapOnElementCommand=TapOnElementCommand(selector=ElementSelector(textRegex=Vérifier, idRegex=null, size=null, below=null, above=null, leftOf=null, rightOf=null, containsChild=null, containsDescendants=null, traits=null, index=null, enabled=null, optional=true, selected=null, checked=null, focused=null, childOf=null, css=null), retryIfNoChange=false, waitUntilVisible=false, longPress=false, repeat=null, waitToSettleTimeoutMs=null, relativePoint=null, label=null, optional=true)), logMessages=[], insight=Insight(message=, level=NONE), aiReasoning=null, labeledCommand=null)
09:15:47.900 [ INFO] maestro.orchestra.Orchestra.executeSubflowCommands: [Command execution subflow] CommandWarned: Element not found: Text matching regex: Vérifier
09:15:47.900 [ INFO] maestro.cli.runner.MaestroCommandRunner.runCommands$lambda$11: Repeat 14 times metadata CommandMetadata(numberOfRuns=9, evaluatedCommand=MaestroCommand(repeatCommand=RepeatCommand(times=14, condition=null, commands=[MaestroCommand(tapOnPointV2Command=TapOnPointV2Command(point=50%,38%, retryIfNoChange=false, longPress=false, repeat=null, waitToSettleTimeoutMs=null, label=null, optional=true)), MaestroCommand(tapOnElementCommand=TapOnElementCommand(selector=ElementSelector(textRegex=Vérifier, idRegex=null, size=null, below=null, above=null, leftOf=null, rightOf=null, containsChild=null, containsDescendants=null, traits=null, index=null, enabled=null, optional=true, selected=null, checked=null, focused=null, childOf=null, css=null), retryIfNoChange=false, waitUntilVisible=false, longPress=false, repeat=null, waitToSettleTimeoutMs=null, relativePoint=null, label=null, optional=true)), MaestroCommand(waitForAnimationToEndCommand=WaitForAnimationToEndCommand(timeout=null, label=null, optional=false)), MaestroCommand(takeScreenshotCommand=TakeScreenshotCommand(path=shots/13-verdict, cropOn=null, label=null, optional=false)), MaestroCommand(tapOnElementCommand=TapOnElementCommand(selector=ElementSelector(textRegex=Continuer|Décision suivante|Voir le bilan, idRegex=null, size=null, below=null, above=null, leftOf=null, rightOf=null, containsChild=null, containsDescendants=null, traits=null, index=null, enabled=null, optional=true, selected=null, checked=null, focused=null, childOf=null, css=null), retryIfNoChange=false, waitUntilVisible=false, longPress=false, repeat=null, waitToSettleTimeoutMs=null, relativePoint=null, label=null, optional=true)), MaestroCommand(waitForAnimationToEndCommand=WaitForAnimationToEndCommand(timeout=null, label=null, optional=false))], label=null, optional=false)), logMessages=[], insight=Insight(message=Element not found: Text matching regex: Vérifier, level=WARNING), aiReasoning=null, labeledCommand=null)
09:15:48.009 [ INFO] maestro.Maestro.takeScreenshot: Taking screenshot
09:15:48.009 [TRACE] maestro.utils.ScreenshotUtils.takeScreenshot: Taking screenshot to output sink
09:15:48.247 [ INFO] maestro.cli.runner.MaestroCommandRunner.runCommands$lambda$6: Tap on (Optional) "Vérifier" WARNED
09:15:48.247 [ INFO] maestro.cli.runner.MaestroCommandRunner.runCommands$lambda$0: Wait for animation to end RUNNING
09:15:48.247 [ INFO] maestro.cli.runner.MaestroCommandRunner.runCommands$lambda$11: Wait for animation to end metadata CommandMetadata(numberOfRuns=null, evaluatedCommand=MaestroCommand(waitForAnimationToEndCommand=WaitForAnimationToEndCommand(timeout=null, label=null, optional=false)), logMessages=[], insight=Insight(message=, level=NONE), aiReasoning=null, labeledCommand=null)
09:15:48.247 [ INFO] maestro.Maestro.waitForAnimationToEnd$lambda$53: Waiting for animation to end with timeout 15000
09:15:48.247 [TRACE] maestro.utils.ScreenshotUtils.takeScreenshot: Taking screenshot to byte array
09:15:48.247 [TRACE] maestro.utils.ScreenshotUtils.takeScreenshot: Taking screenshot to output sink
09:15:48.523 [TRACE] maestro.utils.ScreenshotUtils.takeScreenshot: Taking screenshot to byte array
09:15:48.523 [TRACE] maestro.utils.ScreenshotUtils.takeScreenshot: Taking screenshot to output sink
09:15:48.933 [ INFO] maestro.cli.runner.MaestroCommandRunner.runCommands$lambda$2: Wait for animation to end COMPLETED
09:15:48.933 [ INFO] maestro.cli.runner.MaestroCommandRunner.runCommands$lambda$0: Take screenshot shots/13-verdict RUNNING
09:15:48.933 [ INFO] maestro.cli.runner.MaestroCommandRunner.runCommands$lambda$11: Take screenshot shots/13-verdict metadata CommandMetadata(numberOfRuns=null, evaluatedCommand=MaestroCommand(takeScreenshotCommand=TakeScreenshotCommand(path=shots/13-verdict, cropOn=null, label=null, optional=false)), logMessages=[], insight=Insight(message=, level=NONE), aiReasoning=null, labeledCommand=null)
09:15:48.934 [ INFO] maestro.Maestro.takeScreenshot: Taking screenshot
09:15:48.934 [TRACE] maestro.utils.ScreenshotUtils.takeScreenshot: Taking screenshot to output sink
09:15:49.130 [ INFO] maestro.cli.runner.MaestroCommandRunner.runCommands$lambda$2: Take screenshot shots/13-verdict COMPLETED
09:15:49.130 [ INFO] maestro.cli.runner.MaestroCommandRunner.runCommands$lambda$0: Tap on (Optional) "Continuer|Décision suivante|Voir le bilan" RUNNING
09:15:49.130 [ INFO] maestro.cli.runner.MaestroCommandRunner.runCommands$lambda$11: Tap on (Optional) "Continuer|Décision suivante|Voir le bilan" metadata CommandMetadata(numberOfRuns=null, evaluatedCommand=MaestroCommand(tapOnElementCommand=TapOnElementCommand(selector=ElementSelector(textRegex=Continuer|Décision suivante|Voir le bilan, idRegex=null, size=null, below=null, above=null, leftOf=null, rightOf=null, containsChild=null, containsDescendants=null, traits=null, index=null, enabled=null, optional=true, selected=null, checked=null, focused=null, childOf=null, css=null), retryIfNoChange=false, waitUntilVisible=false, longPress=false, repeat=null, waitToSettleTimeoutMs=null, relativePoint=null, label=null, optional=true)), logMessages=[], insight=Insight(message=, level=NONE), aiReasoning=null, labeledCommand=null)
09:15:56.120 [ INFO] maestro.orchestra.Orchestra.executeSubflowCommands: [Command execution subflow] CommandWarned: Element not found: Text matching regex: Continuer|Décision suivante|Voir le bilan
09:15:56.120 [ INFO] maestro.cli.runner.MaestroCommandRunner.runCommands$lambda$11: Repeat 14 times metadata CommandMetadata(numberOfRuns=9, evaluatedCommand=MaestroCommand(repeatCommand=RepeatCommand(times=14, condition=null, commands=[MaestroCommand(tapOnPointV2Command=TapOnPointV2Command(point=50%,38%, retryIfNoChange=false, longPress=false, repeat=null, waitToSettleTimeoutMs=null, label=null, optional=true)), MaestroCommand(tapOnElementCommand=TapOnElementCommand(selector=ElementSelector(textRegex=Vérifier, idRegex=null, size=null, below=null, above=null, leftOf=null, rightOf=null, containsChild=null, containsDescendants=null, traits=null, index=null, enabled=null, optional=true, selected=null, checked=null, focused=null, childOf=null, css=null), retryIfNoChange=false, waitUntilVisible=false, longPress=false, repeat=null, waitToSettleTimeoutMs=null, relativePoint=null, label=null, optional=true)), MaestroCommand(waitForAnimationToEndCommand=WaitForAnimationToEndCommand(timeout=null, label=null, optional=false)), MaestroCommand(takeScreenshotCommand=TakeScreenshotCommand(path=shots/13-verdict, cropOn=null, label=null, optional=false)), MaestroCommand(tapOnElementCommand=TapOnElementCommand(selector=ElementSelector(textRegex=Continuer|Décision suivante|Voir le bilan, idRegex=null, size=null, below=null, above=null, leftOf=null, rightOf=null, containsChild=null, containsDescendants=null, traits=null, index=null, enabled=null, optional=true, selected=null, checked=null, focused=null, childOf=null, css=null), retryIfNoChange=false, waitUntilVisible=false, longPress=false, repeat=null, waitToSettleTimeoutMs=null, relativePoint=null, label=null, optional=true)), MaestroCommand(waitForAnimationToEndCommand=WaitForAnimationToEndCommand(timeout=null, label=null, optional=false))], label=null, optional=false)), logMessages=[], insight=Insight(message=Element not found: Text matching regex: Continuer|Décision suivante|Voir le bilan, level=WARNING), aiReasoning=null, labeledCommand=null)
09:15:56.224 [ INFO] maestro.Maestro.takeScreenshot: Taking screenshot
09:15:56.225 [TRACE] maestro.utils.ScreenshotUtils.takeScreenshot: Taking screenshot to output sink
09:15:56.377 [ INFO] maestro.cli.runner.MaestroCommandRunner.runCommands$lambda$6: Tap on (Optional) "Continuer|Décision suivante|Voir le bilan" WARNED
09:15:56.378 [ INFO] maestro.cli.runner.MaestroCommandRunner.runCommands$lambda$0: Wait for animation to end RUNNING
09:15:56.378 [ INFO] maestro.cli.runner.MaestroCommandRunner.runCommands$lambda$11: Wait for animation to end metadata CommandMetadata(numberOfRuns=null, evaluatedCommand=MaestroCommand(waitForAnimationToEndCommand=WaitForAnimationToEndCommand(timeout=null, label=null, optional=false)), logMessages=[], insight=Insight(message=, level=NONE), aiReasoning=null, labeledCommand=null)
09:15:56.378 [ INFO] maestro.Maestro.waitForAnimationToEnd$lambda$53: Waiting for animation to end with timeout 15000
09:15:56.378 [TRACE] maestro.utils.ScreenshotUtils.takeScreenshot: Taking screenshot to byte array
09:15:56.378 [TRACE] maestro.utils.ScreenshotUtils.takeScreenshot: Taking screenshot to output sink
09:15:56.600 [TRACE] maestro.utils.ScreenshotUtils.takeScreenshot: Taking screenshot to byte array
09:15:56.600 [TRACE] maestro.utils.ScreenshotUtils.takeScreenshot: Taking screenshot to output sink
09:15:56.971 [ INFO] maestro.cli.runner.MaestroCommandRunner.runCommands$lambda$2: Wait for animation to end COMPLETED
09:15:56.971 [ INFO] maestro.cli.runner.MaestroCommandRunner.runCommands$lambda$11: Repeat 14 times metadata CommandMetadata(numberOfRuns=10, evaluatedCommand=MaestroCommand(repeatCommand=RepeatCommand(times=14, condition=null, commands=[MaestroCommand(tapOnPointV2Command=TapOnPointV2Command(point=50%,38%, retryIfNoChange=false, longPress=false, repeat=null, waitToSettleTimeoutMs=null, label=null, optional=true)), MaestroCommand(tapOnElementCommand=TapOnElementCommand(selector=ElementSelector(textRegex=Vérifier, idRegex=null, size=null, below=null, above=null, leftOf=null, rightOf=null, containsChild=null, containsDescendants=null, traits=null, index=null, enabled=null, optional=true, selected=null, checked=null, focused=null, childOf=null, css=null), retryIfNoChange=false, waitUntilVisible=false, longPress=false, repeat=null, waitToSettleTimeoutMs=null, relativePoint=null, label=null, optional=true)), MaestroCommand(waitForAnimationToEndCommand=WaitForAnimationToEndCommand(timeout=null, label=null, optional=false)), MaestroCommand(takeScreenshotCommand=TakeScreenshotCommand(path=shots/13-verdict, cropOn=null, label=null, optional=false)), MaestroCommand(tapOnElementCommand=TapOnElementCommand(selector=ElementSelector(textRegex=Continuer|Décision suivante|Voir le bilan, idRegex=null, size=null, below=null, above=null, leftOf=null, rightOf=null, containsChild=null, containsDescendants=null, traits=null, index=null, enabled=null, optional=true, selected=null, checked=null, focused=null, childOf=null, css=null), retryIfNoChange=false, waitUntilVisible=false, longPress=false, repeat=null, waitToSettleTimeoutMs=null, relativePoint=null, label=null, optional=true)), MaestroCommand(waitForAnimationToEndCommand=WaitForAnimationToEndCommand(timeout=null, label=null, optional=false))], label=null, optional=false)), logMessages=[], insight=Insight(message=, level=NONE), aiReasoning=null, labeledCommand=null)
09:15:56.972 [ INFO] maestro.cli.runner.MaestroCommandRunner.runCommands$lambda$10: Tap on point (50%,38%) PENDING
09:15:56.972 [ INFO] maestro.cli.runner.MaestroCommandRunner.runCommands$lambda$10: Tap on (Optional) "Vérifier" PENDING
09:15:56.972 [ INFO] maestro.cli.runner.MaestroCommandRunner.runCommands$lambda$10: Wait for animation to end PENDING
09:15:56.972 [ INFO] maestro.cli.runner.MaestroCommandRunner.runCommands$lambda$10: Take screenshot shots/13-verdict PENDING
09:15:56.972 [ INFO] maestro.cli.runner.MaestroCommandRunner.runCommands$lambda$10: Tap on (Optional) "Continuer|Décision suivante|Voir le bilan" PENDING
09:15:56.972 [ INFO] maestro.cli.runner.MaestroCommandRunner.runCommands$lambda$10: Wait for animation to end PENDING
09:15:56.972 [ INFO] maestro.cli.runner.MaestroCommandRunner.runCommands$lambda$0: Tap on point (50%,38%) RUNNING
09:15:56.972 [ INFO] maestro.cli.runner.MaestroCommandRunner.runCommands$lambda$11: Tap on point (50%,38%) metadata CommandMetadata(numberOfRuns=null, evaluatedCommand=MaestroCommand(tapOnPointV2Command=TapOnPointV2Command(point=50%,38%, retryIfNoChange=false, longPress=false, repeat=null, waitToSettleTimeoutMs=null, label=null, optional=true)), logMessages=[], insight=Insight(message=, level=NONE), aiReasoning=null, labeledCommand=null)
09:15:56.978 [ INFO] maestro.Maestro.hierarchyBasedTap-ogj28Uc: Tapping at (540, 912) using hierarchy based logic for wait
09:15:57.440 [ INFO] maestro.cli.runner.MaestroCommandRunner.runCommands$lambda$2: Tap on point (50%,38%) COMPLETED
09:15:57.440 [ INFO] maestro.cli.runner.MaestroCommandRunner.runCommands$lambda$0: Tap on (Optional) "Vérifier" RUNNING
09:15:57.440 [ INFO] maestro.cli.runner.MaestroCommandRunner.runCommands$lambda$11: Tap on (Optional) "Vérifier" metadata CommandMetadata(numberOfRuns=null, evaluatedCommand=MaestroCommand(tapOnElementCommand=TapOnElementCommand(selector=ElementSelector(textRegex=Vérifier, idRegex=null, size=null, below=null, above=null, leftOf=null, rightOf=null, containsChild=null, containsDescendants=null, traits=null, index=null, enabled=null, optional=true, selected=null, checked=null, focused=null, childOf=null, css=null), retryIfNoChange=false, waitUntilVisible=false, longPress=false, repeat=null, waitToSettleTimeoutMs=null, relativePoint=null, label=null, optional=true)), logMessages=[], insight=Insight(message=, level=NONE), aiReasoning=null, labeledCommand=null)
09:16:04.579 [ INFO] maestro.orchestra.Orchestra.executeSubflowCommands: [Command execution subflow] CommandWarned: Element not found: Text matching regex: Vérifier
09:16:04.580 [ INFO] maestro.cli.runner.MaestroCommandRunner.runCommands$lambda$11: Repeat 14 times metadata CommandMetadata(numberOfRuns=10, evaluatedCommand=MaestroCommand(repeatCommand=RepeatCommand(times=14, condition=null, commands=[MaestroCommand(tapOnPointV2Command=TapOnPointV2Command(point=50%,38%, retryIfNoChange=false, longPress=false, repeat=null, waitToSettleTimeoutMs=null, label=null, optional=true)), MaestroCommand(tapOnElementCommand=TapOnElementCommand(selector=ElementSelector(textRegex=Vérifier, idRegex=null, size=null, below=null, above=null, leftOf=null, rightOf=null, containsChild=null, containsDescendants=null, traits=null, index=null, enabled=null, optional=true, selected=null, checked=null, focused=null, childOf=null, css=null), retryIfNoChange=false, waitUntilVisible=false, longPress=false, repeat=null, waitToSettleTimeoutMs=null, relativePoint=null, label=null, optional=true)), MaestroCommand(waitForAnimationToEndCommand=WaitForAnimationToEndCommand(timeout=null, label=null, optional=false)), MaestroCommand(takeScreenshotCommand=TakeScreenshotCommand(path=shots/13-verdict, cropOn=null, label=null, optional=false)), MaestroCommand(tapOnElementCommand=TapOnElementCommand(selector=ElementSelector(textRegex=Continuer|Décision suivante|Voir le bilan, idRegex=null, size=null, below=null, above=null, leftOf=null, rightOf=null, containsChild=null, containsDescendants=null, traits=null, index=null, enabled=null, optional=true, selected=null, checked=null, focused=null, childOf=null, css=null), retryIfNoChange=false, waitUntilVisible=false, longPress=false, repeat=null, waitToSettleTimeoutMs=null, relativePoint=null, label=null, optional=true)), MaestroCommand(waitForAnimationToEndCommand=WaitForAnimationToEndCommand(timeout=null, label=null, optional=false))], label=null, optional=false)), logMessages=[], insight=Insight(message=Element not found: Text matching regex: Vérifier, level=WARNING), aiReasoning=null, labeledCommand=null)
09:16:04.661 [ INFO] maestro.Maestro.takeScreenshot: Taking screenshot
09:16:04.661 [TRACE] maestro.utils.ScreenshotUtils.takeScreenshot: Taking screenshot to output sink
09:16:04.851 [ INFO] maestro.cli.runner.MaestroCommandRunner.runCommands$lambda$6: Tap on (Optional) "Vérifier" WARNED
09:16:04.851 [ INFO] maestro.cli.runner.MaestroCommandRunner.runCommands$lambda$0: Wait for animation to end RUNNING
09:16:04.851 [ INFO] maestro.cli.runner.MaestroCommandRunner.runCommands$lambda$11: Wait for animation to end metadata CommandMetadata(numberOfRuns=null, evaluatedCommand=MaestroCommand(waitForAnimationToEndCommand=WaitForAnimationToEndCommand(timeout=null, label=null, optional=false)), logMessages=[], insight=Insight(message=, level=NONE), aiReasoning=null, labeledCommand=null)
09:16:04.852 [ INFO] maestro.Maestro.waitForAnimationToEnd$lambda$53: Waiting for animation to end with timeout 15000
09:16:04.852 [TRACE] maestro.utils.ScreenshotUtils.takeScreenshot: Taking screenshot to byte array
09:16:04.852 [TRACE] maestro.utils.ScreenshotUtils.takeScreenshot: Taking screenshot to output sink
09:16:05.073 [TRACE] maestro.utils.ScreenshotUtils.takeScreenshot: Taking screenshot to byte array
09:16:05.073 [TRACE] maestro.utils.ScreenshotUtils.takeScreenshot: Taking screenshot to output sink
09:16:05.490 [ INFO] maestro.cli.runner.MaestroCommandRunner.runCommands$lambda$2: Wait for animation to end COMPLETED
09:16:05.490 [ INFO] maestro.cli.runner.MaestroCommandRunner.runCommands$lambda$0: Take screenshot shots/13-verdict RUNNING
09:16:05.490 [ INFO] maestro.cli.runner.MaestroCommandRunner.runCommands$lambda$11: Take screenshot shots/13-verdict metadata CommandMetadata(numberOfRuns=null, evaluatedCommand=MaestroCommand(takeScreenshotCommand=TakeScreenshotCommand(path=shots/13-verdict, cropOn=null, label=null, optional=false)), logMessages=[], insight=Insight(message=, level=NONE), aiReasoning=null, labeledCommand=null)
09:16:05.491 [ INFO] maestro.Maestro.takeScreenshot: Taking screenshot
09:16:05.491 [TRACE] maestro.utils.ScreenshotUtils.takeScreenshot: Taking screenshot to output sink
09:16:05.641 [ INFO] maestro.cli.runner.MaestroCommandRunner.runCommands$lambda$2: Take screenshot shots/13-verdict COMPLETED
09:16:05.641 [ INFO] maestro.cli.runner.MaestroCommandRunner.runCommands$lambda$0: Tap on (Optional) "Continuer|Décision suivante|Voir le bilan" RUNNING
09:16:05.641 [ INFO] maestro.cli.runner.MaestroCommandRunner.runCommands$lambda$11: Tap on (Optional) "Continuer|Décision suivante|Voir le bilan" metadata CommandMetadata(numberOfRuns=null, evaluatedCommand=MaestroCommand(tapOnElementCommand=TapOnElementCommand(selector=ElementSelector(textRegex=Continuer|Décision suivante|Voir le bilan, idRegex=null, size=null, below=null, above=null, leftOf=null, rightOf=null, containsChild=null, containsDescendants=null, traits=null, index=null, enabled=null, optional=true, selected=null, checked=null, focused=null, childOf=null, css=null), retryIfNoChange=false, waitUntilVisible=false, longPress=false, repeat=null, waitToSettleTimeoutMs=null, relativePoint=null, label=null, optional=true)), logMessages=[], insight=Insight(message=, level=NONE), aiReasoning=null, labeledCommand=null)
09:16:12.607 [ INFO] maestro.orchestra.Orchestra.executeSubflowCommands: [Command execution subflow] CommandWarned: Element not found: Text matching regex: Continuer|Décision suivante|Voir le bilan
09:16:12.607 [ INFO] maestro.cli.runner.MaestroCommandRunner.runCommands$lambda$11: Repeat 14 times metadata CommandMetadata(numberOfRuns=10, evaluatedCommand=MaestroCommand(repeatCommand=RepeatCommand(times=14, condition=null, commands=[MaestroCommand(tapOnPointV2Command=TapOnPointV2Command(point=50%,38%, retryIfNoChange=false, longPress=false, repeat=null, waitToSettleTimeoutMs=null, label=null, optional=true)), MaestroCommand(tapOnElementCommand=TapOnElementCommand(selector=ElementSelector(textRegex=Vérifier, idRegex=null, size=null, below=null, above=null, leftOf=null, rightOf=null, containsChild=null, containsDescendants=null, traits=null, index=null, enabled=null, optional=true, selected=null, checked=null, focused=null, childOf=null, css=null), retryIfNoChange=false, waitUntilVisible=false, longPress=false, repeat=null, waitToSettleTimeoutMs=null, relativePoint=null, label=null, optional=true)), MaestroCommand(waitForAnimationToEndCommand=WaitForAnimationToEndCommand(timeout=null, label=null, optional=false)), MaestroCommand(takeScreenshotCommand=TakeScreenshotCommand(path=shots/13-verdict, cropOn=null, label=null, optional=false)), MaestroCommand(tapOnElementCommand=TapOnElementCommand(selector=ElementSelector(textRegex=Continuer|Décision suivante|Voir le bilan, idRegex=null, size=null, below=null, above=null, leftOf=null, rightOf=null, containsChild=null, containsDescendants=null, traits=null, index=null, enabled=null, optional=true, selected=null, checked=null, focused=null, childOf=null, css=null), retryIfNoChange=false, waitUntilVisible=false, longPress=false, repeat=null, waitToSettleTimeoutMs=null, relativePoint=null, label=null, optional=true)), MaestroCommand(waitForAnimationToEndCommand=WaitForAnimationToEndCommand(timeout=null, label=null, optional=false))], label=null, optional=false)), logMessages=[], insight=Insight(message=Element not found: Text matching regex: Continuer|Décision suivante|Voir le bilan, level=WARNING), aiReasoning=null, labeledCommand=null)
09:16:12.716 [ INFO] maestro.Maestro.takeScreenshot: Taking screenshot
09:16:12.717 [TRACE] maestro.utils.ScreenshotUtils.takeScreenshot: Taking screenshot to output sink
09:16:12.943 [ INFO] maestro.cli.runner.MaestroCommandRunner.runCommands$lambda$6: Tap on (Optional) "Continuer|Décision suivante|Voir le bilan" WARNED
09:16:12.943 [ INFO] maestro.cli.runner.MaestroCommandRunner.runCommands$lambda$0: Wait for animation to end RUNNING
09:16:12.944 [ INFO] maestro.cli.runner.MaestroCommandRunner.runCommands$lambda$11: Wait for animation to end metadata CommandMetadata(numberOfRuns=null, evaluatedCommand=MaestroCommand(waitForAnimationToEndCommand=WaitForAnimationToEndCommand(timeout=null, label=null, optional=false)), logMessages=[], insight=Insight(message=, level=NONE), aiReasoning=null, labeledCommand=null)
09:16:12.944 [ INFO] maestro.Maestro.waitForAnimationToEnd$lambda$53: Waiting for animation to end with timeout 15000
09:16:12.944 [TRACE] maestro.utils.ScreenshotUtils.takeScreenshot: Taking screenshot to byte array
09:16:12.944 [TRACE] maestro.utils.ScreenshotUtils.takeScreenshot: Taking screenshot to output sink
09:16:13.164 [TRACE] maestro.utils.ScreenshotUtils.takeScreenshot: Taking screenshot to byte array
09:16:13.164 [TRACE] maestro.utils.ScreenshotUtils.takeScreenshot: Taking screenshot to output sink
09:16:13.540 [ INFO] maestro.cli.runner.MaestroCommandRunner.runCommands$lambda$2: Wait for animation to end COMPLETED
09:16:13.540 [ INFO] maestro.cli.runner.MaestroCommandRunner.runCommands$lambda$11: Repeat 14 times metadata CommandMetadata(numberOfRuns=11, evaluatedCommand=MaestroCommand(repeatCommand=RepeatCommand(times=14, condition=null, commands=[MaestroCommand(tapOnPointV2Command=TapOnPointV2Command(point=50%,38%, retryIfNoChange=false, longPress=false, repeat=null, waitToSettleTimeoutMs=null, label=null, optional=true)), MaestroCommand(tapOnElementCommand=TapOnElementCommand(selector=ElementSelector(textRegex=Vérifier, idRegex=null, size=null, below=null, above=null, leftOf=null, rightOf=null, containsChild=null, containsDescendants=null, traits=null, index=null, enabled=null, optional=true, selected=null, checked=null, focused=null, childOf=null, css=null), retryIfNoChange=false, waitUntilVisible=false, longPress=false, repeat=null, waitToSettleTimeoutMs=null, relativePoint=null, label=null, optional=true)), MaestroCommand(waitForAnimationToEndCommand=WaitForAnimationToEndCommand(timeout=null, label=null, optional=false)), MaestroCommand(takeScreenshotCommand=TakeScreenshotCommand(path=shots/13-verdict, cropOn=null, label=null, optional=false)), MaestroCommand(tapOnElementCommand=TapOnElementCommand(selector=ElementSelector(textRegex=Continuer|Décision suivante|Voir le bilan, idRegex=null, size=null, below=null, above=null, leftOf=null, rightOf=null, containsChild=null, containsDescendants=null, traits=null, index=null, enabled=null, optional=true, selected=null, checked=null, focused=null, childOf=null, css=null), retryIfNoChange=false, waitUntilVisible=false, longPress=false, repeat=null, waitToSettleTimeoutMs=null, relativePoint=null, label=null, optional=true)), MaestroCommand(waitForAnimationToEndCommand=WaitForAnimationToEndCommand(timeout=null, label=null, optional=false))], label=null, optional=false)), logMessages=[], insight=Insight(message=, level=NONE), aiReasoning=null, labeledCommand=null)
09:16:13.541 [ INFO] maestro.cli.runner.MaestroCommandRunner.runCommands$lambda$10: Tap on point (50%,38%) PENDING
09:16:13.541 [ INFO] maestro.cli.runner.MaestroCommandRunner.runCommands$lambda$10: Tap on (Optional) "Vérifier" PENDING
09:16:13.541 [ INFO] maestro.cli.runner.MaestroCommandRunner.runCommands$lambda$10: Wait for animation to end PENDING
09:16:13.541 [ INFO] maestro.cli.runner.MaestroCommandRunner.runCommands$lambda$10: Take screenshot shots/13-verdict PENDING
09:16:13.541 [ INFO] maestro.cli.runner.MaestroCommandRunner.runCommands$lambda$10: Tap on (Optional) "Continuer|Décision suivante|Voir le bilan" PENDING
09:16:13.541 [ INFO] maestro.cli.runner.MaestroCommandRunner.runCommands$lambda$10: Wait for animation to end PENDING
09:16:13.541 [ INFO] maestro.cli.runner.MaestroCommandRunner.runCommands$lambda$0: Tap on point (50%,38%) RUNNING
09:16:13.541 [ INFO] maestro.cli.runner.MaestroCommandRunner.runCommands$lambda$11: Tap on point (50%,38%) metadata CommandMetadata(numberOfRuns=null, evaluatedCommand=MaestroCommand(tapOnPointV2Command=TapOnPointV2Command(point=50%,38%, retryIfNoChange=false, longPress=false, repeat=null, waitToSettleTimeoutMs=null, label=null, optional=true)), logMessages=[], insight=Insight(message=, level=NONE), aiReasoning=null, labeledCommand=null)
09:16:13.546 [ INFO] maestro.Maestro.hierarchyBasedTap-ogj28Uc: Tapping at (540, 912) using hierarchy based logic for wait
09:16:13.928 [ INFO] maestro.cli.runner.MaestroCommandRunner.runCommands$lambda$2: Tap on point (50%,38%) COMPLETED
09:16:13.928 [ INFO] maestro.cli.runner.MaestroCommandRunner.runCommands$lambda$0: Tap on (Optional) "Vérifier" RUNNING
09:16:13.928 [ INFO] maestro.cli.runner.MaestroCommandRunner.runCommands$lambda$11: Tap on (Optional) "Vérifier" metadata CommandMetadata(numberOfRuns=null, evaluatedCommand=MaestroCommand(tapOnElementCommand=TapOnElementCommand(selector=ElementSelector(textRegex=Vérifier, idRegex=null, size=null, below=null, above=null, leftOf=null, rightOf=null, containsChild=null, containsDescendants=null, traits=null, index=null, enabled=null, optional=true, selected=null, checked=null, focused=null, childOf=null, css=null), retryIfNoChange=false, waitUntilVisible=false, longPress=false, repeat=null, waitToSettleTimeoutMs=null, relativePoint=null, label=null, optional=true)), logMessages=[], insight=Insight(message=, level=NONE), aiReasoning=null, labeledCommand=null)
09:16:21.027 [ INFO] maestro.orchestra.Orchestra.executeSubflowCommands: [Command execution subflow] CommandWarned: Element not found: Text matching regex: Vérifier
09:16:21.027 [ INFO] maestro.cli.runner.MaestroCommandRunner.runCommands$lambda$11: Repeat 14 times metadata CommandMetadata(numberOfRuns=11, evaluatedCommand=MaestroCommand(repeatCommand=RepeatCommand(times=14, condition=null, commands=[MaestroCommand(tapOnPointV2Command=TapOnPointV2Command(point=50%,38%, retryIfNoChange=false, longPress=false, repeat=null, waitToSettleTimeoutMs=null, label=null, optional=true)), MaestroCommand(tapOnElementCommand=TapOnElementCommand(selector=ElementSelector(textRegex=Vérifier, idRegex=null, size=null, below=null, above=null, leftOf=null, rightOf=null, containsChild=null, containsDescendants=null, traits=null, index=null, enabled=null, optional=true, selected=null, checked=null, focused=null, childOf=null, css=null), retryIfNoChange=false, waitUntilVisible=false, longPress=false, repeat=null, waitToSettleTimeoutMs=null, relativePoint=null, label=null, optional=true)), MaestroCommand(waitForAnimationToEndCommand=WaitForAnimationToEndCommand(timeout=null, label=null, optional=false)), MaestroCommand(takeScreenshotCommand=TakeScreenshotCommand(path=shots/13-verdict, cropOn=null, label=null, optional=false)), MaestroCommand(tapOnElementCommand=TapOnElementCommand(selector=ElementSelector(textRegex=Continuer|Décision suivante|Voir le bilan, idRegex=null, size=null, below=null, above=null, leftOf=null, rightOf=null, containsChild=null, containsDescendants=null, traits=null, index=null, enabled=null, optional=true, selected=null, checked=null, focused=null, childOf=null, css=null), retryIfNoChange=false, waitUntilVisible=false, longPress=false, repeat=null, waitToSettleTimeoutMs=null, relativePoint=null, label=null, optional=true)), MaestroCommand(waitForAnimationToEndCommand=WaitForAnimationToEndCommand(timeout=null, label=null, optional=false))], label=null, optional=false)), logMessages=[], insight=Insight(message=Element not found: Text matching regex: Vérifier, level=WARNING), aiReasoning=null, labeledCommand=null)
09:16:21.132 [ INFO] maestro.Maestro.takeScreenshot: Taking screenshot
09:16:21.133 [TRACE] maestro.utils.ScreenshotUtils.takeScreenshot: Taking screenshot to output sink
09:16:21.362 [ INFO] maestro.cli.runner.MaestroCommandRunner.runCommands$lambda$6: Tap on (Optional) "Vérifier" WARNED
09:16:21.362 [ INFO] maestro.cli.runner.MaestroCommandRunner.runCommands$lambda$0: Wait for animation to end RUNNING
09:16:21.362 [ INFO] maestro.cli.runner.MaestroCommandRunner.runCommands$lambda$11: Wait for animation to end metadata CommandMetadata(numberOfRuns=null, evaluatedCommand=MaestroCommand(waitForAnimationToEndCommand=WaitForAnimationToEndCommand(timeout=null, label=null, optional=false)), logMessages=[], insight=Insight(message=, level=NONE), aiReasoning=null, labeledCommand=null)
09:16:21.363 [ INFO] maestro.Maestro.waitForAnimationToEnd$lambda$53: Waiting for animation to end with timeout 15000
09:16:21.363 [TRACE] maestro.utils.ScreenshotUtils.takeScreenshot: Taking screenshot to byte array
09:16:21.363 [TRACE] maestro.utils.ScreenshotUtils.takeScreenshot: Taking screenshot to output sink
09:16:21.626 [TRACE] maestro.utils.ScreenshotUtils.takeScreenshot: Taking screenshot to byte array
09:16:21.626 [TRACE] maestro.utils.ScreenshotUtils.takeScreenshot: Taking screenshot to output sink
09:16:22.036 [ INFO] maestro.cli.runner.MaestroCommandRunner.runCommands$lambda$2: Wait for animation to end COMPLETED
09:16:22.036 [ INFO] maestro.cli.runner.MaestroCommandRunner.runCommands$lambda$0: Take screenshot shots/13-verdict RUNNING
09:16:22.036 [ INFO] maestro.cli.runner.MaestroCommandRunner.runCommands$lambda$11: Take screenshot shots/13-verdict metadata CommandMetadata(numberOfRuns=null, evaluatedCommand=MaestroCommand(takeScreenshotCommand=TakeScreenshotCommand(path=shots/13-verdict, cropOn=null, label=null, optional=false)), logMessages=[], insight=Insight(message=, level=NONE), aiReasoning=null, labeledCommand=null)
09:16:22.037 [ INFO] maestro.Maestro.takeScreenshot: Taking screenshot
09:16:22.037 [TRACE] maestro.utils.ScreenshotUtils.takeScreenshot: Taking screenshot to output sink
09:16:22.190 [ INFO] maestro.cli.runner.MaestroCommandRunner.runCommands$lambda$2: Take screenshot shots/13-verdict COMPLETED
09:16:22.191 [ INFO] maestro.cli.runner.MaestroCommandRunner.runCommands$lambda$0: Tap on (Optional) "Continuer|Décision suivante|Voir le bilan" RUNNING
09:16:22.191 [ INFO] maestro.cli.runner.MaestroCommandRunner.runCommands$lambda$11: Tap on (Optional) "Continuer|Décision suivante|Voir le bilan" metadata CommandMetadata(numberOfRuns=null, evaluatedCommand=MaestroCommand(tapOnElementCommand=TapOnElementCommand(selector=ElementSelector(textRegex=Continuer|Décision suivante|Voir le bilan, idRegex=null, size=null, below=null, above=null, leftOf=null, rightOf=null, containsChild=null, containsDescendants=null, traits=null, index=null, enabled=null, optional=true, selected=null, checked=null, focused=null, childOf=null, css=null), retryIfNoChange=false, waitUntilVisible=false, longPress=false, repeat=null, waitToSettleTimeoutMs=null, relativePoint=null, label=null, optional=true)), logMessages=[], insight=Insight(message=, level=NONE), aiReasoning=null, labeledCommand=null)
09:16:29.119 [ INFO] maestro.orchestra.Orchestra.executeSubflowCommands: [Command execution subflow] CommandWarned: Element not found: Text matching regex: Continuer|Décision suivante|Voir le bilan
09:16:29.120 [ INFO] maestro.cli.runner.MaestroCommandRunner.runCommands$lambda$11: Repeat 14 times metadata CommandMetadata(numberOfRuns=11, evaluatedCommand=MaestroCommand(repeatCommand=RepeatCommand(times=14, condition=null, commands=[MaestroCommand(tapOnPointV2Command=TapOnPointV2Command(point=50%,38%, retryIfNoChange=false, longPress=false, repeat=null, waitToSettleTimeoutMs=null, label=null, optional=true)), MaestroCommand(tapOnElementCommand=TapOnElementCommand(selector=ElementSelector(textRegex=Vérifier, idRegex=null, size=null, below=null, above=null, leftOf=null, rightOf=null, containsChild=null, containsDescendants=null, traits=null, index=null, enabled=null, optional=true, selected=null, checked=null, focused=null, childOf=null, css=null), retryIfNoChange=false, waitUntilVisible=false, longPress=false, repeat=null, waitToSettleTimeoutMs=null, relativePoint=null, label=null, optional=true)), MaestroCommand(waitForAnimationToEndCommand=WaitForAnimationToEndCommand(timeout=null, label=null, optional=false)), MaestroCommand(takeScreenshotCommand=TakeScreenshotCommand(path=shots/13-verdict, cropOn=null, label=null, optional=false)), MaestroCommand(tapOnElementCommand=TapOnElementCommand(selector=ElementSelector(textRegex=Continuer|Décision suivante|Voir le bilan, idRegex=null, size=null, below=null, above=null, leftOf=null, rightOf=null, containsChild=null, containsDescendants=null, traits=null, index=null, enabled=null, optional=true, selected=null, checked=null, focused=null, childOf=null, css=null), retryIfNoChange=false, waitUntilVisible=false, longPress=false, repeat=null, waitToSettleTimeoutMs=null, relativePoint=null, label=null, optional=true)), MaestroCommand(waitForAnimationToEndCommand=WaitForAnimationToEndCommand(timeout=null, label=null, optional=false))], label=null, optional=false)), logMessages=[], insight=Insight(message=Element not found: Text matching regex: Continuer|Décision suivante|Voir le bilan, level=WARNING), aiReasoning=null, labeledCommand=null)
09:16:29.233 [ INFO] maestro.Maestro.takeScreenshot: Taking screenshot
09:16:29.233 [TRACE] maestro.utils.ScreenshotUtils.takeScreenshot: Taking screenshot to output sink
09:16:29.461 [ INFO] maestro.cli.runner.MaestroCommandRunner.runCommands$lambda$6: Tap on (Optional) "Continuer|Décision suivante|Voir le bilan" WARNED
09:16:29.462 [ INFO] maestro.cli.runner.MaestroCommandRunner.runCommands$lambda$0: Wait for animation to end RUNNING
09:16:29.462 [ INFO] maestro.cli.runner.MaestroCommandRunner.runCommands$lambda$11: Wait for animation to end metadata CommandMetadata(numberOfRuns=null, evaluatedCommand=MaestroCommand(waitForAnimationToEndCommand=WaitForAnimationToEndCommand(timeout=null, label=null, optional=false)), logMessages=[], insight=Insight(message=, level=NONE), aiReasoning=null, labeledCommand=null)
09:16:29.462 [ INFO] maestro.Maestro.waitForAnimationToEnd$lambda$53: Waiting for animation to end with timeout 15000
09:16:29.462 [TRACE] maestro.utils.ScreenshotUtils.takeScreenshot: Taking screenshot to byte array
09:16:29.462 [TRACE] maestro.utils.ScreenshotUtils.takeScreenshot: Taking screenshot to output sink
09:16:29.726 [TRACE] maestro.utils.ScreenshotUtils.takeScreenshot: Taking screenshot to byte array
09:16:29.726 [TRACE] maestro.utils.ScreenshotUtils.takeScreenshot: Taking screenshot to output sink
09:16:30.135 [ INFO] maestro.cli.runner.MaestroCommandRunner.runCommands$lambda$2: Wait for animation to end COMPLETED
09:16:30.136 [ INFO] maestro.cli.runner.MaestroCommandRunner.runCommands$lambda$11: Repeat 14 times metadata CommandMetadata(numberOfRuns=12, evaluatedCommand=MaestroCommand(repeatCommand=RepeatCommand(times=14, condition=null, commands=[MaestroCommand(tapOnPointV2Command=TapOnPointV2Command(point=50%,38%, retryIfNoChange=false, longPress=false, repeat=null, waitToSettleTimeoutMs=null, label=null, optional=true)), MaestroCommand(tapOnElementCommand=TapOnElementCommand(selector=ElementSelector(textRegex=Vérifier, idRegex=null, size=null, below=null, above=null, leftOf=null, rightOf=null, containsChild=null, containsDescendants=null, traits=null, index=null, enabled=null, optional=true, selected=null, checked=null, focused=null, childOf=null, css=null), retryIfNoChange=false, waitUntilVisible=false, longPress=false, repeat=null, waitToSettleTimeoutMs=null, relativePoint=null, label=null, optional=true)), MaestroCommand(waitForAnimationToEndCommand=WaitForAnimationToEndCommand(timeout=null, label=null, optional=false)), MaestroCommand(takeScreenshotCommand=TakeScreenshotCommand(path=shots/13-verdict, cropOn=null, label=null, optional=false)), MaestroCommand(tapOnElementCommand=TapOnElementCommand(selector=ElementSelector(textRegex=Continuer|Décision suivante|Voir le bilan, idRegex=null, size=null, below=null, above=null, leftOf=null, rightOf=null, containsChild=null, containsDescendants=null, traits=null, index=null, enabled=null, optional=true, selected=null, checked=null, focused=null, childOf=null, css=null), retryIfNoChange=false, waitUntilVisible=false, longPress=false, repeat=null, waitToSettleTimeoutMs=null, relativePoint=null, label=null, optional=true)), MaestroCommand(waitForAnimationToEndCommand=WaitForAnimationToEndCommand(timeout=null, label=null, optional=false))], label=null, optional=false)), logMessages=[], insight=Insight(message=, level=NONE), aiReasoning=null, labeledCommand=null)
09:16:30.136 [ INFO] maestro.cli.runner.MaestroCommandRunner.runCommands$lambda$10: Tap on point (50%,38%) PENDING
09:16:30.136 [ INFO] maestro.cli.runner.MaestroCommandRunner.runCommands$lambda$10: Tap on (Optional) "Vérifier" PENDING
09:16:30.136 [ INFO] maestro.cli.runner.MaestroCommandRunner.runCommands$lambda$10: Wait for animation to end PENDING
09:16:30.136 [ INFO] maestro.cli.runner.MaestroCommandRunner.runCommands$lambda$10: Take screenshot shots/13-verdict PENDING
09:16:30.136 [ INFO] maestro.cli.runner.MaestroCommandRunner.runCommands$lambda$10: Tap on (Optional) "Continuer|Décision suivante|Voir le bilan" PENDING
09:16:30.136 [ INFO] maestro.cli.runner.MaestroCommandRunner.runCommands$lambda$10: Wait for animation to end PENDING
09:16:30.137 [ INFO] maestro.cli.runner.MaestroCommandRunner.runCommands$lambda$0: Tap on point (50%,38%) RUNNING
09:16:30.137 [ INFO] maestro.cli.runner.MaestroCommandRunner.runCommands$lambda$11: Tap on point (50%,38%) metadata CommandMetadata(numberOfRuns=null, evaluatedCommand=MaestroCommand(tapOnPointV2Command=TapOnPointV2Command(point=50%,38%, retryIfNoChange=false, longPress=false, repeat=null, waitToSettleTimeoutMs=null, label=null, optional=true)), logMessages=[], insight=Insight(message=, level=NONE), aiReasoning=null, labeledCommand=null)
09:16:30.142 [ INFO] maestro.Maestro.hierarchyBasedTap-ogj28Uc: Tapping at (540, 912) using hierarchy based logic for wait
09:16:30.552 [ INFO] maestro.cli.runner.MaestroCommandRunner.runCommands$lambda$2: Tap on point (50%,38%) COMPLETED
09:16:30.552 [ INFO] maestro.cli.runner.MaestroCommandRunner.runCommands$lambda$0: Tap on (Optional) "Vérifier" RUNNING
09:16:30.552 [ INFO] maestro.cli.runner.MaestroCommandRunner.runCommands$lambda$11: Tap on (Optional) "Vérifier" metadata CommandMetadata(numberOfRuns=null, evaluatedCommand=MaestroCommand(tapOnElementCommand=TapOnElementCommand(selector=ElementSelector(textRegex=Vérifier, idRegex=null, size=null, below=null, above=null, leftOf=null, rightOf=null, containsChild=null, containsDescendants=null, traits=null, index=null, enabled=null, optional=true, selected=null, checked=null, focused=null, childOf=null, css=null), retryIfNoChange=false, waitUntilVisible=false, longPress=false, repeat=null, waitToSettleTimeoutMs=null, relativePoint=null, label=null, optional=true)), logMessages=[], insight=Insight(message=, level=NONE), aiReasoning=null, labeledCommand=null)
09:16:37.691 [ INFO] maestro.orchestra.Orchestra.executeSubflowCommands: [Command execution subflow] CommandWarned: Element not found: Text matching regex: Vérifier
09:16:37.691 [ INFO] maestro.cli.runner.MaestroCommandRunner.runCommands$lambda$11: Repeat 14 times metadata CommandMetadata(numberOfRuns=12, evaluatedCommand=MaestroCommand(repeatCommand=RepeatCommand(times=14, condition=null, commands=[MaestroCommand(tapOnPointV2Command=TapOnPointV2Command(point=50%,38%, retryIfNoChange=false, longPress=false, repeat=null, waitToSettleTimeoutMs=null, label=null, optional=true)), MaestroCommand(tapOnElementCommand=TapOnElementCommand(selector=ElementSelector(textRegex=Vérifier, idRegex=null, size=null, below=null, above=null, leftOf=null, rightOf=null, containsChild=null, containsDescendants=null, traits=null, index=null, enabled=null, optional=true, selected=null, checked=null, focused=null, childOf=null, css=null), retryIfNoChange=false, waitUntilVisible=false, longPress=false, repeat=null, waitToSettleTimeoutMs=null, relativePoint=null, label=null, optional=true)), MaestroCommand(waitForAnimationToEndCommand=WaitForAnimationToEndCommand(timeout=null, label=null, optional=false)), MaestroCommand(takeScreenshotCommand=TakeScreenshotCommand(path=shots/13-verdict, cropOn=null, label=null, optional=false)), MaestroCommand(tapOnElementCommand=TapOnElementCommand(selector=ElementSelector(textRegex=Continuer|Décision suivante|Voir le bilan, idRegex=null, size=null, below=null, above=null, leftOf=null, rightOf=null, containsChild=null, containsDescendants=null, traits=null, index=null, enabled=null, optional=true, selected=null, checked=null, focused=null, childOf=null, css=null), retryIfNoChange=false, waitUntilVisible=false, longPress=false, repeat=null, waitToSettleTimeoutMs=null, relativePoint=null, label=null, optional=true)), MaestroCommand(waitForAnimationToEndCommand=WaitForAnimationToEndCommand(timeout=null, label=null, optional=false))], label=null, optional=false)), logMessages=[], insight=Insight(message=Element not found: Text matching regex: Vérifier, level=WARNING), aiReasoning=null, labeledCommand=null)
09:16:37.848 [ INFO] maestro.Maestro.takeScreenshot: Taking screenshot
09:16:37.848 [TRACE] maestro.utils.ScreenshotUtils.takeScreenshot: Taking screenshot to output sink
09:16:37.998 [ INFO] maestro.cli.runner.MaestroCommandRunner.runCommands$lambda$6: Tap on (Optional) "Vérifier" WARNED
09:16:37.999 [ INFO] maestro.cli.runner.MaestroCommandRunner.runCommands$lambda$0: Wait for animation to end RUNNING
09:16:37.999 [ INFO] maestro.cli.runner.MaestroCommandRunner.runCommands$lambda$11: Wait for animation to end metadata CommandMetadata(numberOfRuns=null, evaluatedCommand=MaestroCommand(waitForAnimationToEndCommand=WaitForAnimationToEndCommand(timeout=null, label=null, optional=false)), logMessages=[], insight=Insight(message=, level=NONE), aiReasoning=null, labeledCommand=null)
09:16:37.999 [ INFO] maestro.Maestro.waitForAnimationToEnd$lambda$53: Waiting for animation to end with timeout 15000
09:16:37.999 [TRACE] maestro.utils.ScreenshotUtils.takeScreenshot: Taking screenshot to byte array
09:16:37.999 [TRACE] maestro.utils.ScreenshotUtils.takeScreenshot: Taking screenshot to output sink
09:16:38.224 [TRACE] maestro.utils.ScreenshotUtils.takeScreenshot: Taking screenshot to byte array
09:16:38.224 [TRACE] maestro.utils.ScreenshotUtils.takeScreenshot: Taking screenshot to output sink
09:16:38.595 [ INFO] maestro.cli.runner.MaestroCommandRunner.runCommands$lambda$2: Wait for animation to end COMPLETED
09:16:38.596 [ INFO] maestro.cli.runner.MaestroCommandRunner.runCommands$lambda$0: Take screenshot shots/13-verdict RUNNING
09:16:38.596 [ INFO] maestro.cli.runner.MaestroCommandRunner.runCommands$lambda$11: Take screenshot shots/13-verdict metadata CommandMetadata(numberOfRuns=null, evaluatedCommand=MaestroCommand(takeScreenshotCommand=TakeScreenshotCommand(path=shots/13-verdict, cropOn=null, label=null, optional=false)), logMessages=[], insight=Insight(message=, level=NONE), aiReasoning=null, labeledCommand=null)
09:16:38.596 [ INFO] maestro.Maestro.takeScreenshot: Taking screenshot
09:16:38.597 [TRACE] maestro.utils.ScreenshotUtils.takeScreenshot: Taking screenshot to output sink
09:16:38.744 [ INFO] maestro.cli.runner.MaestroCommandRunner.runCommands$lambda$2: Take screenshot shots/13-verdict COMPLETED
09:16:38.744 [ INFO] maestro.cli.runner.MaestroCommandRunner.runCommands$lambda$0: Tap on (Optional) "Continuer|Décision suivante|Voir le bilan" RUNNING
09:16:38.744 [ INFO] maestro.cli.runner.MaestroCommandRunner.runCommands$lambda$11: Tap on (Optional) "Continuer|Décision suivante|Voir le bilan" metadata CommandMetadata(numberOfRuns=null, evaluatedCommand=MaestroCommand(tapOnElementCommand=TapOnElementCommand(selector=ElementSelector(textRegex=Continuer|Décision suivante|Voir le bilan, idRegex=null, size=null, below=null, above=null, leftOf=null, rightOf=null, containsChild=null, containsDescendants=null, traits=null, index=null, enabled=null, optional=true, selected=null, checked=null, focused=null, childOf=null, css=null), retryIfNoChange=false, waitUntilVisible=false, longPress=false, repeat=null, waitToSettleTimeoutMs=null, relativePoint=null, label=null, optional=true)), logMessages=[], insight=Insight(message=, level=NONE), aiReasoning=null, labeledCommand=null)
09:16:45.755 [ INFO] maestro.orchestra.Orchestra.executeSubflowCommands: [Command execution subflow] CommandWarned: Element not found: Text matching regex: Continuer|Décision suivante|Voir le bilan
09:16:45.755 [ INFO] maestro.cli.runner.MaestroCommandRunner.runCommands$lambda$11: Repeat 14 times metadata CommandMetadata(numberOfRuns=12, evaluatedCommand=MaestroCommand(repeatCommand=RepeatCommand(times=14, condition=null, commands=[MaestroCommand(tapOnPointV2Command=TapOnPointV2Command(point=50%,38%, retryIfNoChange=false, longPress=false, repeat=null, waitToSettleTimeoutMs=null, label=null, optional=true)), MaestroCommand(tapOnElementCommand=TapOnElementCommand(selector=ElementSelector(textRegex=Vérifier, idRegex=null, size=null, below=null, above=null, leftOf=null, rightOf=null, containsChild=null, containsDescendants=null, traits=null, index=null, enabled=null, optional=true, selected=null, checked=null, focused=null, childOf=null, css=null), retryIfNoChange=false, waitUntilVisible=false, longPress=false, repeat=null, waitToSettleTimeoutMs=null, relativePoint=null, label=null, optional=true)), MaestroCommand(waitForAnimationToEndCommand=WaitForAnimationToEndCommand(timeout=null, label=null, optional=false)), MaestroCommand(takeScreenshotCommand=TakeScreenshotCommand(path=shots/13-verdict, cropOn=null, label=null, optional=false)), MaestroCommand(tapOnElementCommand=TapOnElementCommand(selector=ElementSelector(textRegex=Continuer|Décision suivante|Voir le bilan, idRegex=null, size=null, below=null, above=null, leftOf=null, rightOf=null, containsChild=null, containsDescendants=null, traits=null, index=null, enabled=null, optional=true, selected=null, checked=null, focused=null, childOf=null, css=null), retryIfNoChange=false, waitUntilVisible=false, longPress=false, repeat=null, waitToSettleTimeoutMs=null, relativePoint=null, label=null, optional=true)), MaestroCommand(waitForAnimationToEndCommand=WaitForAnimationToEndCommand(timeout=null, label=null, optional=false))], label=null, optional=false)), logMessages=[], insight=Insight(message=Element not found: Text matching regex: Continuer|Décision suivante|Voir le bilan, level=WARNING), aiReasoning=null, labeledCommand=null)
09:16:45.828 [ INFO] maestro.Maestro.takeScreenshot: Taking screenshot
09:16:45.828 [TRACE] maestro.utils.ScreenshotUtils.takeScreenshot: Taking screenshot to output sink
09:16:46.017 [ INFO] maestro.cli.runner.MaestroCommandRunner.runCommands$lambda$6: Tap on (Optional) "Continuer|Décision suivante|Voir le bilan" WARNED
09:16:46.017 [ INFO] maestro.cli.runner.MaestroCommandRunner.runCommands$lambda$0: Wait for animation to end RUNNING
09:16:46.017 [ INFO] maestro.cli.runner.MaestroCommandRunner.runCommands$lambda$11: Wait for animation to end metadata CommandMetadata(numberOfRuns=null, evaluatedCommand=MaestroCommand(waitForAnimationToEndCommand=WaitForAnimationToEndCommand(timeout=null, label=null, optional=false)), logMessages=[], insight=Insight(message=, level=NONE), aiReasoning=null, labeledCommand=null)
09:16:46.018 [ INFO] maestro.Maestro.waitForAnimationToEnd$lambda$53: Waiting for animation to end with timeout 15000
09:16:46.018 [TRACE] maestro.utils.ScreenshotUtils.takeScreenshot: Taking screenshot to byte array
09:16:46.018 [TRACE] maestro.utils.ScreenshotUtils.takeScreenshot: Taking screenshot to output sink
09:16:46.239 [TRACE] maestro.utils.ScreenshotUtils.takeScreenshot: Taking screenshot to byte array
09:16:46.239 [TRACE] maestro.utils.ScreenshotUtils.takeScreenshot: Taking screenshot to output sink
09:16:46.604 [ INFO] maestro.cli.runner.MaestroCommandRunner.runCommands$lambda$2: Wait for animation to end COMPLETED
09:16:46.605 [ INFO] maestro.cli.runner.MaestroCommandRunner.runCommands$lambda$11: Repeat 14 times metadata CommandMetadata(numberOfRuns=13, evaluatedCommand=MaestroCommand(repeatCommand=RepeatCommand(times=14, condition=null, commands=[MaestroCommand(tapOnPointV2Command=TapOnPointV2Command(point=50%,38%, retryIfNoChange=false, longPress=false, repeat=null, waitToSettleTimeoutMs=null, label=null, optional=true)), MaestroCommand(tapOnElementCommand=TapOnElementCommand(selector=ElementSelector(textRegex=Vérifier, idRegex=null, size=null, below=null, above=null, leftOf=null, rightOf=null, containsChild=null, containsDescendants=null, traits=null, index=null, enabled=null, optional=true, selected=null, checked=null, focused=null, childOf=null, css=null), retryIfNoChange=false, waitUntilVisible=false, longPress=false, repeat=null, waitToSettleTimeoutMs=null, relativePoint=null, label=null, optional=true)), MaestroCommand(waitForAnimationToEndCommand=WaitForAnimationToEndCommand(timeout=null, label=null, optional=false)), MaestroCommand(takeScreenshotCommand=TakeScreenshotCommand(path=shots/13-verdict, cropOn=null, label=null, optional=false)), MaestroCommand(tapOnElementCommand=TapOnElementCommand(selector=ElementSelector(textRegex=Continuer|Décision suivante|Voir le bilan, idRegex=null, size=null, below=null, above=null, leftOf=null, rightOf=null, containsChild=null, containsDescendants=null, traits=null, index=null, enabled=null, optional=true, selected=null, checked=null, focused=null, childOf=null, css=null), retryIfNoChange=false, waitUntilVisible=false, longPress=false, repeat=null, waitToSettleTimeoutMs=null, relativePoint=null, label=null, optional=true)), MaestroCommand(waitForAnimationToEndCommand=WaitForAnimationToEndCommand(timeout=null, label=null, optional=false))], label=null, optional=false)), logMessages=[], insight=Insight(message=, level=NONE), aiReasoning=null, labeledCommand=null)
09:16:46.605 [ INFO] maestro.cli.runner.MaestroCommandRunner.runCommands$lambda$10: Tap on point (50%,38%) PENDING
09:16:46.605 [ INFO] maestro.cli.runner.MaestroCommandRunner.runCommands$lambda$10: Tap on (Optional) "Vérifier" PENDING
09:16:46.605 [ INFO] maestro.cli.runner.MaestroCommandRunner.runCommands$lambda$10: Wait for animation to end PENDING
09:16:46.605 [ INFO] maestro.cli.runner.MaestroCommandRunner.runCommands$lambda$10: Take screenshot shots/13-verdict PENDING
09:16:46.605 [ INFO] maestro.cli.runner.MaestroCommandRunner.runCommands$lambda$10: Tap on (Optional) "Continuer|Décision suivante|Voir le bilan" PENDING
09:16:46.605 [ INFO] maestro.cli.runner.MaestroCommandRunner.runCommands$lambda$10: Wait for animation to end PENDING
09:16:46.605 [ INFO] maestro.cli.runner.MaestroCommandRunner.runCommands$lambda$0: Tap on point (50%,38%) RUNNING
09:16:46.605 [ INFO] maestro.cli.runner.MaestroCommandRunner.runCommands$lambda$11: Tap on point (50%,38%) metadata CommandMetadata(numberOfRuns=null, evaluatedCommand=MaestroCommand(tapOnPointV2Command=TapOnPointV2Command(point=50%,38%, retryIfNoChange=false, longPress=false, repeat=null, waitToSettleTimeoutMs=null, label=null, optional=true)), logMessages=[], insight=Insight(message=, level=NONE), aiReasoning=null, labeledCommand=null)
09:16:46.609 [ INFO] maestro.Maestro.hierarchyBasedTap-ogj28Uc: Tapping at (540, 912) using hierarchy based logic for wait
09:16:47.007 [ INFO] maestro.cli.runner.MaestroCommandRunner.runCommands$lambda$2: Tap on point (50%,38%) COMPLETED
09:16:47.007 [ INFO] maestro.cli.runner.MaestroCommandRunner.runCommands$lambda$0: Tap on (Optional) "Vérifier" RUNNING
09:16:47.008 [ INFO] maestro.cli.runner.MaestroCommandRunner.runCommands$lambda$11: Tap on (Optional) "Vérifier" metadata CommandMetadata(numberOfRuns=null, evaluatedCommand=MaestroCommand(tapOnElementCommand=TapOnElementCommand(selector=ElementSelector(textRegex=Vérifier, idRegex=null, size=null, below=null, above=null, leftOf=null, rightOf=null, containsChild=null, containsDescendants=null, traits=null, index=null, enabled=null, optional=true, selected=null, checked=null, focused=null, childOf=null, css=null), retryIfNoChange=false, waitUntilVisible=false, longPress=false, repeat=null, waitToSettleTimeoutMs=null, relativePoint=null, label=null, optional=true)), logMessages=[], insight=Insight(message=, level=NONE), aiReasoning=null, labeledCommand=null)
09:16:54.199 [ INFO] maestro.orchestra.Orchestra.executeSubflowCommands: [Command execution subflow] CommandWarned: Element not found: Text matching regex: Vérifier
09:16:54.199 [ INFO] maestro.cli.runner.MaestroCommandRunner.runCommands$lambda$11: Repeat 14 times metadata CommandMetadata(numberOfRuns=13, evaluatedCommand=MaestroCommand(repeatCommand=RepeatCommand(times=14, condition=null, commands=[MaestroCommand(tapOnPointV2Command=TapOnPointV2Command(point=50%,38%, retryIfNoChange=false, longPress=false, repeat=null, waitToSettleTimeoutMs=null, label=null, optional=true)), MaestroCommand(tapOnElementCommand=TapOnElementCommand(selector=ElementSelector(textRegex=Vérifier, idRegex=null, size=null, below=null, above=null, leftOf=null, rightOf=null, containsChild=null, containsDescendants=null, traits=null, index=null, enabled=null, optional=true, selected=null, checked=null, focused=null, childOf=null, css=null), retryIfNoChange=false, waitUntilVisible=false, longPress=false, repeat=null, waitToSettleTimeoutMs=null, relativePoint=null, label=null, optional=true)), MaestroCommand(waitForAnimationToEndCommand=WaitForAnimationToEndCommand(timeout=null, label=null, optional=false)), MaestroCommand(takeScreenshotCommand=TakeScreenshotCommand(path=shots/13-verdict, cropOn=null, label=null, optional=false)), MaestroCommand(tapOnElementCommand=TapOnElementCommand(selector=ElementSelector(textRegex=Continuer|Décision suivante|Voir le bilan, idRegex=null, size=null, below=null, above=null, leftOf=null, rightOf=null, containsChild=null, containsDescendants=null, traits=null, index=null, enabled=null, optional=true, selected=null, checked=null, focused=null, childOf=null, css=null), retryIfNoChange=false, waitUntilVisible=false, longPress=false, repeat=null, waitToSettleTimeoutMs=null, relativePoint=null, label=null, optional=true)), MaestroCommand(waitForAnimationToEndCommand=WaitForAnimationToEndCommand(timeout=null, label=null, optional=false))], label=null, optional=false)), logMessages=[], insight=Insight(message=Element not found: Text matching regex: Vérifier, level=WARNING), aiReasoning=null, labeledCommand=null)
09:16:54.304 [ INFO] maestro.Maestro.takeScreenshot: Taking screenshot
09:16:54.305 [TRACE] maestro.utils.ScreenshotUtils.takeScreenshot: Taking screenshot to output sink
09:16:54.537 [ INFO] maestro.cli.runner.MaestroCommandRunner.runCommands$lambda$6: Tap on (Optional) "Vérifier" WARNED
09:16:54.538 [ INFO] maestro.cli.runner.MaestroCommandRunner.runCommands$lambda$0: Wait for animation to end RUNNING
09:16:54.538 [ INFO] maestro.cli.runner.MaestroCommandRunner.runCommands$lambda$11: Wait for animation to end metadata CommandMetadata(numberOfRuns=null, evaluatedCommand=MaestroCommand(waitForAnimationToEndCommand=WaitForAnimationToEndCommand(timeout=null, label=null, optional=false)), logMessages=[], insight=Insight(message=, level=NONE), aiReasoning=null, labeledCommand=null)
09:16:54.538 [ INFO] maestro.Maestro.waitForAnimationToEnd$lambda$53: Waiting for animation to end with timeout 15000
09:16:54.538 [TRACE] maestro.utils.ScreenshotUtils.takeScreenshot: Taking screenshot to byte array
09:16:54.539 [TRACE] maestro.utils.ScreenshotUtils.takeScreenshot: Taking screenshot to output sink
09:16:54.807 [TRACE] maestro.utils.ScreenshotUtils.takeScreenshot: Taking screenshot to byte array
09:16:54.807 [TRACE] maestro.utils.ScreenshotUtils.takeScreenshot: Taking screenshot to output sink
09:16:55.230 [ INFO] maestro.cli.runner.MaestroCommandRunner.runCommands$lambda$2: Wait for animation to end COMPLETED
09:16:55.231 [ INFO] maestro.cli.runner.MaestroCommandRunner.runCommands$lambda$0: Take screenshot shots/13-verdict RUNNING
09:16:55.231 [ INFO] maestro.cli.runner.MaestroCommandRunner.runCommands$lambda$11: Take screenshot shots/13-verdict metadata CommandMetadata(numberOfRuns=null, evaluatedCommand=MaestroCommand(takeScreenshotCommand=TakeScreenshotCommand(path=shots/13-verdict, cropOn=null, label=null, optional=false)), logMessages=[], insight=Insight(message=, level=NONE), aiReasoning=null, labeledCommand=null)
09:16:55.232 [ INFO] maestro.Maestro.takeScreenshot: Taking screenshot
09:16:55.232 [TRACE] maestro.utils.ScreenshotUtils.takeScreenshot: Taking screenshot to output sink
09:16:55.430 [ INFO] maestro.cli.runner.MaestroCommandRunner.runCommands$lambda$2: Take screenshot shots/13-verdict COMPLETED
09:16:55.430 [ INFO] maestro.cli.runner.MaestroCommandRunner.runCommands$lambda$0: Tap on (Optional) "Continuer|Décision suivante|Voir le bilan" RUNNING
09:16:55.430 [ INFO] maestro.cli.runner.MaestroCommandRunner.runCommands$lambda$11: Tap on (Optional) "Continuer|Décision suivante|Voir le bilan" metadata CommandMetadata(numberOfRuns=null, evaluatedCommand=MaestroCommand(tapOnElementCommand=TapOnElementCommand(selector=ElementSelector(textRegex=Continuer|Décision suivante|Voir le bilan, idRegex=null, size=null, below=null, above=null, leftOf=null, rightOf=null, containsChild=null, containsDescendants=null, traits=null, index=null, enabled=null, optional=true, selected=null, checked=null, focused=null, childOf=null, css=null), retryIfNoChange=false, waitUntilVisible=false, longPress=false, repeat=null, waitToSettleTimeoutMs=null, relativePoint=null, label=null, optional=true)), logMessages=[], insight=Insight(message=, level=NONE), aiReasoning=null, labeledCommand=null)
09:17:02.379 [ INFO] maestro.orchestra.Orchestra.executeSubflowCommands: [Command execution subflow] CommandWarned: Element not found: Text matching regex: Continuer|Décision suivante|Voir le bilan
09:17:02.380 [ INFO] maestro.cli.runner.MaestroCommandRunner.runCommands$lambda$11: Repeat 14 times metadata CommandMetadata(numberOfRuns=13, evaluatedCommand=MaestroCommand(repeatCommand=RepeatCommand(times=14, condition=null, commands=[MaestroCommand(tapOnPointV2Command=TapOnPointV2Command(point=50%,38%, retryIfNoChange=false, longPress=false, repeat=null, waitToSettleTimeoutMs=null, label=null, optional=true)), MaestroCommand(tapOnElementCommand=TapOnElementCommand(selector=ElementSelector(textRegex=Vérifier, idRegex=null, size=null, below=null, above=null, leftOf=null, rightOf=null, containsChild=null, containsDescendants=null, traits=null, index=null, enabled=null, optional=true, selected=null, checked=null, focused=null, childOf=null, css=null), retryIfNoChange=false, waitUntilVisible=false, longPress=false, repeat=null, waitToSettleTimeoutMs=null, relativePoint=null, label=null, optional=true)), MaestroCommand(waitForAnimationToEndCommand=WaitForAnimationToEndCommand(timeout=null, label=null, optional=false)), MaestroCommand(takeScreenshotCommand=TakeScreenshotCommand(path=shots/13-verdict, cropOn=null, label=null, optional=false)), MaestroCommand(tapOnElementCommand=TapOnElementCommand(selector=ElementSelector(textRegex=Continuer|Décision suivante|Voir le bilan, idRegex=null, size=null, below=null, above=null, leftOf=null, rightOf=null, containsChild=null, containsDescendants=null, traits=null, index=null, enabled=null, optional=true, selected=null, checked=null, focused=null, childOf=null, css=null), retryIfNoChange=false, waitUntilVisible=false, longPress=false, repeat=null, waitToSettleTimeoutMs=null, relativePoint=null, label=null, optional=true)), MaestroCommand(waitForAnimationToEndCommand=WaitForAnimationToEndCommand(timeout=null, label=null, optional=false))], label=null, optional=false)), logMessages=[], insight=Insight(message=Element not found: Text matching regex: Continuer|Décision suivante|Voir le bilan, level=WARNING), aiReasoning=null, labeledCommand=null)
09:17:02.448 [ INFO] maestro.Maestro.takeScreenshot: Taking screenshot
09:17:02.448 [TRACE] maestro.utils.ScreenshotUtils.takeScreenshot: Taking screenshot to output sink
09:17:02.636 [ INFO] maestro.cli.runner.MaestroCommandRunner.runCommands$lambda$6: Tap on (Optional) "Continuer|Décision suivante|Voir le bilan" WARNED
09:17:02.636 [ INFO] maestro.cli.runner.MaestroCommandRunner.runCommands$lambda$0: Wait for animation to end RUNNING
09:17:02.636 [ INFO] maestro.cli.runner.MaestroCommandRunner.runCommands$lambda$11: Wait for animation to end metadata CommandMetadata(numberOfRuns=null, evaluatedCommand=MaestroCommand(waitForAnimationToEndCommand=WaitForAnimationToEndCommand(timeout=null, label=null, optional=false)), logMessages=[], insight=Insight(message=, level=NONE), aiReasoning=null, labeledCommand=null)
09:17:02.636 [ INFO] maestro.Maestro.waitForAnimationToEnd$lambda$53: Waiting for animation to end with timeout 15000
09:17:02.636 [TRACE] maestro.utils.ScreenshotUtils.takeScreenshot: Taking screenshot to byte array
09:17:02.636 [TRACE] maestro.utils.ScreenshotUtils.takeScreenshot: Taking screenshot to output sink
09:17:02.860 [TRACE] maestro.utils.ScreenshotUtils.takeScreenshot: Taking screenshot to byte array
09:17:02.861 [TRACE] maestro.utils.ScreenshotUtils.takeScreenshot: Taking screenshot to output sink
09:17:03.239 [ INFO] maestro.cli.runner.MaestroCommandRunner.runCommands$lambda$2: Wait for animation to end COMPLETED
09:17:03.239 [ INFO] maestro.cli.runner.MaestroCommandRunner.runCommands$lambda$11: Repeat 14 times metadata CommandMetadata(numberOfRuns=14, evaluatedCommand=MaestroCommand(repeatCommand=RepeatCommand(times=14, condition=null, commands=[MaestroCommand(tapOnPointV2Command=TapOnPointV2Command(point=50%,38%, retryIfNoChange=false, longPress=false, repeat=null, waitToSettleTimeoutMs=null, label=null, optional=true)), MaestroCommand(tapOnElementCommand=TapOnElementCommand(selector=ElementSelector(textRegex=Vérifier, idRegex=null, size=null, below=null, above=null, leftOf=null, rightOf=null, containsChild=null, containsDescendants=null, traits=null, index=null, enabled=null, optional=true, selected=null, checked=null, focused=null, childOf=null, css=null), retryIfNoChange=false, waitUntilVisible=false, longPress=false, repeat=null, waitToSettleTimeoutMs=null, relativePoint=null, label=null, optional=true)), MaestroCommand(waitForAnimationToEndCommand=WaitForAnimationToEndCommand(timeout=null, label=null, optional=false)), MaestroCommand(takeScreenshotCommand=TakeScreenshotCommand(path=shots/13-verdict, cropOn=null, label=null, optional=false)), MaestroCommand(tapOnElementCommand=TapOnElementCommand(selector=ElementSelector(textRegex=Continuer|Décision suivante|Voir le bilan, idRegex=null, size=null, below=null, above=null, leftOf=null, rightOf=null, containsChild=null, containsDescendants=null, traits=null, index=null, enabled=null, optional=true, selected=null, checked=null, focused=null, childOf=null, css=null), retryIfNoChange=false, waitUntilVisible=false, longPress=false, repeat=null, waitToSettleTimeoutMs=null, relativePoint=null, label=null, optional=true)), MaestroCommand(waitForAnimationToEndCommand=WaitForAnimationToEndCommand(timeout=null, label=null, optional=false))], label=null, optional=false)), logMessages=[], insight=Insight(message=, level=NONE), aiReasoning=null, labeledCommand=null)
09:17:03.239 [ INFO] maestro.cli.runner.MaestroCommandRunner.runCommands$lambda$2: Repeat 14 times COMPLETED
09:17:03.240 [ INFO] maestro.cli.runner.MaestroCommandRunner.runCommands$lambda$0: Take screenshot shots/14-apres-questions RUNNING
09:17:03.240 [ INFO] maestro.cli.runner.MaestroCommandRunner.runCommands$lambda$11: Take screenshot shots/14-apres-questions metadata CommandMetadata(numberOfRuns=null, evaluatedCommand=MaestroCommand(takeScreenshotCommand=TakeScreenshotCommand(path=shots/14-apres-questions, cropOn=null, label=null, optional=false)), logMessages=[], insight=Insight(message=, level=NONE), aiReasoning=null, labeledCommand=null)
09:17:03.241 [ INFO] maestro.Maestro.takeScreenshot: Taking screenshot
09:17:03.241 [TRACE] maestro.utils.ScreenshotUtils.takeScreenshot: Taking screenshot to output sink
09:17:03.394 [ INFO] maestro.cli.runner.MaestroCommandRunner.runCommands$lambda$2: Take screenshot shots/14-apres-questions COMPLETED
