08:31:31.048 [ INFO] maestro.cli.runner.MaestroCommandRunner.runCommands$lambda$0: Define variables RUNNING
08:31:31.059 [ INFO] maestro.cli.runner.MaestroCommandRunner.runCommands$lambda$11: Define variables metadata CommandMetadata(numberOfRuns=null, evaluatedCommand=MaestroCommand(defineVariablesCommand=DefineVariablesCommand(env={MAESTRO_CLI_NO_ANALYTICS=1, MAESTRO_FILENAME=lesson, MAESTRO_DEVICE_UDID=emulator-5554, MAESTRO_SHARD_ID=1, MAESTRO_SHARD_INDEX=0}, label=null, optional=false)), logMessages=[], insight=Insight(message=, level=NONE), aiReasoning=null, labeledCommand=null)
08:31:31.061 [ INFO] maestro.cli.runner.MaestroCommandRunner.runCommands$lambda$2: Define variables COMPLETED
08:31:31.063 [ INFO] maestro.cli.runner.MaestroCommandRunner.runCommands$lambda$0: Apply configuration RUNNING
08:31:31.070 [ INFO] maestro.cli.runner.MaestroCommandRunner.runCommands$lambda$11: Apply configuration metadata CommandMetadata(numberOfRuns=null, evaluatedCommand=MaestroCommand(applyConfigurationCommand=ApplyConfigurationCommand(config=MaestroConfig(appId=fr.citeparlia.quizgeo, name=null, tags=[], ext={}, onFlowStart=null, onFlowComplete=null, properties={}), label=null, optional=false)), logMessages=[], insight=Insight(message=, level=NONE), aiReasoning=null, labeledCommand=null)
08:31:31.071 [ INFO] maestro.cli.runner.MaestroCommandRunner.runCommands$lambda$2: Apply configuration COMPLETED
08:31:31.072 [ INFO] maestro.cli.runner.MaestroCommandRunner.runCommands$lambda$0: Launch app "fr.citeparlia.quizgeo" RUNNING
08:31:31.078 [ INFO] maestro.cli.runner.MaestroCommandRunner.runCommands$lambda$11: Launch app "fr.citeparlia.quizgeo" metadata CommandMetadata(numberOfRuns=null, evaluatedCommand=MaestroCommand(launchAppCommand=LaunchAppCommand(appId=fr.citeparlia.quizgeo, clearState=null, clearKeychain=null, stopApp=null, permissions=null, launchArguments=null, label=null, optional=false)), logMessages=[], insight=Insight(message=, level=NONE), aiReasoning=null, labeledCommand=null)
08:31:31.707 [DEBUG] maestro.Maestro.setPermissionInternal: Failed to set permission com.google.android.finsky.permission.BIND_GET_INSTALL_REFERRER_SERVICE for app fr.citeparlia.quizgeo: shell command failed (exit -1): 
Exception occurred while executing 'grant':
java.lang.IllegalArgumentException: Unknown permission: com.google.android.finsky.permission.BIND_GET_INSTALL_REFERRER_SERVICE
	at com.android.server.pm.permission.PermissionManagerServiceImpl.grantRuntimePermissionInternal(PermissionManagerServiceImpl.java:1380)
	at com.android.server.pm.permission.PermissionManagerServiceImpl.grantRuntimePermission(PermissionManagerServiceImpl.java:1337)
	at com.android.server.pm.permission.PermissionManagerService.grantRuntimePermission(PermissionManagerService.java:551)
	at android.permission.PermissionManager.grantRuntimePermission(PermissionManager.java:609)
	at com.android.server.pm.PackageManagerShellCommand.runGrantRevokePermission(PackageManagerShellCommand.java:2672)
	at com.android.server.pm.PackageManagerShellCommand.onCommand(PackageManagerShellCommand.java:291)
	at com.android.modules.utils.BasicShellCommandHandler.exec(BasicShellCommandHandler.java:97)
	at android.os.ShellCommand.exec(ShellCommand.java:38)
	at com.android.server.pm.PackageManagerService$IPackageManagerImpl.onShellCommand(PackageManagerService.java:6350)
	at android.os.Binder.shellCommand(Binder.java:1068)
	at android.os.Binder.onTransact(Binder.java:888)
	at android.content.pm.IPackageManager$Stub.onTransact(IPackageManager.java:4352)
	at com.android.server.pm.PackageManagerService$IPackageManagerImpl.onTransact(PackageManagerService.java:6334)
	at android.os.Binder.execTransactInternal(Binder.java:1344)
	at android.os.Binder.execTransact(Binder.java:1275)

08:31:31.725 [DEBUG] maestro.Maestro.setPermissionInternal: Failed to set permission com.sec.android.provider.badge.permission.READ for app fr.citeparlia.quizgeo: shell command failed (exit -1): 
Exception occurred while executing 'grant':
java.lang.IllegalArgumentException: Unknown permission: com.sec.android.provider.badge.permission.READ
	at com.android.server.pm.permission.PermissionManagerServiceImpl.grantRuntimePermissionInternal(PermissionManagerServiceImpl.java:1380)
	at com.android.server.pm.permission.PermissionManagerServiceImpl.grantRuntimePermission(PermissionManagerServiceImpl.java:1337)
	at com.android.server.pm.permission.PermissionManagerService.grantRuntimePermission(PermissionManagerService.java:551)
	at android.permission.PermissionManager.grantRuntimePermission(PermissionManager.java:609)
	at com.android.server.pm.PackageManagerShellCommand.runGrantRevokePermission(PackageManagerShellCommand.java:2672)
	at com.android.server.pm.PackageManagerShellCommand.onCommand(PackageManagerShellCommand.java:291)
	at com.android.modules.utils.BasicShellCommandHandler.exec(BasicShellCommandHandler.java:97)
	at android.os.ShellCommand.exec(ShellCommand.java:38)
	at com.android.server.pm.PackageManagerService$IPackageManagerImpl.onShellCommand(PackageManagerService.java:6350)
	at android.os.Binder.shellCommand(Binder.java:1068)
	at android.os.Binder.onTransact(Binder.java:888)
	at android.content.pm.IPackageManager$Stub.onTransact(IPackageManager.java:4352)
	at com.android.server.pm.PackageManagerService$IPackageManagerImpl.onTransact(PackageManagerService.java:6334)
	at android.os.Binder.execTransactInternal(Binder.java:1344)
	at android.os.Binder.execTransact(Binder.java:1275)

08:31:31.744 [DEBUG] maestro.Maestro.setPermissionInternal: Failed to set permission com.sec.android.provider.badge.permission.WRITE for app fr.citeparlia.quizgeo: shell command failed (exit -1): 
Exception occurred while executing 'grant':
java.lang.IllegalArgumentException: Unknown permission: com.sec.android.provider.badge.permission.WRITE
	at com.android.server.pm.permission.PermissionManagerServiceImpl.grantRuntimePermissionInternal(PermissionManagerServiceImpl.java:1380)
	at com.android.server.pm.permission.PermissionManagerServiceImpl.grantRuntimePermission(PermissionManagerServiceImpl.java:1337)
	at com.android.server.pm.permission.PermissionManagerService.grantRuntimePermission(PermissionManagerService.java:551)
	at android.permission.PermissionManager.grantRuntimePermission(PermissionManager.java:609)
	at com.android.server.pm.PackageManagerShellCommand.runGrantRevokePermission(PackageManagerShellCommand.java:2672)
	at com.android.server.pm.PackageManagerShellCommand.onCommand(PackageManagerShellCommand.java:291)
	at com.android.modules.utils.BasicShellCommandHandler.exec(BasicShellCommandHandler.java:97)
	at android.os.ShellCommand.exec(ShellCommand.java:38)
	at com.android.server.pm.PackageManagerService$IPackageManagerImpl.onShellCommand(PackageManagerService.java:6350)
	at android.os.Binder.shellCommand(Binder.java:1068)
	at android.os.Binder.onTransact(Binder.java:888)
	at android.content.pm.IPackageManager$Stub.onTransact(IPackageManager.java:4352)
	at com.android.server.pm.PackageManagerService$IPackageManagerImpl.onTransact(PackageManagerService.java:6334)
	at android.os.Binder.execTransactInternal(Binder.java:1344)
	at android.os.Binder.execTransact(Binder.java:1275)

08:31:31.763 [DEBUG] maestro.Maestro.setPermissionInternal: Failed to set permission com.htc.launcher.permission.READ_SETTINGS for app fr.citeparlia.quizgeo: shell command failed (exit -1): 
Exception occurred while executing 'grant':
java.lang.IllegalArgumentException: Unknown permission: com.htc.launcher.permission.READ_SETTINGS
	at com.android.server.pm.permission.PermissionManagerServiceImpl.grantRuntimePermissionInternal(PermissionManagerServiceImpl.java:1380)
	at com.android.server.pm.permission.PermissionManagerServiceImpl.grantRuntimePermission(PermissionManagerServiceImpl.java:1337)
	at com.android.server.pm.permission.PermissionManagerService.grantRuntimePermission(PermissionManagerService.java:551)
	at android.permission.PermissionManager.grantRuntimePermission(PermissionManager.java:609)
	at com.android.server.pm.PackageManagerShellCommand.runGrantRevokePermission(PackageManagerShellCommand.java:2672)
	at com.android.server.pm.PackageManagerShellCommand.onCommand(PackageManagerShellCommand.java:291)
	at com.android.modules.utils.BasicShellCommandHandler.exec(BasicShellCommandHandler.java:97)
	at android.os.ShellCommand.exec(ShellCommand.java:38)
	at com.android.server.pm.PackageManagerService$IPackageManagerImpl.onShellCommand(PackageManagerService.java:6350)
	at android.os.Binder.shellCommand(Binder.java:1068)
	at android.os.Binder.onTransact(Binder.java:888)
	at android.content.pm.IPackageManager$Stub.onTransact(IPackageManager.java:4352)
	at com.android.server.pm.PackageManagerService$IPackageManagerImpl.onTransact(PackageManagerService.java:6334)
	at android.os.Binder.execTransactInternal(Binder.java:1344)
	at android.os.Binder.execTransact(Binder.java:1275)

08:31:31.781 [DEBUG] maestro.Maestro.setPermissionInternal: Failed to set permission com.htc.launcher.permission.UPDATE_SHORTCUT for app fr.citeparlia.quizgeo: shell command failed (exit -1): 
Exception occurred while executing 'grant':
java.lang.IllegalArgumentException: Unknown permission: com.htc.launcher.permission.UPDATE_SHORTCUT
	at com.android.server.pm.permission.PermissionManagerServiceImpl.grantRuntimePermissionInternal(PermissionManagerServiceImpl.java:1380)
	at com.android.server.pm.permission.PermissionManagerServiceImpl.grantRuntimePermission(PermissionManagerServiceImpl.java:1337)
	at com.android.server.pm.permission.PermissionManagerService.grantRuntimePermission(PermissionManagerService.java:551)
	at android.permission.PermissionManager.grantRuntimePermission(PermissionManager.java:609)
	at com.android.server.pm.PackageManagerShellCommand.runGrantRevokePermission(PackageManagerShellCommand.java:2672)
	at com.android.server.pm.PackageManagerShellCommand.onCommand(PackageManagerShellCommand.java:291)
	at com.android.modules.utils.BasicShellCommandHandler.exec(BasicShellCommandHandler.java:97)
	at android.os.ShellCommand.exec(ShellCommand.java:38)
	at com.android.server.pm.PackageManagerService$IPackageManagerImpl.onShellCommand(PackageManagerService.java:6350)
	at android.os.Binder.shellCommand(Binder.java:1068)
	at android.os.Binder.onTransact(Binder.java:888)
	at android.content.pm.IPackageManager$Stub.onTransact(IPackageManager.java:4352)
	at com.android.server.pm.PackageManagerService$IPackageManagerImpl.onTransact(PackageManagerService.java:6334)
	at android.os.Binder.execTransactInternal(Binder.java:1344)
	at android.os.Binder.execTransact(Binder.java:1275)

08:31:31.797 [DEBUG] maestro.Maestro.setPermissionInternal: Failed to set permission com.sonyericsson.home.permission.BROADCAST_BADGE for app fr.citeparlia.quizgeo: shell command failed (exit -1): 
Exception occurred while executing 'grant':
java.lang.IllegalArgumentException: Unknown permission: com.sonyericsson.home.permission.BROADCAST_BADGE
	at com.android.server.pm.permission.PermissionManagerServiceImpl.grantRuntimePermissionInternal(PermissionManagerServiceImpl.java:1380)
	at com.android.server.pm.permission.PermissionManagerServiceImpl.grantRuntimePermission(PermissionManagerServiceImpl.java:1337)
	at com.android.server.pm.permission.PermissionManagerService.grantRuntimePermission(PermissionManagerService.java:551)
	at android.permission.PermissionManager.grantRuntimePermission(PermissionManager.java:609)
	at com.android.server.pm.PackageManagerShellCommand.runGrantRevokePermission(PackageManagerShellCommand.java:2672)
	at com.android.server.pm.PackageManagerShellCommand.onCommand(PackageManagerShellCommand.java:291)
	at com.android.modules.utils.BasicShellCommandHandler.exec(BasicShellCommandHandler.java:97)
	at android.os.ShellCommand.exec(ShellCommand.java:38)
	at com.android.server.pm.PackageManagerService$IPackageManagerImpl.onShellCommand(PackageManagerService.java:6350)
	at android.os.Binder.shellCommand(Binder.java:1068)
	at android.os.Binder.onTransact(Binder.java:888)
	at android.content.pm.IPackageManager$Stub.onTransact(IPackageManager.java:4352)
	at com.android.server.pm.PackageManagerService$IPackageManagerImpl.onTransact(PackageManagerService.java:6334)
	at android.os.Binder.execTransactInternal(Binder.java:1344)
	at android.os.Binder.execTransact(Binder.java:1275)

08:31:31.812 [DEBUG] maestro.Maestro.setPermissionInternal: Failed to set permission com.sonymobile.home.permission.PROVIDER_INSERT_BADGE for app fr.citeparlia.quizgeo: shell command failed (exit -1): 
Exception occurred while executing 'grant':
java.lang.IllegalArgumentException: Unknown permission: com.sonymobile.home.permission.PROVIDER_INSERT_BADGE
	at com.android.server.pm.permission.PermissionManagerServiceImpl.grantRuntimePermissionInternal(PermissionManagerServiceImpl.java:1380)
	at com.android.server.pm.permission.PermissionManagerServiceImpl.grantRuntimePermission(PermissionManagerServiceImpl.java:1337)
	at com.android.server.pm.permission.PermissionManagerService.grantRuntimePermission(PermissionManagerService.java:551)
	at android.permission.PermissionManager.grantRuntimePermission(PermissionManager.java:609)
	at com.android.server.pm.PackageManagerShellCommand.runGrantRevokePermission(PackageManagerShellCommand.java:2672)
	at com.android.server.pm.PackageManagerShellCommand.onCommand(PackageManagerShellCommand.java:291)
	at com.android.modules.utils.BasicShellCommandHandler.exec(BasicShellCommandHandler.java:97)
	at android.os.ShellCommand.exec(ShellCommand.java:38)
	at com.android.server.pm.PackageManagerService$IPackageManagerImpl.onShellCommand(PackageManagerService.java:6350)
	at android.os.Binder.shellCommand(Binder.java:1068)
	at android.os.Binder.onTransact(Binder.java:888)
	at android.content.pm.IPackageManager$Stub.onTransact(IPackageManager.java:4352)
	at com.android.server.pm.PackageManagerService$IPackageManagerImpl.onTransact(PackageManagerService.java:6334)
	at android.os.Binder.execTransactInternal(Binder.java:1344)
	at android.os.Binder.execTransact(Binder.java:1275)

08:31:31.827 [DEBUG] maestro.Maestro.setPermissionInternal: Failed to set permission com.anddoes.launcher.permission.UPDATE_COUNT for app fr.citeparlia.quizgeo: shell command failed (exit -1): 
Exception occurred while executing 'grant':
java.lang.IllegalArgumentException: Unknown permission: com.anddoes.launcher.permission.UPDATE_COUNT
	at com.android.server.pm.permission.PermissionManagerServiceImpl.grantRuntimePermissionInternal(PermissionManagerServiceImpl.java:1380)
	at com.android.server.pm.permission.PermissionManagerServiceImpl.grantRuntimePermission(PermissionManagerServiceImpl.java:1337)
	at com.android.server.pm.permission.PermissionManagerService.grantRuntimePermission(PermissionManagerService.java:551)
	at android.permission.PermissionManager.grantRuntimePermission(PermissionManager.java:609)
	at com.android.server.pm.PackageManagerShellCommand.runGrantRevokePermission(PackageManagerShellCommand.java:2672)
	at com.android.server.pm.PackageManagerShellCommand.onCommand(PackageManagerShellCommand.java:291)
	at com.android.modules.utils.BasicShellCommandHandler.exec(BasicShellCommandHandler.java:97)
	at android.os.ShellCommand.exec(ShellCommand.java:38)
	at com.android.server.pm.PackageManagerService$IPackageManagerImpl.onShellCommand(PackageManagerService.java:6350)
	at android.os.Binder.shellCommand(Binder.java:1068)
	at android.os.Binder.onTransact(Binder.java:888)
	at android.content.pm.IPackageManager$Stub.onTransact(IPackageManager.java:4352)
	at com.android.server.pm.PackageManagerService$IPackageManagerImpl.onTransact(PackageManagerService.java:6334)
	at android.os.Binder.execTransactInternal(Binder.java:1344)
	at android.os.Binder.execTransact(Binder.java:1275)

08:31:31.842 [DEBUG] maestro.Maestro.setPermissionInternal: Failed to set permission com.majeur.launcher.permission.UPDATE_BADGE for app fr.citeparlia.quizgeo: shell command failed (exit -1): 
Exception occurred while executing 'grant':
java.lang.IllegalArgumentException: Unknown permission: com.majeur.launcher.permission.UPDATE_BADGE
	at com.android.server.pm.permission.PermissionManagerServiceImpl.grantRuntimePermissionInternal(PermissionManagerServiceImpl.java:1380)
	at com.android.server.pm.permission.PermissionManagerServiceImpl.grantRuntimePermission(PermissionManagerServiceImpl.java:1337)
	at com.android.server.pm.permission.PermissionManagerService.grantRuntimePermission(PermissionManagerService.java:551)
	at android.permission.PermissionManager.grantRuntimePermission(PermissionManager.java:609)
	at com.android.server.pm.PackageManagerShellCommand.runGrantRevokePermission(PackageManagerShellCommand.java:2672)
	at com.android.server.pm.PackageManagerShellCommand.onCommand(PackageManagerShellCommand.java:291)
	at com.android.modules.utils.BasicShellCommandHandler.exec(BasicShellCommandHandler.java:97)
	at android.os.ShellCommand.exec(ShellCommand.java:38)
	at com.android.server.pm.PackageManagerService$IPackageManagerImpl.onShellCommand(PackageManagerService.java:6350)
	at android.os.Binder.shellCommand(Binder.java:1068)
	at android.os.Binder.onTransact(Binder.java:888)
	at android.content.pm.IPackageManager$Stub.onTransact(IPackageManager.java:4352)
	at com.android.server.pm.PackageManagerService$IPackageManagerImpl.onTransact(PackageManagerService.java:6334)
	at android.os.Binder.execTransactInternal(Binder.java:1344)
	at android.os.Binder.execTransact(Binder.java:1275)

08:31:31.857 [DEBUG] maestro.Maestro.setPermissionInternal: Failed to set permission com.huawei.android.launcher.permission.CHANGE_BADGE for app fr.citeparlia.quizgeo: shell command failed (exit -1): 
Exception occurred while executing 'grant':
java.lang.IllegalArgumentException: Unknown permission: com.huawei.android.launcher.permission.CHANGE_BADGE
	at com.android.server.pm.permission.PermissionManagerServiceImpl.grantRuntimePermissionInternal(PermissionManagerServiceImpl.java:1380)
	at com.android.server.pm.permission.PermissionManagerServiceImpl.grantRuntimePermission(PermissionManagerServiceImpl.java:1337)
	at com.android.server.pm.permission.PermissionManagerService.grantRuntimePermission(PermissionManagerService.java:551)
	at android.permission.PermissionManager.grantRuntimePermission(PermissionManager.java:609)
	at com.android.server.pm.PackageManagerShellCommand.runGrantRevokePermission(PackageManagerShellCommand.java:2672)
	at com.android.server.pm.PackageManagerShellCommand.onCommand(PackageManagerShellCommand.java:291)
	at com.android.modules.utils.BasicShellCommandHandler.exec(BasicShellCommandHandler.java:97)
	at android.os.ShellCommand.exec(ShellCommand.java:38)
	at com.android.server.pm.PackageManagerService$IPackageManagerImpl.onShellCommand(PackageManagerService.java:6350)
	at android.os.Binder.shellCommand(Binder.java:1068)
	at android.os.Binder.onTransact(Binder.java:888)
	at android.content.pm.IPackageManager$Stub.onTransact(IPackageManager.java:4352)
	at com.android.server.pm.PackageManagerService$IPackageManagerImpl.onTransact(PackageManagerService.java:6334)
	at android.os.Binder.execTransactInternal(Binder.java:1344)
	at android.os.Binder.execTransact(Binder.java:1275)

08:31:31.871 [DEBUG] maestro.Maestro.setPermissionInternal: Failed to set permission com.huawei.android.launcher.permission.READ_SETTINGS for app fr.citeparlia.quizgeo: shell command failed (exit -1): 
Exception occurred while executing 'grant':
java.lang.IllegalArgumentException: Unknown permission: com.huawei.android.launcher.permission.READ_SETTINGS
	at com.android.server.pm.permission.PermissionManagerServiceImpl.grantRuntimePermissionInternal(PermissionManagerServiceImpl.java:1380)
	at com.android.server.pm.permission.PermissionManagerServiceImpl.grantRuntimePermission(PermissionManagerServiceImpl.java:1337)
	at com.android.server.pm.permission.PermissionManagerService.grantRuntimePermission(PermissionManagerService.java:551)
	at android.permission.PermissionManager.grantRuntimePermission(PermissionManager.java:609)
	at com.android.server.pm.PackageManagerShellCommand.runGrantRevokePermission(PackageManagerShellCommand.java:2672)
	at com.android.server.pm.PackageManagerShellCommand.onCommand(PackageManagerShellCommand.java:291)
	at com.android.modules.utils.BasicShellCommandHandler.exec(BasicShellCommandHandler.java:97)
	at android.os.ShellCommand.exec(ShellCommand.java:38)
	at com.android.server.pm.PackageManagerService$IPackageManagerImpl.onShellCommand(PackageManagerService.java:6350)
	at android.os.Binder.shellCommand(Binder.java:1068)
	at android.os.Binder.onTransact(Binder.java:888)
	at android.content.pm.IPackageManager$Stub.onTransact(IPackageManager.java:4352)
	at com.android.server.pm.PackageManagerService$IPackageManagerImpl.onTransact(PackageManagerService.java:6334)
	at android.os.Binder.execTransactInternal(Binder.java:1344)
	at android.os.Binder.execTransact(Binder.java:1275)

08:31:31.887 [DEBUG] maestro.Maestro.setPermissionInternal: Failed to set permission com.huawei.android.launcher.permission.WRITE_SETTINGS for app fr.citeparlia.quizgeo: shell command failed (exit -1): 
Exception occurred while executing 'grant':
java.lang.IllegalArgumentException: Unknown permission: com.huawei.android.launcher.permission.WRITE_SETTINGS
	at com.android.server.pm.permission.PermissionManagerServiceImpl.grantRuntimePermissionInternal(PermissionManagerServiceImpl.java:1380)
	at com.android.server.pm.permission.PermissionManagerServiceImpl.grantRuntimePermission(PermissionManagerServiceImpl.java:1337)
	at com.android.server.pm.permission.PermissionManagerService.grantRuntimePermission(PermissionManagerService.java:551)
	at android.permission.PermissionManager.grantRuntimePermission(PermissionManager.java:609)
	at com.android.server.pm.PackageManagerShellCommand.runGrantRevokePermission(PackageManagerShellCommand.java:2672)
	at com.android.server.pm.PackageManagerShellCommand.onCommand(PackageManagerShellCommand.java:291)
	at com.android.modules.utils.BasicShellCommandHandler.exec(BasicShellCommandHandler.java:97)
	at android.os.ShellCommand.exec(ShellCommand.java:38)
	at com.android.server.pm.PackageManagerService$IPackageManagerImpl.onShellCommand(PackageManagerService.java:6350)
	at android.os.Binder.shellCommand(Binder.java:1068)
	at android.os.Binder.onTransact(Binder.java:888)
	at android.content.pm.IPackageManager$Stub.onTransact(IPackageManager.java:4352)
	at com.android.server.pm.PackageManagerService$IPackageManagerImpl.onTransact(PackageManagerService.java:6334)
	at android.os.Binder.execTransactInternal(Binder.java:1344)
	at android.os.Binder.execTransact(Binder.java:1275)

08:31:31.902 [DEBUG] maestro.Maestro.setPermissionInternal: Failed to set permission android.permission.READ_APP_BADGE for app fr.citeparlia.quizgeo: shell command failed (exit -1): 
Exception occurred while executing 'grant':
java.lang.IllegalArgumentException: Unknown permission: android.permission.READ_APP_BADGE
	at com.android.server.pm.permission.PermissionManagerServiceImpl.grantRuntimePermissionInternal(PermissionManagerServiceImpl.java:1380)
	at com.android.server.pm.permission.PermissionManagerServiceImpl.grantRuntimePermission(PermissionManagerServiceImpl.java:1337)
	at com.android.server.pm.permission.PermissionManagerService.grantRuntimePermission(PermissionManagerService.java:551)
	at android.permission.PermissionManager.grantRuntimePermission(PermissionManager.java:609)
	at com.android.server.pm.PackageManagerShellCommand.runGrantRevokePermission(PackageManagerShellCommand.java:2672)
	at com.android.server.pm.PackageManagerShellCommand.onCommand(PackageManagerShellCommand.java:291)
	at com.android.modules.utils.BasicShellCommandHandler.exec(BasicShellCommandHandler.java:97)
	at android.os.ShellCommand.exec(ShellCommand.java:38)
	at com.android.server.pm.PackageManagerService$IPackageManagerImpl.onShellCommand(PackageManagerService.java:6350)
	at android.os.Binder.shellCommand(Binder.java:1068)
	at android.os.Binder.onTransact(Binder.java:888)
	at android.content.pm.IPackageManager$Stub.onTransact(IPackageManager.java:4352)
	at com.android.server.pm.PackageManagerService$IPackageManagerImpl.onTransact(PackageManagerService.java:6334)
	at android.os.Binder.execTransactInternal(Binder.java:1344)
	at android.os.Binder.execTransact(Binder.java:1275)

08:31:31.918 [DEBUG] maestro.Maestro.setPermissionInternal: Failed to set permission com.oppo.launcher.permission.READ_SETTINGS for app fr.citeparlia.quizgeo: shell command failed (exit -1): 
Exception occurred while executing 'grant':
java.lang.IllegalArgumentException: Unknown permission: com.oppo.launcher.permission.READ_SETTINGS
	at com.android.server.pm.permission.PermissionManagerServiceImpl.grantRuntimePermissionInternal(PermissionManagerServiceImpl.java:1380)
	at com.android.server.pm.permission.PermissionManagerServiceImpl.grantRuntimePermission(PermissionManagerServiceImpl.java:1337)
	at com.android.server.pm.permission.PermissionManagerService.grantRuntimePermission(PermissionManagerService.java:551)
	at android.permission.PermissionManager.grantRuntimePermission(PermissionManager.java:609)
	at com.android.server.pm.PackageManagerShellCommand.runGrantRevokePermission(PackageManagerShellCommand.java:2672)
	at com.android.server.pm.PackageManagerShellCommand.onCommand(PackageManagerShellCommand.java:291)
	at com.android.modules.utils.BasicShellCommandHandler.exec(BasicShellCommandHandler.java:97)
	at android.os.ShellCommand.exec(ShellCommand.java:38)
	at com.android.server.pm.PackageManagerService$IPackageManagerImpl.onShellCommand(PackageManagerService.java:6350)
	at android.os.Binder.shellCommand(Binder.java:1068)
	at android.os.Binder.onTransact(Binder.java:888)
	at android.content.pm.IPackageManager$Stub.onTransact(IPackageManager.java:4352)
	at com.android.server.pm.PackageManagerService$IPackageManagerImpl.onTransact(PackageManagerService.java:6334)
	at android.os.Binder.execTransactInternal(Binder.java:1344)
	at android.os.Binder.execTransact(Binder.java:1275)

08:31:31.933 [DEBUG] maestro.Maestro.setPermissionInternal: Failed to set permission com.oppo.launcher.permission.WRITE_SETTINGS for app fr.citeparlia.quizgeo: shell command failed (exit -1): 
Exception occurred while executing 'grant':
java.lang.IllegalArgumentException: Unknown permission: com.oppo.launcher.permission.WRITE_SETTINGS
	at com.android.server.pm.permission.PermissionManagerServiceImpl.grantRuntimePermissionInternal(PermissionManagerServiceImpl.java:1380)
	at com.android.server.pm.permission.PermissionManagerServiceImpl.grantRuntimePermission(PermissionManagerServiceImpl.java:1337)
	at com.android.server.pm.permission.PermissionManagerService.grantRuntimePermission(PermissionManagerService.java:551)
	at android.permission.PermissionManager.grantRuntimePermission(PermissionManager.java:609)
	at com.android.server.pm.PackageManagerShellCommand.runGrantRevokePermission(PackageManagerShellCommand.java:2672)
	at com.android.server.pm.PackageManagerShellCommand.onCommand(PackageManagerShellCommand.java:291)
	at com.android.modules.utils.BasicShellCommandHandler.exec(BasicShellCommandHandler.java:97)
	at android.os.ShellCommand.exec(ShellCommand.java:38)
	at com.android.server.pm.PackageManagerService$IPackageManagerImpl.onShellCommand(PackageManagerService.java:6350)
	at android.os.Binder.shellCommand(Binder.java:1068)
	at android.os.Binder.onTransact(Binder.java:888)
	at android.content.pm.IPackageManager$Stub.onTransact(IPackageManager.java:4352)
	at com.android.server.pm.PackageManagerService$IPackageManagerImpl.onTransact(PackageManagerService.java:6334)
	at android.os.Binder.execTransactInternal(Binder.java:1344)
	at android.os.Binder.execTransact(Binder.java:1275)

08:31:31.949 [DEBUG] maestro.Maestro.setPermissionInternal: Failed to set permission me.everything.badger.permission.BADGE_COUNT_READ for app fr.citeparlia.quizgeo: shell command failed (exit -1): 
Exception occurred while executing 'grant':
java.lang.IllegalArgumentException: Unknown permission: me.everything.badger.permission.BADGE_COUNT_READ
	at com.android.server.pm.permission.PermissionManagerServiceImpl.grantRuntimePermissionInternal(PermissionManagerServiceImpl.java:1380)
	at com.android.server.pm.permission.PermissionManagerServiceImpl.grantRuntimePermission(PermissionManagerServiceImpl.java:1337)
	at com.android.server.pm.permission.PermissionManagerService.grantRuntimePermission(PermissionManagerService.java:551)
	at android.permission.PermissionManager.grantRuntimePermission(PermissionManager.java:609)
	at com.android.server.pm.PackageManagerShellCommand.runGrantRevokePermission(PackageManagerShellCommand.java:2672)
	at com.android.server.pm.PackageManagerShellCommand.onCommand(PackageManagerShellCommand.java:291)
	at com.android.modules.utils.BasicShellCommandHandler.exec(BasicShellCommandHandler.java:97)
	at android.os.ShellCommand.exec(ShellCommand.java:38)
	at com.android.server.pm.PackageManagerService$IPackageManagerImpl.onShellCommand(PackageManagerService.java:6350)
	at android.os.Binder.shellCommand(Binder.java:1068)
	at android.os.Binder.onTransact(Binder.java:888)
	at android.content.pm.IPackageManager$Stub.onTransact(IPackageManager.java:4352)
	at com.android.server.pm.PackageManagerService$IPackageManagerImpl.onTransact(PackageManagerService.java:6334)
	at android.os.Binder.execTransactInternal(Binder.java:1344)
	at android.os.Binder.execTransact(Binder.java:1275)

08:31:31.964 [DEBUG] maestro.Maestro.setPermissionInternal: Failed to set permission me.everything.badger.permission.BADGE_COUNT_WRITE for app fr.citeparlia.quizgeo: shell command failed (exit -1): 
Exception occurred while executing 'grant':
java.lang.IllegalArgumentException: Unknown permission: me.everything.badger.permission.BADGE_COUNT_WRITE
	at com.android.server.pm.permission.PermissionManagerServiceImpl.grantRuntimePermissionInternal(PermissionManagerServiceImpl.java:1380)
	at com.android.server.pm.permission.PermissionManagerServiceImpl.grantRuntimePermission(PermissionManagerServiceImpl.java:1337)
	at com.android.server.pm.permission.PermissionManagerService.grantRuntimePermission(PermissionManagerService.java:551)
	at android.permission.PermissionManager.grantRuntimePermission(PermissionManager.java:609)
	at com.android.server.pm.PackageManagerShellCommand.runGrantRevokePermission(PackageManagerShellCommand.java:2672)
	at com.android.server.pm.PackageManagerShellCommand.onCommand(PackageManagerShellCommand.java:291)
	at com.android.modules.utils.BasicShellCommandHandler.exec(BasicShellCommandHandler.java:97)
	at android.os.ShellCommand.exec(ShellCommand.java:38)
	at com.android.server.pm.PackageManagerService$IPackageManagerImpl.onShellCommand(PackageManagerService.java:6350)
	at android.os.Binder.shellCommand(Binder.java:1068)
	at android.os.Binder.onTransact(Binder.java:888)
	at android.content.pm.IPackageManager$Stub.onTransact(IPackageManager.java:4352)
	at com.android.server.pm.PackageManagerService$IPackageManagerImpl.onTransact(PackageManagerService.java:6334)
	at android.os.Binder.execTransactInternal(Binder.java:1344)
	at android.os.Binder.execTransact(Binder.java:1275)

08:31:31.966 [ INFO] maestro.Maestro.launchApp$lambda$5: Launching app fr.citeparlia.quizgeo
08:31:31.966 [ INFO] maestro.Maestro.launchApp$lambda$5: Stopping fr.citeparlia.quizgeo app during launch
08:31:33.049 [ INFO] maestro.cli.runner.MaestroCommandRunner.runCommands$lambda$2: Launch app "fr.citeparlia.quizgeo" COMPLETED
08:31:33.050 [ INFO] maestro.cli.runner.MaestroCommandRunner.runCommands$lambda$0: Tap on (Optional) "Wait|Attendre" RUNNING
08:31:33.111 [ INFO] maestro.cli.runner.MaestroCommandRunner.runCommands$lambda$11: Tap on (Optional) "Wait|Attendre" metadata CommandMetadata(numberOfRuns=null, evaluatedCommand=MaestroCommand(tapOnElementCommand=TapOnElementCommand(selector=ElementSelector(textRegex=Wait|Attendre, idRegex=null, size=null, below=null, above=null, leftOf=null, rightOf=null, containsChild=null, containsDescendants=null, traits=null, index=null, enabled=null, optional=true, selected=null, checked=null, focused=null, childOf=null, css=null), retryIfNoChange=false, waitUntilVisible=false, longPress=false, repeat=null, waitToSettleTimeoutMs=null, relativePoint=null, label=null, optional=true)), logMessages=[], insight=Insight(message=, level=NONE), aiReasoning=null, labeledCommand=null)
08:31:40.626 [ INFO] maestro.orchestra.Orchestra.executeCommands: [Command execution] CommandWarned: Element not found: Text matching regex: Wait|Attendre
08:31:40.627 [ INFO] maestro.cli.runner.MaestroCommandRunner.runCommands$lambda$11: Tap on (Optional) "Wait|Attendre" metadata CommandMetadata(numberOfRuns=null, evaluatedCommand=MaestroCommand(tapOnElementCommand=TapOnElementCommand(selector=ElementSelector(textRegex=Wait|Attendre, idRegex=null, size=null, below=null, above=null, leftOf=null, rightOf=null, containsChild=null, containsDescendants=null, traits=null, index=null, enabled=null, optional=true, selected=null, checked=null, focused=null, childOf=null, css=null), retryIfNoChange=false, waitUntilVisible=false, longPress=false, repeat=null, waitToSettleTimeoutMs=null, relativePoint=null, label=null, optional=true)), logMessages=[], insight=Insight(message=Element not found: Text matching regex: Wait|Attendre, level=WARNING), aiReasoning=null, labeledCommand=null)
08:31:41.126 [ INFO] maestro.Maestro.takeScreenshot: Taking screenshot
08:31:41.128 [TRACE] maestro.utils.ScreenshotUtils.takeScreenshot: Taking screenshot to output sink
08:31:41.447 [ INFO] maestro.cli.runner.MaestroCommandRunner.runCommands$lambda$6: Tap on (Optional) "Wait|Attendre" WARNED
08:31:41.449 [ INFO] maestro.cli.runner.MaestroCommandRunner.runCommands$lambda$0: Wait for animation to end RUNNING
08:31:41.449 [ INFO] maestro.cli.runner.MaestroCommandRunner.runCommands$lambda$11: Wait for animation to end metadata CommandMetadata(numberOfRuns=null, evaluatedCommand=MaestroCommand(waitForAnimationToEndCommand=WaitForAnimationToEndCommand(timeout=null, label=null, optional=false)), logMessages=[], insight=Insight(message=, level=NONE), aiReasoning=null, labeledCommand=null)
08:31:41.452 [ INFO] maestro.Maestro.waitForAnimationToEnd$lambda$53: Waiting for animation to end with timeout 15000
08:31:41.453 [TRACE] maestro.utils.ScreenshotUtils.takeScreenshot: Taking screenshot to byte array
08:31:41.453 [TRACE] maestro.utils.ScreenshotUtils.takeScreenshot: Taking screenshot to output sink
08:31:41.838 [TRACE] maestro.utils.ScreenshotUtils.takeScreenshot: Taking screenshot to byte array
08:31:41.839 [TRACE] maestro.utils.ScreenshotUtils.takeScreenshot: Taking screenshot to output sink
08:31:42.321 [ INFO] maestro.cli.runner.MaestroCommandRunner.runCommands$lambda$2: Wait for animation to end COMPLETED
08:31:42.322 [ INFO] maestro.cli.runner.MaestroCommandRunner.runCommands$lambda$0: Tap on "Le vocabulaire de base" RUNNING
08:31:42.322 [ INFO] maestro.cli.runner.MaestroCommandRunner.runCommands$lambda$11: Tap on "Le vocabulaire de base" metadata CommandMetadata(numberOfRuns=null, evaluatedCommand=MaestroCommand(tapOnElementCommand=TapOnElementCommand(selector=ElementSelector(textRegex=Le vocabulaire de base, idRegex=null, size=null, below=null, above=null, leftOf=null, rightOf=null, containsChild=null, containsDescendants=null, traits=null, index=null, enabled=null, optional=false, selected=null, checked=null, focused=null, childOf=null, css=null), retryIfNoChange=false, waitUntilVisible=false, longPress=false, repeat=null, waitToSettleTimeoutMs=null, relativePoint=null, label=null, optional=false)), logMessages=[], insight=Insight(message=, level=NONE), aiReasoning=null, labeledCommand=null)
08:31:42.643 [ INFO] maestro.Maestro.tap-HgV9Ck0: Tapping on element:  UiElement(treeNode=TreeNode(attributes={text=Le vocabulaire de base, accessibilityText=, hintText=, ignoreBoundsFiltering=false, resource-id=, clickable=false, bounds=[355,1139][725,1187], enabled=true, focused=false, checked=false, scrollable=false, selected=false, class=android.widget.TextView, important-for-accessibility=true, error=}, children=[], clickable=false, enabled=true, focused=false, checked=false, selected=false), bounds=Bounds(x=355, y=1139, width=370, height=48))
08:31:44.074 [ INFO] maestro.Maestro.tap-HgV9Ck0: Tap aimed via settled hierarchy
08:31:44.079 [ INFO] maestro.Maestro.hierarchyBasedTap-ogj28Uc: Tapping at (540, 1163) using hierarchy based logic for wait
08:31:45.225 [ INFO] maestro.Maestro.hierarchyBasedTap-ogj28Uc: Something has changed in the UI judging by view hierarchy. Proceed.
08:31:45.225 [ INFO] maestro.cli.runner.MaestroCommandRunner.runCommands$lambda$2: Tap on "Le vocabulaire de base" COMPLETED
08:31:45.226 [ INFO] maestro.cli.runner.MaestroCommandRunner.runCommands$lambda$0: Wait for animation to end RUNNING
08:31:45.227 [ INFO] maestro.cli.runner.MaestroCommandRunner.runCommands$lambda$11: Wait for animation to end metadata CommandMetadata(numberOfRuns=null, evaluatedCommand=MaestroCommand(waitForAnimationToEndCommand=WaitForAnimationToEndCommand(timeout=null, label=null, optional=false)), logMessages=[], insight=Insight(message=, level=NONE), aiReasoning=null, labeledCommand=null)
08:31:45.228 [ INFO] maestro.Maestro.waitForAnimationToEnd$lambda$53: Waiting for animation to end with timeout 15000
08:31:45.228 [TRACE] maestro.utils.ScreenshotUtils.takeScreenshot: Taking screenshot to byte array
08:31:45.228 [TRACE] maestro.utils.ScreenshotUtils.takeScreenshot: Taking screenshot to output sink
08:31:45.504 [TRACE] maestro.utils.ScreenshotUtils.takeScreenshot: Taking screenshot to byte array
08:31:45.504 [TRACE] maestro.utils.ScreenshotUtils.takeScreenshot: Taking screenshot to output sink
08:31:45.910 [ INFO] maestro.cli.runner.MaestroCommandRunner.runCommands$lambda$2: Wait for animation to end COMPLETED
08:31:45.910 [ INFO] maestro.cli.runner.MaestroCommandRunner.runCommands$lambda$0: Take screenshot shots/10-feuille-unite RUNNING
08:31:45.913 [ INFO] maestro.cli.runner.MaestroCommandRunner.runCommands$lambda$11: Take screenshot shots/10-feuille-unite metadata CommandMetadata(numberOfRuns=null, evaluatedCommand=MaestroCommand(takeScreenshotCommand=TakeScreenshotCommand(path=shots/10-feuille-unite, cropOn=null, label=null, optional=false)), logMessages=[], insight=Insight(message=, level=NONE), aiReasoning=null, labeledCommand=null)
08:31:45.914 [ INFO] maestro.Maestro.takeScreenshot: Taking screenshot
08:31:45.915 [TRACE] maestro.utils.ScreenshotUtils.takeScreenshot: Taking screenshot to output sink
08:31:46.080 [ INFO] maestro.cli.runner.MaestroCommandRunner.runCommands$lambda$2: Take screenshot shots/10-feuille-unite COMPLETED
08:31:46.081 [ INFO] maestro.cli.runner.MaestroCommandRunner.runCommands$lambda$0: Tap on "Commencer.*" RUNNING
08:31:46.081 [ INFO] maestro.cli.runner.MaestroCommandRunner.runCommands$lambda$11: Tap on "Commencer.*" metadata CommandMetadata(numberOfRuns=null, evaluatedCommand=MaestroCommand(tapOnElementCommand=TapOnElementCommand(selector=ElementSelector(textRegex=Commencer.*, idRegex=null, size=null, below=null, above=null, leftOf=null, rightOf=null, containsChild=null, containsDescendants=null, traits=null, index=null, enabled=null, optional=false, selected=null, checked=null, focused=null, childOf=null, css=null), retryIfNoChange=false, waitUntilVisible=false, longPress=false, repeat=null, waitToSettleTimeoutMs=null, relativePoint=null, label=null, optional=false)), logMessages=[], insight=Insight(message=, level=NONE), aiReasoning=null, labeledCommand=null)
08:31:46.403 [ INFO] maestro.Maestro.tap-HgV9Ck0: Tapping on element:  UiElement(treeNode=TreeNode(attributes={text=COMMENCER, accessibilityText=, hintText=, ignoreBoundsFiltering=false, resource-id=, clickable=false, bounds=[426,854][653,902], enabled=true, focused=false, checked=false, scrollable=false, selected=false, class=android.widget.TextView, important-for-accessibility=true, error=}, children=[], clickable=false, enabled=true, focused=false, checked=false, selected=false), bounds=Bounds(x=426, y=854, width=227, height=48))
08:31:47.873 [ INFO] maestro.Maestro.tap-HgV9Ck0: Tap aimed via settled hierarchy
08:31:47.875 [ INFO] maestro.Maestro.hierarchyBasedTap-ogj28Uc: Tapping at (539, 878) using hierarchy based logic for wait
08:31:48.714 [ INFO] maestro.cli.runner.MaestroCommandRunner.runCommands$lambda$2: Tap on "Commencer.*" COMPLETED
08:31:48.714 [ INFO] maestro.cli.runner.MaestroCommandRunner.runCommands$lambda$0: Wait for animation to end RUNNING
08:31:48.714 [ INFO] maestro.cli.runner.MaestroCommandRunner.runCommands$lambda$11: Wait for animation to end metadata CommandMetadata(numberOfRuns=null, evaluatedCommand=MaestroCommand(waitForAnimationToEndCommand=WaitForAnimationToEndCommand(timeout=null, label=null, optional=false)), logMessages=[], insight=Insight(message=, level=NONE), aiReasoning=null, labeledCommand=null)
08:31:48.715 [ INFO] maestro.Maestro.waitForAnimationToEnd$lambda$53: Waiting for animation to end with timeout 15000
08:31:48.715 [TRACE] maestro.utils.ScreenshotUtils.takeScreenshot: Taking screenshot to byte array
08:31:48.715 [TRACE] maestro.utils.ScreenshotUtils.takeScreenshot: Taking screenshot to output sink
08:31:48.920 [TRACE] maestro.utils.ScreenshotUtils.takeScreenshot: Taking screenshot to byte array
08:31:48.920 [TRACE] maestro.utils.ScreenshotUtils.takeScreenshot: Taking screenshot to output sink
08:31:49.318 [ INFO] maestro.cli.runner.MaestroCommandRunner.runCommands$lambda$2: Wait for animation to end COMPLETED
08:31:49.319 [ INFO] maestro.cli.runner.MaestroCommandRunner.runCommands$lambda$0: Take screenshot shots/11-question-1 RUNNING
08:31:49.319 [ INFO] maestro.cli.runner.MaestroCommandRunner.runCommands$lambda$11: Take screenshot shots/11-question-1 metadata CommandMetadata(numberOfRuns=null, evaluatedCommand=MaestroCommand(takeScreenshotCommand=TakeScreenshotCommand(path=shots/11-question-1, cropOn=null, label=null, optional=false)), logMessages=[], insight=Insight(message=, level=NONE), aiReasoning=null, labeledCommand=null)
08:31:49.320 [ INFO] maestro.Maestro.takeScreenshot: Taking screenshot
08:31:49.321 [TRACE] maestro.utils.ScreenshotUtils.takeScreenshot: Taking screenshot to output sink
08:31:49.483 [ INFO] maestro.cli.runner.MaestroCommandRunner.runCommands$lambda$2: Take screenshot shots/11-question-1 COMPLETED
08:31:49.483 [ INFO] maestro.cli.runner.MaestroCommandRunner.runCommands$lambda$0: Press Back key RUNNING
08:31:49.484 [ INFO] maestro.cli.runner.MaestroCommandRunner.runCommands$lambda$11: Press Back key metadata CommandMetadata(numberOfRuns=null, evaluatedCommand=MaestroCommand(pressKeyCommand=PressKeyCommand(code=BACK, label=null, optional=false)), logMessages=[], insight=Insight(message=, level=NONE), aiReasoning=null, labeledCommand=null)
08:31:49.485 [ INFO] maestro.Maestro.pressKey: Pressing key BACK
08:31:50.747 [ INFO] maestro.cli.runner.MaestroCommandRunner.runCommands$lambda$2: Press Back key COMPLETED
08:31:50.748 [ INFO] maestro.cli.runner.MaestroCommandRunner.runCommands$lambda$0: Wait for animation to end RUNNING
08:31:50.748 [ INFO] maestro.cli.runner.MaestroCommandRunner.runCommands$lambda$11: Wait for animation to end metadata CommandMetadata(numberOfRuns=null, evaluatedCommand=MaestroCommand(waitForAnimationToEndCommand=WaitForAnimationToEndCommand(timeout=null, label=null, optional=false)), logMessages=[], insight=Insight(message=, level=NONE), aiReasoning=null, labeledCommand=null)
08:31:50.749 [ INFO] maestro.Maestro.waitForAnimationToEnd$lambda$53: Waiting for animation to end with timeout 15000
08:31:50.750 [TRACE] maestro.utils.ScreenshotUtils.takeScreenshot: Taking screenshot to byte array
08:31:50.750 [TRACE] maestro.utils.ScreenshotUtils.takeScreenshot: Taking screenshot to output sink
08:31:51.856 [TRACE] maestro.utils.ScreenshotUtils.takeScreenshot: Taking screenshot to byte array
08:31:51.856 [TRACE] maestro.utils.ScreenshotUtils.takeScreenshot: Taking screenshot to output sink
08:31:52.902 [ INFO] maestro.cli.runner.MaestroCommandRunner.runCommands$lambda$2: Wait for animation to end COMPLETED
08:31:52.903 [ INFO] maestro.cli.runner.MaestroCommandRunner.runCommands$lambda$0: Take screenshot shots/12-retour-android RUNNING
08:31:52.903 [ INFO] maestro.cli.runner.MaestroCommandRunner.runCommands$lambda$11: Take screenshot shots/12-retour-android metadata CommandMetadata(numberOfRuns=null, evaluatedCommand=MaestroCommand(takeScreenshotCommand=TakeScreenshotCommand(path=shots/12-retour-android, cropOn=null, label=null, optional=false)), logMessages=[], insight=Insight(message=, level=NONE), aiReasoning=null, labeledCommand=null)
08:31:52.904 [ INFO] maestro.Maestro.takeScreenshot: Taking screenshot
08:31:52.905 [TRACE] maestro.utils.ScreenshotUtils.takeScreenshot: Taking screenshot to output sink
08:31:53.752 [ INFO] maestro.cli.runner.MaestroCommandRunner.runCommands$lambda$2: Take screenshot shots/12-retour-android COMPLETED
08:31:53.752 [ INFO] maestro.cli.runner.MaestroCommandRunner.runCommands$lambda$0: Tap on (Optional) "Annuler|Cancel" RUNNING
08:31:53.753 [ INFO] maestro.cli.runner.MaestroCommandRunner.runCommands$lambda$11: Tap on (Optional) "Annuler|Cancel" metadata CommandMetadata(numberOfRuns=null, evaluatedCommand=MaestroCommand(tapOnElementCommand=TapOnElementCommand(selector=ElementSelector(textRegex=Annuler|Cancel, idRegex=null, size=null, below=null, above=null, leftOf=null, rightOf=null, containsChild=null, containsDescendants=null, traits=null, index=null, enabled=null, optional=true, selected=null, checked=null, focused=null, childOf=null, css=null), retryIfNoChange=false, waitUntilVisible=false, longPress=false, repeat=null, waitToSettleTimeoutMs=null, relativePoint=null, label=null, optional=true)), logMessages=[], insight=Insight(message=, level=NONE), aiReasoning=null, labeledCommand=null)
08:32:00.026 [ INFO] maestro.orchestra.Orchestra.executeCommands: [Command execution] CommandWarned: Element not found: Text matching regex: Annuler|Cancel
08:32:00.027 [ INFO] maestro.cli.runner.MaestroCommandRunner.runCommands$lambda$11: Tap on (Optional) "Annuler|Cancel" metadata CommandMetadata(numberOfRuns=null, evaluatedCommand=MaestroCommand(tapOnElementCommand=TapOnElementCommand(selector=ElementSelector(textRegex=Annuler|Cancel, idRegex=null, size=null, below=null, above=null, leftOf=null, rightOf=null, containsChild=null, containsDescendants=null, traits=null, index=null, enabled=null, optional=true, selected=null, checked=null, focused=null, childOf=null, css=null), retryIfNoChange=false, waitUntilVisible=false, longPress=false, repeat=null, waitToSettleTimeoutMs=null, relativePoint=null, label=null, optional=true)), logMessages=[], insight=Insight(message=Element not found: Text matching regex: Annuler|Cancel, level=WARNING), aiReasoning=null, labeledCommand=null)
08:32:00.105 [ INFO] maestro.Maestro.takeScreenshot: Taking screenshot
08:32:00.106 [TRACE] maestro.utils.ScreenshotUtils.takeScreenshot: Taking screenshot to output sink
08:32:01.134 [ INFO] maestro.cli.runner.MaestroCommandRunner.runCommands$lambda$6: Tap on (Optional) "Annuler|Cancel" WARNED
08:32:01.135 [ INFO] maestro.cli.runner.MaestroCommandRunner.runCommands$lambda$0: Repeat 14 times RUNNING
08:32:01.144 [ INFO] maestro.cli.runner.MaestroCommandRunner.runCommands$lambda$11: Repeat 14 times metadata CommandMetadata(numberOfRuns=null, evaluatedCommand=MaestroCommand(repeatCommand=RepeatCommand(times=14, condition=null, commands=[MaestroCommand(tapOnPointV2Command=TapOnPointV2Command(point=50%,38%, retryIfNoChange=false, longPress=false, repeat=null, waitToSettleTimeoutMs=null, label=null, optional=true)), MaestroCommand(tapOnElementCommand=TapOnElementCommand(selector=ElementSelector(textRegex=Vérifier, idRegex=null, size=null, below=null, above=null, leftOf=null, rightOf=null, containsChild=null, containsDescendants=null, traits=null, index=null, enabled=null, optional=true, selected=null, checked=null, focused=null, childOf=null, css=null), retryIfNoChange=false, waitUntilVisible=false, longPress=false, repeat=null, waitToSettleTimeoutMs=null, relativePoint=null, label=null, optional=true)), MaestroCommand(waitForAnimationToEndCommand=WaitForAnimationToEndCommand(timeout=null, label=null, optional=false)), MaestroCommand(takeScreenshotCommand=TakeScreenshotCommand(path=shots/13-verdict, cropOn=null, label=null, optional=false)), MaestroCommand(tapOnElementCommand=TapOnElementCommand(selector=ElementSelector(textRegex=Continuer|Décision suivante|Voir le bilan, idRegex=null, size=null, below=null, above=null, leftOf=null, rightOf=null, containsChild=null, containsDescendants=null, traits=null, index=null, enabled=null, optional=true, selected=null, checked=null, focused=null, childOf=null, css=null), retryIfNoChange=false, waitUntilVisible=false, longPress=false, repeat=null, waitToSettleTimeoutMs=null, relativePoint=null, label=null, optional=true)), MaestroCommand(waitForAnimationToEndCommand=WaitForAnimationToEndCommand(timeout=null, label=null, optional=false))], label=null, optional=false)), logMessages=[], insight=Insight(message=, level=NONE), aiReasoning=null, labeledCommand=null)
08:32:01.145 [ INFO] maestro.cli.runner.MaestroCommandRunner.runCommands$lambda$0: Tap on point (50%,38%) RUNNING
08:32:01.146 [ INFO] maestro.cli.runner.MaestroCommandRunner.runCommands$lambda$11: Tap on point (50%,38%) metadata CommandMetadata(numberOfRuns=null, evaluatedCommand=MaestroCommand(tapOnPointV2Command=TapOnPointV2Command(point=50%,38%, retryIfNoChange=false, longPress=false, repeat=null, waitToSettleTimeoutMs=null, label=null, optional=true)), logMessages=[], insight=Insight(message=, level=NONE), aiReasoning=null, labeledCommand=null)
08:32:01.178 [ INFO] maestro.Maestro.hierarchyBasedTap-ogj28Uc: Tapping at (540, 912) using hierarchy based logic for wait
08:32:01.566 [ INFO] maestro.cli.runner.MaestroCommandRunner.runCommands$lambda$2: Tap on point (50%,38%) COMPLETED
08:32:01.567 [ INFO] maestro.cli.runner.MaestroCommandRunner.runCommands$lambda$0: Tap on (Optional) "Vérifier" RUNNING
08:32:01.567 [ INFO] maestro.cli.runner.MaestroCommandRunner.runCommands$lambda$11: Tap on (Optional) "Vérifier" metadata CommandMetadata(numberOfRuns=null, evaluatedCommand=MaestroCommand(tapOnElementCommand=TapOnElementCommand(selector=ElementSelector(textRegex=Vérifier, idRegex=null, size=null, below=null, above=null, leftOf=null, rightOf=null, containsChild=null, containsDescendants=null, traits=null, index=null, enabled=null, optional=true, selected=null, checked=null, focused=null, childOf=null, css=null), retryIfNoChange=false, waitUntilVisible=false, longPress=false, repeat=null, waitToSettleTimeoutMs=null, relativePoint=null, label=null, optional=true)), logMessages=[], insight=Insight(message=, level=NONE), aiReasoning=null, labeledCommand=null)
08:32:08.650 [ INFO] maestro.orchestra.Orchestra.executeSubflowCommands: [Command execution subflow] CommandWarned: Element not found: Text matching regex: Vérifier
08:32:08.650 [ INFO] maestro.cli.runner.MaestroCommandRunner.runCommands$lambda$11: Repeat 14 times metadata CommandMetadata(numberOfRuns=null, evaluatedCommand=MaestroCommand(repeatCommand=RepeatCommand(times=14, condition=null, commands=[MaestroCommand(tapOnPointV2Command=TapOnPointV2Command(point=50%,38%, retryIfNoChange=false, longPress=false, repeat=null, waitToSettleTimeoutMs=null, label=null, optional=true)), MaestroCommand(tapOnElementCommand=TapOnElementCommand(selector=ElementSelector(textRegex=Vérifier, idRegex=null, size=null, below=null, above=null, leftOf=null, rightOf=null, containsChild=null, containsDescendants=null, traits=null, index=null, enabled=null, optional=true, selected=null, checked=null, focused=null, childOf=null, css=null), retryIfNoChange=false, waitUntilVisible=false, longPress=false, repeat=null, waitToSettleTimeoutMs=null, relativePoint=null, label=null, optional=true)), MaestroCommand(waitForAnimationToEndCommand=WaitForAnimationToEndCommand(timeout=null, label=null, optional=false)), MaestroCommand(takeScreenshotCommand=TakeScreenshotCommand(path=shots/13-verdict, cropOn=null, label=null, optional=false)), MaestroCommand(tapOnElementCommand=TapOnElementCommand(selector=ElementSelector(textRegex=Continuer|Décision suivante|Voir le bilan, idRegex=null, size=null, below=null, above=null, leftOf=null, rightOf=null, containsChild=null, containsDescendants=null, traits=null, index=null, enabled=null, optional=true, selected=null, checked=null, focused=null, childOf=null, css=null), retryIfNoChange=false, waitUntilVisible=false, longPress=false, repeat=null, waitToSettleTimeoutMs=null, relativePoint=null, label=null, optional=true)), MaestroCommand(waitForAnimationToEndCommand=WaitForAnimationToEndCommand(timeout=null, label=null, optional=false))], label=null, optional=false)), logMessages=[], insight=Insight(message=Element not found: Text matching regex: Vérifier, level=WARNING), aiReasoning=null, labeledCommand=null)
08:32:08.765 [ INFO] maestro.Maestro.takeScreenshot: Taking screenshot
08:32:08.765 [TRACE] maestro.utils.ScreenshotUtils.takeScreenshot: Taking screenshot to output sink
08:32:09.628 [ INFO] maestro.cli.runner.MaestroCommandRunner.runCommands$lambda$6: Tap on (Optional) "Vérifier" WARNED
08:32:09.629 [ INFO] maestro.cli.runner.MaestroCommandRunner.runCommands$lambda$0: Wait for animation to end RUNNING
08:32:09.629 [ INFO] maestro.cli.runner.MaestroCommandRunner.runCommands$lambda$11: Wait for animation to end metadata CommandMetadata(numberOfRuns=null, evaluatedCommand=MaestroCommand(waitForAnimationToEndCommand=WaitForAnimationToEndCommand(timeout=null, label=null, optional=false)), logMessages=[], insight=Insight(message=, level=NONE), aiReasoning=null, labeledCommand=null)
08:32:09.630 [ INFO] maestro.Maestro.waitForAnimationToEnd$lambda$53: Waiting for animation to end with timeout 15000
08:32:09.630 [TRACE] maestro.utils.ScreenshotUtils.takeScreenshot: Taking screenshot to byte array
08:32:09.630 [TRACE] maestro.utils.ScreenshotUtils.takeScreenshot: Taking screenshot to output sink
08:32:10.561 [TRACE] maestro.utils.ScreenshotUtils.takeScreenshot: Taking screenshot to byte array
08:32:10.561 [TRACE] maestro.utils.ScreenshotUtils.takeScreenshot: Taking screenshot to output sink
08:32:11.637 [ INFO] maestro.cli.runner.MaestroCommandRunner.runCommands$lambda$2: Wait for animation to end COMPLETED
08:32:11.638 [ INFO] maestro.cli.runner.MaestroCommandRunner.runCommands$lambda$0: Take screenshot shots/13-verdict RUNNING
08:32:11.638 [ INFO] maestro.cli.runner.MaestroCommandRunner.runCommands$lambda$11: Take screenshot shots/13-verdict metadata CommandMetadata(numberOfRuns=null, evaluatedCommand=MaestroCommand(takeScreenshotCommand=TakeScreenshotCommand(path=shots/13-verdict, cropOn=null, label=null, optional=false)), logMessages=[], insight=Insight(message=, level=NONE), aiReasoning=null, labeledCommand=null)
08:32:11.639 [ INFO] maestro.Maestro.takeScreenshot: Taking screenshot
08:32:11.639 [TRACE] maestro.utils.ScreenshotUtils.takeScreenshot: Taking screenshot to output sink
08:32:12.425 [ INFO] maestro.cli.runner.MaestroCommandRunner.runCommands$lambda$2: Take screenshot shots/13-verdict COMPLETED
08:32:12.425 [ INFO] maestro.cli.runner.MaestroCommandRunner.runCommands$lambda$0: Tap on (Optional) "Continuer|Décision suivante|Voir le bilan" RUNNING
08:32:12.426 [ INFO] maestro.cli.runner.MaestroCommandRunner.runCommands$lambda$11: Tap on (Optional) "Continuer|Décision suivante|Voir le bilan" metadata CommandMetadata(numberOfRuns=null, evaluatedCommand=MaestroCommand(tapOnElementCommand=TapOnElementCommand(selector=ElementSelector(textRegex=Continuer|Décision suivante|Voir le bilan, idRegex=null, size=null, below=null, above=null, leftOf=null, rightOf=null, containsChild=null, containsDescendants=null, traits=null, index=null, enabled=null, optional=true, selected=null, checked=null, focused=null, childOf=null, css=null), retryIfNoChange=false, waitUntilVisible=false, longPress=false, repeat=null, waitToSettleTimeoutMs=null, relativePoint=null, label=null, optional=true)), logMessages=[], insight=Insight(message=, level=NONE), aiReasoning=null, labeledCommand=null)
08:32:18.786 [ INFO] maestro.orchestra.Orchestra.executeSubflowCommands: [Command execution subflow] CommandWarned: Element not found: Text matching regex: Continuer|Décision suivante|Voir le bilan
08:32:18.786 [ INFO] maestro.cli.runner.MaestroCommandRunner.runCommands$lambda$11: Repeat 14 times metadata CommandMetadata(numberOfRuns=null, evaluatedCommand=MaestroCommand(repeatCommand=RepeatCommand(times=14, condition=null, commands=[MaestroCommand(tapOnPointV2Command=TapOnPointV2Command(point=50%,38%, retryIfNoChange=false, longPress=false, repeat=null, waitToSettleTimeoutMs=null, label=null, optional=true)), MaestroCommand(tapOnElementCommand=TapOnElementCommand(selector=ElementSelector(textRegex=Vérifier, idRegex=null, size=null, below=null, above=null, leftOf=null, rightOf=null, containsChild=null, containsDescendants=null, traits=null, index=null, enabled=null, optional=true, selected=null, checked=null, focused=null, childOf=null, css=null), retryIfNoChange=false, waitUntilVisible=false, longPress=false, repeat=null, waitToSettleTimeoutMs=null, relativePoint=null, label=null, optional=true)), MaestroCommand(waitForAnimationToEndCommand=WaitForAnimationToEndCommand(timeout=null, label=null, optional=false)), MaestroCommand(takeScreenshotCommand=TakeScreenshotCommand(path=shots/13-verdict, cropOn=null, label=null, optional=false)), MaestroCommand(tapOnElementCommand=TapOnElementCommand(selector=ElementSelector(textRegex=Continuer|Décision suivante|Voir le bilan, idRegex=null, size=null, below=null, above=null, leftOf=null, rightOf=null, containsChild=null, containsDescendants=null, traits=null, index=null, enabled=null, optional=true, selected=null, checked=null, focused=null, childOf=null, css=null), retryIfNoChange=false, waitUntilVisible=false, longPress=false, repeat=null, waitToSettleTimeoutMs=null, relativePoint=null, label=null, optional=true)), MaestroCommand(waitForAnimationToEndCommand=WaitForAnimationToEndCommand(timeout=null, label=null, optional=false))], label=null, optional=false)), logMessages=[], insight=Insight(message=Element not found: Text matching regex: Continuer|Décision suivante|Voir le bilan, level=WARNING), aiReasoning=null, labeledCommand=null)
08:32:18.896 [ INFO] maestro.Maestro.takeScreenshot: Taking screenshot
08:32:18.896 [TRACE] maestro.utils.ScreenshotUtils.takeScreenshot: Taking screenshot to output sink
08:32:19.667 [ INFO] maestro.cli.runner.MaestroCommandRunner.runCommands$lambda$6: Tap on (Optional) "Continuer|Décision suivante|Voir le bilan" WARNED
08:32:19.667 [ INFO] maestro.cli.runner.MaestroCommandRunner.runCommands$lambda$0: Wait for animation to end RUNNING
08:32:19.668 [ INFO] maestro.cli.runner.MaestroCommandRunner.runCommands$lambda$11: Wait for animation to end metadata CommandMetadata(numberOfRuns=null, evaluatedCommand=MaestroCommand(waitForAnimationToEndCommand=WaitForAnimationToEndCommand(timeout=null, label=null, optional=false)), logMessages=[], insight=Insight(message=, level=NONE), aiReasoning=null, labeledCommand=null)
08:32:19.668 [ INFO] maestro.Maestro.waitForAnimationToEnd$lambda$53: Waiting for animation to end with timeout 15000
08:32:19.668 [TRACE] maestro.utils.ScreenshotUtils.takeScreenshot: Taking screenshot to byte array
08:32:19.668 [TRACE] maestro.utils.ScreenshotUtils.takeScreenshot: Taking screenshot to output sink
08:32:20.518 [TRACE] maestro.utils.ScreenshotUtils.takeScreenshot: Taking screenshot to byte array
08:32:20.518 [TRACE] maestro.utils.ScreenshotUtils.takeScreenshot: Taking screenshot to output sink
08:32:21.583 [ INFO] maestro.cli.runner.MaestroCommandRunner.runCommands$lambda$2: Wait for animation to end COMPLETED
08:32:21.584 [ INFO] maestro.cli.runner.MaestroCommandRunner.runCommands$lambda$11: Repeat 14 times metadata CommandMetadata(numberOfRuns=1, evaluatedCommand=MaestroCommand(repeatCommand=RepeatCommand(times=14, condition=null, commands=[MaestroCommand(tapOnPointV2Command=TapOnPointV2Command(point=50%,38%, retryIfNoChange=false, longPress=false, repeat=null, waitToSettleTimeoutMs=null, label=null, optional=true)), MaestroCommand(tapOnElementCommand=TapOnElementCommand(selector=ElementSelector(textRegex=Vérifier, idRegex=null, size=null, below=null, above=null, leftOf=null, rightOf=null, containsChild=null, containsDescendants=null, traits=null, index=null, enabled=null, optional=true, selected=null, checked=null, focused=null, childOf=null, css=null), retryIfNoChange=false, waitUntilVisible=false, longPress=false, repeat=null, waitToSettleTimeoutMs=null, relativePoint=null, label=null, optional=true)), MaestroCommand(waitForAnimationToEndCommand=WaitForAnimationToEndCommand(timeout=null, label=null, optional=false)), MaestroCommand(takeScreenshotCommand=TakeScreenshotCommand(path=shots/13-verdict, cropOn=null, label=null, optional=false)), MaestroCommand(tapOnElementCommand=TapOnElementCommand(selector=ElementSelector(textRegex=Continuer|Décision suivante|Voir le bilan, idRegex=null, size=null, below=null, above=null, leftOf=null, rightOf=null, containsChild=null, containsDescendants=null, traits=null, index=null, enabled=null, optional=true, selected=null, checked=null, focused=null, childOf=null, css=null), retryIfNoChange=false, waitUntilVisible=false, longPress=false, repeat=null, waitToSettleTimeoutMs=null, relativePoint=null, label=null, optional=true)), MaestroCommand(waitForAnimationToEndCommand=WaitForAnimationToEndCommand(timeout=null, label=null, optional=false))], label=null, optional=false)), logMessages=[], insight=Insight(message=, level=NONE), aiReasoning=null, labeledCommand=null)
08:32:21.584 [ INFO] maestro.cli.runner.MaestroCommandRunner.runCommands$lambda$10: Tap on point (50%,38%) PENDING
08:32:21.584 [ INFO] maestro.cli.runner.MaestroCommandRunner.runCommands$lambda$10: Tap on (Optional) "Vérifier" PENDING
08:32:21.584 [ INFO] maestro.cli.runner.MaestroCommandRunner.runCommands$lambda$10: Wait for animation to end PENDING
08:32:21.584 [ INFO] maestro.cli.runner.MaestroCommandRunner.runCommands$lambda$10: Take screenshot shots/13-verdict PENDING
08:32:21.585 [ INFO] maestro.cli.runner.MaestroCommandRunner.runCommands$lambda$10: Tap on (Optional) "Continuer|Décision suivante|Voir le bilan" PENDING
08:32:21.585 [ INFO] maestro.cli.runner.MaestroCommandRunner.runCommands$lambda$10: Wait for animation to end PENDING
08:32:21.585 [ INFO] maestro.cli.runner.MaestroCommandRunner.runCommands$lambda$0: Tap on point (50%,38%) RUNNING
08:32:21.585 [ INFO] maestro.cli.runner.MaestroCommandRunner.runCommands$lambda$11: Tap on point (50%,38%) metadata CommandMetadata(numberOfRuns=null, evaluatedCommand=MaestroCommand(tapOnPointV2Command=TapOnPointV2Command(point=50%,38%, retryIfNoChange=false, longPress=false, repeat=null, waitToSettleTimeoutMs=null, label=null, optional=true)), logMessages=[], insight=Insight(message=, level=NONE), aiReasoning=null, labeledCommand=null)
08:32:21.592 [ INFO] maestro.Maestro.hierarchyBasedTap-ogj28Uc: Tapping at (540, 912) using hierarchy based logic for wait
08:32:21.994 [ INFO] maestro.cli.runner.MaestroCommandRunner.runCommands$lambda$2: Tap on point (50%,38%) COMPLETED
08:32:21.994 [ INFO] maestro.cli.runner.MaestroCommandRunner.runCommands$lambda$0: Tap on (Optional) "Vérifier" RUNNING
08:32:21.995 [ INFO] maestro.cli.runner.MaestroCommandRunner.runCommands$lambda$11: Tap on (Optional) "Vérifier" metadata CommandMetadata(numberOfRuns=null, evaluatedCommand=MaestroCommand(tapOnElementCommand=TapOnElementCommand(selector=ElementSelector(textRegex=Vérifier, idRegex=null, size=null, below=null, above=null, leftOf=null, rightOf=null, containsChild=null, containsDescendants=null, traits=null, index=null, enabled=null, optional=true, selected=null, checked=null, focused=null, childOf=null, css=null), retryIfNoChange=false, waitUntilVisible=false, longPress=false, repeat=null, waitToSettleTimeoutMs=null, relativePoint=null, label=null, optional=true)), logMessages=[], insight=Insight(message=, level=NONE), aiReasoning=null, labeledCommand=null)
08:32:29.077 [ INFO] maestro.orchestra.Orchestra.executeSubflowCommands: [Command execution subflow] CommandWarned: Element not found: Text matching regex: Vérifier
08:32:29.078 [ INFO] maestro.cli.runner.MaestroCommandRunner.runCommands$lambda$11: Repeat 14 times metadata CommandMetadata(numberOfRuns=1, evaluatedCommand=MaestroCommand(repeatCommand=RepeatCommand(times=14, condition=null, commands=[MaestroCommand(tapOnPointV2Command=TapOnPointV2Command(point=50%,38%, retryIfNoChange=false, longPress=false, repeat=null, waitToSettleTimeoutMs=null, label=null, optional=true)), MaestroCommand(tapOnElementCommand=TapOnElementCommand(selector=ElementSelector(textRegex=Vérifier, idRegex=null, size=null, below=null, above=null, leftOf=null, rightOf=null, containsChild=null, containsDescendants=null, traits=null, index=null, enabled=null, optional=true, selected=null, checked=null, focused=null, childOf=null, css=null), retryIfNoChange=false, waitUntilVisible=false, longPress=false, repeat=null, waitToSettleTimeoutMs=null, relativePoint=null, label=null, optional=true)), MaestroCommand(waitForAnimationToEndCommand=WaitForAnimationToEndCommand(timeout=null, label=null, optional=false)), MaestroCommand(takeScreenshotCommand=TakeScreenshotCommand(path=shots/13-verdict, cropOn=null, label=null, optional=false)), MaestroCommand(tapOnElementCommand=TapOnElementCommand(selector=ElementSelector(textRegex=Continuer|Décision suivante|Voir le bilan, idRegex=null, size=null, below=null, above=null, leftOf=null, rightOf=null, containsChild=null, containsDescendants=null, traits=null, index=null, enabled=null, optional=true, selected=null, checked=null, focused=null, childOf=null, css=null), retryIfNoChange=false, waitUntilVisible=false, longPress=false, repeat=null, waitToSettleTimeoutMs=null, relativePoint=null, label=null, optional=true)), MaestroCommand(waitForAnimationToEndCommand=WaitForAnimationToEndCommand(timeout=null, label=null, optional=false))], label=null, optional=false)), logMessages=[], insight=Insight(message=Element not found: Text matching regex: Vérifier, level=WARNING), aiReasoning=null, labeledCommand=null)
08:32:29.191 [ INFO] maestro.Maestro.takeScreenshot: Taking screenshot
08:32:29.191 [TRACE] maestro.utils.ScreenshotUtils.takeScreenshot: Taking screenshot to output sink
08:32:30.012 [ INFO] maestro.cli.runner.MaestroCommandRunner.runCommands$lambda$6: Tap on (Optional) "Vérifier" WARNED
08:32:30.012 [ INFO] maestro.cli.runner.MaestroCommandRunner.runCommands$lambda$0: Wait for animation to end RUNNING
08:32:30.013 [ INFO] maestro.cli.runner.MaestroCommandRunner.runCommands$lambda$11: Wait for animation to end metadata CommandMetadata(numberOfRuns=null, evaluatedCommand=MaestroCommand(waitForAnimationToEndCommand=WaitForAnimationToEndCommand(timeout=null, label=null, optional=false)), logMessages=[], insight=Insight(message=, level=NONE), aiReasoning=null, labeledCommand=null)
08:32:30.013 [ INFO] maestro.Maestro.waitForAnimationToEnd$lambda$53: Waiting for animation to end with timeout 15000
08:32:30.013 [TRACE] maestro.utils.ScreenshotUtils.takeScreenshot: Taking screenshot to byte array
08:32:30.013 [TRACE] maestro.utils.ScreenshotUtils.takeScreenshot: Taking screenshot to output sink
08:32:30.900 [TRACE] maestro.utils.ScreenshotUtils.takeScreenshot: Taking screenshot to byte array
08:32:30.900 [TRACE] maestro.utils.ScreenshotUtils.takeScreenshot: Taking screenshot to output sink
08:32:31.916 [ INFO] maestro.cli.runner.MaestroCommandRunner.runCommands$lambda$2: Wait for animation to end COMPLETED
08:32:31.917 [ INFO] maestro.cli.runner.MaestroCommandRunner.runCommands$lambda$0: Take screenshot shots/13-verdict RUNNING
08:32:31.917 [ INFO] maestro.cli.runner.MaestroCommandRunner.runCommands$lambda$11: Take screenshot shots/13-verdict metadata CommandMetadata(numberOfRuns=null, evaluatedCommand=MaestroCommand(takeScreenshotCommand=TakeScreenshotCommand(path=shots/13-verdict, cropOn=null, label=null, optional=false)), logMessages=[], insight=Insight(message=, level=NONE), aiReasoning=null, labeledCommand=null)
08:32:31.917 [ INFO] maestro.Maestro.takeScreenshot: Taking screenshot
08:32:31.918 [TRACE] maestro.utils.ScreenshotUtils.takeScreenshot: Taking screenshot to output sink
08:32:32.753 [ INFO] maestro.cli.runner.MaestroCommandRunner.runCommands$lambda$2: Take screenshot shots/13-verdict COMPLETED
08:32:32.754 [ INFO] maestro.cli.runner.MaestroCommandRunner.runCommands$lambda$0: Tap on (Optional) "Continuer|Décision suivante|Voir le bilan" RUNNING
08:32:32.754 [ INFO] maestro.cli.runner.MaestroCommandRunner.runCommands$lambda$11: Tap on (Optional) "Continuer|Décision suivante|Voir le bilan" metadata CommandMetadata(numberOfRuns=null, evaluatedCommand=MaestroCommand(tapOnElementCommand=TapOnElementCommand(selector=ElementSelector(textRegex=Continuer|Décision suivante|Voir le bilan, idRegex=null, size=null, below=null, above=null, leftOf=null, rightOf=null, containsChild=null, containsDescendants=null, traits=null, index=null, enabled=null, optional=true, selected=null, checked=null, focused=null, childOf=null, css=null), retryIfNoChange=false, waitUntilVisible=false, longPress=false, repeat=null, waitToSettleTimeoutMs=null, relativePoint=null, label=null, optional=true)), logMessages=[], insight=Insight(message=, level=NONE), aiReasoning=null, labeledCommand=null)
08:32:39.057 [ INFO] maestro.orchestra.Orchestra.executeSubflowCommands: [Command execution subflow] CommandWarned: Element not found: Text matching regex: Continuer|Décision suivante|Voir le bilan
08:32:39.057 [ INFO] maestro.cli.runner.MaestroCommandRunner.runCommands$lambda$11: Repeat 14 times metadata CommandMetadata(numberOfRuns=1, evaluatedCommand=MaestroCommand(repeatCommand=RepeatCommand(times=14, condition=null, commands=[MaestroCommand(tapOnPointV2Command=TapOnPointV2Command(point=50%,38%, retryIfNoChange=false, longPress=false, repeat=null, waitToSettleTimeoutMs=null, label=null, optional=true)), MaestroCommand(tapOnElementCommand=TapOnElementCommand(selector=ElementSelector(textRegex=Vérifier, idRegex=null, size=null, below=null, above=null, leftOf=null, rightOf=null, containsChild=null, containsDescendants=null, traits=null, index=null, enabled=null, optional=true, selected=null, checked=null, focused=null, childOf=null, css=null), retryIfNoChange=false, waitUntilVisible=false, longPress=false, repeat=null, waitToSettleTimeoutMs=null, relativePoint=null, label=null, optional=true)), MaestroCommand(waitForAnimationToEndCommand=WaitForAnimationToEndCommand(timeout=null, label=null, optional=false)), MaestroCommand(takeScreenshotCommand=TakeScreenshotCommand(path=shots/13-verdict, cropOn=null, label=null, optional=false)), MaestroCommand(tapOnElementCommand=TapOnElementCommand(selector=ElementSelector(textRegex=Continuer|Décision suivante|Voir le bilan, idRegex=null, size=null, below=null, above=null, leftOf=null, rightOf=null, containsChild=null, containsDescendants=null, traits=null, index=null, enabled=null, optional=true, selected=null, checked=null, focused=null, childOf=null, css=null), retryIfNoChange=false, waitUntilVisible=false, longPress=false, repeat=null, waitToSettleTimeoutMs=null, relativePoint=null, label=null, optional=true)), MaestroCommand(waitForAnimationToEndCommand=WaitForAnimationToEndCommand(timeout=null, label=null, optional=false))], label=null, optional=false)), logMessages=[], insight=Insight(message=Element not found: Text matching regex: Continuer|Décision suivante|Voir le bilan, level=WARNING), aiReasoning=null, labeledCommand=null)
08:32:39.127 [ INFO] maestro.Maestro.takeScreenshot: Taking screenshot
08:32:39.128 [TRACE] maestro.utils.ScreenshotUtils.takeScreenshot: Taking screenshot to output sink
08:32:39.904 [ INFO] maestro.cli.runner.MaestroCommandRunner.runCommands$lambda$6: Tap on (Optional) "Continuer|Décision suivante|Voir le bilan" WARNED
08:32:39.904 [ INFO] maestro.cli.runner.MaestroCommandRunner.runCommands$lambda$0: Wait for animation to end RUNNING
08:32:39.905 [ INFO] maestro.cli.runner.MaestroCommandRunner.runCommands$lambda$11: Wait for animation to end metadata CommandMetadata(numberOfRuns=null, evaluatedCommand=MaestroCommand(waitForAnimationToEndCommand=WaitForAnimationToEndCommand(timeout=null, label=null, optional=false)), logMessages=[], insight=Insight(message=, level=NONE), aiReasoning=null, labeledCommand=null)
08:32:39.905 [ INFO] maestro.Maestro.waitForAnimationToEnd$lambda$53: Waiting for animation to end with timeout 15000
08:32:39.905 [TRACE] maestro.utils.ScreenshotUtils.takeScreenshot: Taking screenshot to byte array
08:32:39.905 [TRACE] maestro.utils.ScreenshotUtils.takeScreenshot: Taking screenshot to output sink
08:32:40.845 [TRACE] maestro.utils.ScreenshotUtils.takeScreenshot: Taking screenshot to byte array
08:32:40.845 [TRACE] maestro.utils.ScreenshotUtils.takeScreenshot: Taking screenshot to output sink
08:32:42.065 [ INFO] maestro.cli.runner.MaestroCommandRunner.runCommands$lambda$2: Wait for animation to end COMPLETED
08:32:42.066 [ INFO] maestro.cli.runner.MaestroCommandRunner.runCommands$lambda$11: Repeat 14 times metadata CommandMetadata(numberOfRuns=2, evaluatedCommand=MaestroCommand(repeatCommand=RepeatCommand(times=14, condition=null, commands=[MaestroCommand(tapOnPointV2Command=TapOnPointV2Command(point=50%,38%, retryIfNoChange=false, longPress=false, repeat=null, waitToSettleTimeoutMs=null, label=null, optional=true)), MaestroCommand(tapOnElementCommand=TapOnElementCommand(selector=ElementSelector(textRegex=Vérifier, idRegex=null, size=null, below=null, above=null, leftOf=null, rightOf=null, containsChild=null, containsDescendants=null, traits=null, index=null, enabled=null, optional=true, selected=null, checked=null, focused=null, childOf=null, css=null), retryIfNoChange=false, waitUntilVisible=false, longPress=false, repeat=null, waitToSettleTimeoutMs=null, relativePoint=null, label=null, optional=true)), MaestroCommand(waitForAnimationToEndCommand=WaitForAnimationToEndCommand(timeout=null, label=null, optional=false)), MaestroCommand(takeScreenshotCommand=TakeScreenshotCommand(path=shots/13-verdict, cropOn=null, label=null, optional=false)), MaestroCommand(tapOnElementCommand=TapOnElementCommand(selector=ElementSelector(textRegex=Continuer|Décision suivante|Voir le bilan, idRegex=null, size=null, below=null, above=null, leftOf=null, rightOf=null, containsChild=null, containsDescendants=null, traits=null, index=null, enabled=null, optional=true, selected=null, checked=null, focused=null, childOf=null, css=null), retryIfNoChange=false, waitUntilVisible=false, longPress=false, repeat=null, waitToSettleTimeoutMs=null, relativePoint=null, label=null, optional=true)), MaestroCommand(waitForAnimationToEndCommand=WaitForAnimationToEndCommand(timeout=null, label=null, optional=false))], label=null, optional=false)), logMessages=[], insight=Insight(message=, level=NONE), aiReasoning=null, labeledCommand=null)
08:32:42.067 [ INFO] maestro.cli.runner.MaestroCommandRunner.runCommands$lambda$10: Tap on point (50%,38%) PENDING
08:32:42.067 [ INFO] maestro.cli.runner.MaestroCommandRunner.runCommands$lambda$10: Tap on (Optional) "Vérifier" PENDING
08:32:42.067 [ INFO] maestro.cli.runner.MaestroCommandRunner.runCommands$lambda$10: Wait for animation to end PENDING
08:32:42.067 [ INFO] maestro.cli.runner.MaestroCommandRunner.runCommands$lambda$10: Take screenshot shots/13-verdict PENDING
08:32:42.067 [ INFO] maestro.cli.runner.MaestroCommandRunner.runCommands$lambda$10: Tap on (Optional) "Continuer|Décision suivante|Voir le bilan" PENDING
08:32:42.068 [ INFO] maestro.cli.runner.MaestroCommandRunner.runCommands$lambda$10: Wait for animation to end PENDING
08:32:42.068 [ INFO] maestro.cli.runner.MaestroCommandRunner.runCommands$lambda$0: Tap on point (50%,38%) RUNNING
08:32:42.068 [ INFO] maestro.cli.runner.MaestroCommandRunner.runCommands$lambda$11: Tap on point (50%,38%) metadata CommandMetadata(numberOfRuns=null, evaluatedCommand=MaestroCommand(tapOnPointV2Command=TapOnPointV2Command(point=50%,38%, retryIfNoChange=false, longPress=false, repeat=null, waitToSettleTimeoutMs=null, label=null, optional=true)), logMessages=[], insight=Insight(message=, level=NONE), aiReasoning=null, labeledCommand=null)
08:32:42.074 [ INFO] maestro.Maestro.hierarchyBasedTap-ogj28Uc: Tapping at (540, 912) using hierarchy based logic for wait
08:32:42.509 [ INFO] maestro.cli.runner.MaestroCommandRunner.runCommands$lambda$2: Tap on point (50%,38%) COMPLETED
08:32:42.510 [ INFO] maestro.cli.runner.MaestroCommandRunner.runCommands$lambda$0: Tap on (Optional) "Vérifier" RUNNING
08:32:42.510 [ INFO] maestro.cli.runner.MaestroCommandRunner.runCommands$lambda$11: Tap on (Optional) "Vérifier" metadata CommandMetadata(numberOfRuns=null, evaluatedCommand=MaestroCommand(tapOnElementCommand=TapOnElementCommand(selector=ElementSelector(textRegex=Vérifier, idRegex=null, size=null, below=null, above=null, leftOf=null, rightOf=null, containsChild=null, containsDescendants=null, traits=null, index=null, enabled=null, optional=true, selected=null, checked=null, focused=null, childOf=null, css=null), retryIfNoChange=false, waitUntilVisible=false, longPress=false, repeat=null, waitToSettleTimeoutMs=null, relativePoint=null, label=null, optional=true)), logMessages=[], insight=Insight(message=, level=NONE), aiReasoning=null, labeledCommand=null)
08:32:49.613 [ INFO] maestro.orchestra.Orchestra.executeSubflowCommands: [Command execution subflow] CommandWarned: Element not found: Text matching regex: Vérifier
08:32:49.614 [ INFO] maestro.cli.runner.MaestroCommandRunner.runCommands$lambda$11: Repeat 14 times metadata CommandMetadata(numberOfRuns=2, evaluatedCommand=MaestroCommand(repeatCommand=RepeatCommand(times=14, condition=null, commands=[MaestroCommand(tapOnPointV2Command=TapOnPointV2Command(point=50%,38%, retryIfNoChange=false, longPress=false, repeat=null, waitToSettleTimeoutMs=null, label=null, optional=true)), MaestroCommand(tapOnElementCommand=TapOnElementCommand(selector=ElementSelector(textRegex=Vérifier, idRegex=null, size=null, below=null, above=null, leftOf=null, rightOf=null, containsChild=null, containsDescendants=null, traits=null, index=null, enabled=null, optional=true, selected=null, checked=null, focused=null, childOf=null, css=null), retryIfNoChange=false, waitUntilVisible=false, longPress=false, repeat=null, waitToSettleTimeoutMs=null, relativePoint=null, label=null, optional=true)), MaestroCommand(waitForAnimationToEndCommand=WaitForAnimationToEndCommand(timeout=null, label=null, optional=false)), MaestroCommand(takeScreenshotCommand=TakeScreenshotCommand(path=shots/13-verdict, cropOn=null, label=null, optional=false)), MaestroCommand(tapOnElementCommand=TapOnElementCommand(selector=ElementSelector(textRegex=Continuer|Décision suivante|Voir le bilan, idRegex=null, size=null, below=null, above=null, leftOf=null, rightOf=null, containsChild=null, containsDescendants=null, traits=null, index=null, enabled=null, optional=true, selected=null, checked=null, focused=null, childOf=null, css=null), retryIfNoChange=false, waitUntilVisible=false, longPress=false, repeat=null, waitToSettleTimeoutMs=null, relativePoint=null, label=null, optional=true)), MaestroCommand(waitForAnimationToEndCommand=WaitForAnimationToEndCommand(timeout=null, label=null, optional=false))], label=null, optional=false)), logMessages=[], insight=Insight(message=Element not found: Text matching regex: Vérifier, level=WARNING), aiReasoning=null, labeledCommand=null)
08:32:49.763 [ INFO] maestro.Maestro.takeScreenshot: Taking screenshot
08:32:49.763 [TRACE] maestro.utils.ScreenshotUtils.takeScreenshot: Taking screenshot to output sink
08:32:50.529 [ INFO] maestro.cli.runner.MaestroCommandRunner.runCommands$lambda$6: Tap on (Optional) "Vérifier" WARNED
08:32:50.529 [ INFO] maestro.cli.runner.MaestroCommandRunner.runCommands$lambda$0: Wait for animation to end RUNNING
08:32:50.529 [ INFO] maestro.cli.runner.MaestroCommandRunner.runCommands$lambda$11: Wait for animation to end metadata CommandMetadata(numberOfRuns=null, evaluatedCommand=MaestroCommand(waitForAnimationToEndCommand=WaitForAnimationToEndCommand(timeout=null, label=null, optional=false)), logMessages=[], insight=Insight(message=, level=NONE), aiReasoning=null, labeledCommand=null)
08:32:50.530 [ INFO] maestro.Maestro.waitForAnimationToEnd$lambda$53: Waiting for animation to end with timeout 15000
08:32:50.530 [TRACE] maestro.utils.ScreenshotUtils.takeScreenshot: Taking screenshot to byte array
08:32:50.530 [TRACE] maestro.utils.ScreenshotUtils.takeScreenshot: Taking screenshot to output sink
08:32:51.455 [TRACE] maestro.utils.ScreenshotUtils.takeScreenshot: Taking screenshot to byte array
08:32:51.455 [TRACE] maestro.utils.ScreenshotUtils.takeScreenshot: Taking screenshot to output sink
08:32:52.460 [ INFO] maestro.cli.runner.MaestroCommandRunner.runCommands$lambda$2: Wait for animation to end COMPLETED
08:32:52.461 [ INFO] maestro.cli.runner.MaestroCommandRunner.runCommands$lambda$0: Take screenshot shots/13-verdict RUNNING
08:32:52.461 [ INFO] maestro.cli.runner.MaestroCommandRunner.runCommands$lambda$11: Take screenshot shots/13-verdict metadata CommandMetadata(numberOfRuns=null, evaluatedCommand=MaestroCommand(takeScreenshotCommand=TakeScreenshotCommand(path=shots/13-verdict, cropOn=null, label=null, optional=false)), logMessages=[], insight=Insight(message=, level=NONE), aiReasoning=null, labeledCommand=null)
08:32:52.462 [ INFO] maestro.Maestro.takeScreenshot: Taking screenshot
08:32:52.462 [TRACE] maestro.utils.ScreenshotUtils.takeScreenshot: Taking screenshot to output sink
08:32:53.284 [ INFO] maestro.cli.runner.MaestroCommandRunner.runCommands$lambda$2: Take screenshot shots/13-verdict COMPLETED
08:32:53.284 [ INFO] maestro.cli.runner.MaestroCommandRunner.runCommands$lambda$0: Tap on (Optional) "Continuer|Décision suivante|Voir le bilan" RUNNING
08:32:53.285 [ INFO] maestro.cli.runner.MaestroCommandRunner.runCommands$lambda$11: Tap on (Optional) "Continuer|Décision suivante|Voir le bilan" metadata CommandMetadata(numberOfRuns=null, evaluatedCommand=MaestroCommand(tapOnElementCommand=TapOnElementCommand(selector=ElementSelector(textRegex=Continuer|Décision suivante|Voir le bilan, idRegex=null, size=null, below=null, above=null, leftOf=null, rightOf=null, containsChild=null, containsDescendants=null, traits=null, index=null, enabled=null, optional=true, selected=null, checked=null, focused=null, childOf=null, css=null), retryIfNoChange=false, waitUntilVisible=false, longPress=false, repeat=null, waitToSettleTimeoutMs=null, relativePoint=null, label=null, optional=true)), logMessages=[], insight=Insight(message=, level=NONE), aiReasoning=null, labeledCommand=null)
08:32:59.573 [ INFO] maestro.orchestra.Orchestra.executeSubflowCommands: [Command execution subflow] CommandWarned: Element not found: Text matching regex: Continuer|Décision suivante|Voir le bilan
08:32:59.574 [ INFO] maestro.cli.runner.MaestroCommandRunner.runCommands$lambda$11: Repeat 14 times metadata CommandMetadata(numberOfRuns=2, evaluatedCommand=MaestroCommand(repeatCommand=RepeatCommand(times=14, condition=null, commands=[MaestroCommand(tapOnPointV2Command=TapOnPointV2Command(point=50%,38%, retryIfNoChange=false, longPress=false, repeat=null, waitToSettleTimeoutMs=null, label=null, optional=true)), MaestroCommand(tapOnElementCommand=TapOnElementCommand(selector=ElementSelector(textRegex=Vérifier, idRegex=null, size=null, below=null, above=null, leftOf=null, rightOf=null, containsChild=null, containsDescendants=null, traits=null, index=null, enabled=null, optional=true, selected=null, checked=null, focused=null, childOf=null, css=null), retryIfNoChange=false, waitUntilVisible=false, longPress=false, repeat=null, waitToSettleTimeoutMs=null, relativePoint=null, label=null, optional=true)), MaestroCommand(waitForAnimationToEndCommand=WaitForAnimationToEndCommand(timeout=null, label=null, optional=false)), MaestroCommand(takeScreenshotCommand=TakeScreenshotCommand(path=shots/13-verdict, cropOn=null, label=null, optional=false)), MaestroCommand(tapOnElementCommand=TapOnElementCommand(selector=ElementSelector(textRegex=Continuer|Décision suivante|Voir le bilan, idRegex=null, size=null, below=null, above=null, leftOf=null, rightOf=null, containsChild=null, containsDescendants=null, traits=null, index=null, enabled=null, optional=true, selected=null, checked=null, focused=null, childOf=null, css=null), retryIfNoChange=false, waitUntilVisible=false, longPress=false, repeat=null, waitToSettleTimeoutMs=null, relativePoint=null, label=null, optional=true)), MaestroCommand(waitForAnimationToEndCommand=WaitForAnimationToEndCommand(timeout=null, label=null, optional=false))], label=null, optional=false)), logMessages=[], insight=Insight(message=Element not found: Text matching regex: Continuer|Décision suivante|Voir le bilan, level=WARNING), aiReasoning=null, labeledCommand=null)
08:32:59.678 [ INFO] maestro.Maestro.takeScreenshot: Taking screenshot
08:32:59.679 [TRACE] maestro.utils.ScreenshotUtils.takeScreenshot: Taking screenshot to output sink
08:33:00.563 [ INFO] maestro.cli.runner.MaestroCommandRunner.runCommands$lambda$6: Tap on (Optional) "Continuer|Décision suivante|Voir le bilan" WARNED
08:33:00.564 [ INFO] maestro.cli.runner.MaestroCommandRunner.runCommands$lambda$0: Wait for animation to end RUNNING
08:33:00.565 [ INFO] maestro.cli.runner.MaestroCommandRunner.runCommands$lambda$11: Wait for animation to end metadata CommandMetadata(numberOfRuns=null, evaluatedCommand=MaestroCommand(waitForAnimationToEndCommand=WaitForAnimationToEndCommand(timeout=null, label=null, optional=false)), logMessages=[], insight=Insight(message=, level=NONE), aiReasoning=null, labeledCommand=null)
08:33:00.565 [ INFO] maestro.Maestro.waitForAnimationToEnd$lambda$53: Waiting for animation to end with timeout 15000
08:33:00.565 [TRACE] maestro.utils.ScreenshotUtils.takeScreenshot: Taking screenshot to byte array
08:33:00.565 [TRACE] maestro.utils.ScreenshotUtils.takeScreenshot: Taking screenshot to output sink
08:33:01.406 [TRACE] maestro.utils.ScreenshotUtils.takeScreenshot: Taking screenshot to byte array
08:33:01.406 [TRACE] maestro.utils.ScreenshotUtils.takeScreenshot: Taking screenshot to output sink
08:33:02.402 [ INFO] maestro.cli.runner.MaestroCommandRunner.runCommands$lambda$2: Wait for animation to end COMPLETED
08:33:02.403 [ INFO] maestro.cli.runner.MaestroCommandRunner.runCommands$lambda$11: Repeat 14 times metadata CommandMetadata(numberOfRuns=3, evaluatedCommand=MaestroCommand(repeatCommand=RepeatCommand(times=14, condition=null, commands=[MaestroCommand(tapOnPointV2Command=TapOnPointV2Command(point=50%,38%, retryIfNoChange=false, longPress=false, repeat=null, waitToSettleTimeoutMs=null, label=null, optional=true)), MaestroCommand(tapOnElementCommand=TapOnElementCommand(selector=ElementSelector(textRegex=Vérifier, idRegex=null, size=null, below=null, above=null, leftOf=null, rightOf=null, containsChild=null, containsDescendants=null, traits=null, index=null, enabled=null, optional=true, selected=null, checked=null, focused=null, childOf=null, css=null), retryIfNoChange=false, waitUntilVisible=false, longPress=false, repeat=null, waitToSettleTimeoutMs=null, relativePoint=null, label=null, optional=true)), MaestroCommand(waitForAnimationToEndCommand=WaitForAnimationToEndCommand(timeout=null, label=null, optional=false)), MaestroCommand(takeScreenshotCommand=TakeScreenshotCommand(path=shots/13-verdict, cropOn=null, label=null, optional=false)), MaestroCommand(tapOnElementCommand=TapOnElementCommand(selector=ElementSelector(textRegex=Continuer|Décision suivante|Voir le bilan, idRegex=null, size=null, below=null, above=null, leftOf=null, rightOf=null, containsChild=null, containsDescendants=null, traits=null, index=null, enabled=null, optional=true, selected=null, checked=null, focused=null, childOf=null, css=null), retryIfNoChange=false, waitUntilVisible=false, longPress=false, repeat=null, waitToSettleTimeoutMs=null, relativePoint=null, label=null, optional=true)), MaestroCommand(waitForAnimationToEndCommand=WaitForAnimationToEndCommand(timeout=null, label=null, optional=false))], label=null, optional=false)), logMessages=[], insight=Insight(message=, level=NONE), aiReasoning=null, labeledCommand=null)
08:33:02.403 [ INFO] maestro.cli.runner.MaestroCommandRunner.runCommands$lambda$10: Tap on point (50%,38%) PENDING
08:33:02.403 [ INFO] maestro.cli.runner.MaestroCommandRunner.runCommands$lambda$10: Tap on (Optional) "Vérifier" PENDING
08:33:02.404 [ INFO] maestro.cli.runner.MaestroCommandRunner.runCommands$lambda$10: Wait for animation to end PENDING
08:33:02.404 [ INFO] maestro.cli.runner.MaestroCommandRunner.runCommands$lambda$10: Take screenshot shots/13-verdict PENDING
08:33:02.404 [ INFO] maestro.cli.runner.MaestroCommandRunner.runCommands$lambda$10: Tap on (Optional) "Continuer|Décision suivante|Voir le bilan" PENDING
08:33:02.404 [ INFO] maestro.cli.runner.MaestroCommandRunner.runCommands$lambda$10: Wait for animation to end PENDING
08:33:02.404 [ INFO] maestro.cli.runner.MaestroCommandRunner.runCommands$lambda$0: Tap on point (50%,38%) RUNNING
08:33:02.405 [ INFO] maestro.cli.runner.MaestroCommandRunner.runCommands$lambda$11: Tap on point (50%,38%) metadata CommandMetadata(numberOfRuns=null, evaluatedCommand=MaestroCommand(tapOnPointV2Command=TapOnPointV2Command(point=50%,38%, retryIfNoChange=false, longPress=false, repeat=null, waitToSettleTimeoutMs=null, label=null, optional=true)), logMessages=[], insight=Insight(message=, level=NONE), aiReasoning=null, labeledCommand=null)
08:33:02.411 [ INFO] maestro.Maestro.hierarchyBasedTap-ogj28Uc: Tapping at (540, 912) using hierarchy based logic for wait
08:33:02.809 [ INFO] maestro.cli.runner.MaestroCommandRunner.runCommands$lambda$2: Tap on point (50%,38%) COMPLETED
08:33:02.810 [ INFO] maestro.cli.runner.MaestroCommandRunner.runCommands$lambda$0: Tap on (Optional) "Vérifier" RUNNING
08:33:02.810 [ INFO] maestro.cli.runner.MaestroCommandRunner.runCommands$lambda$11: Tap on (Optional) "Vérifier" metadata CommandMetadata(numberOfRuns=null, evaluatedCommand=MaestroCommand(tapOnElementCommand=TapOnElementCommand(selector=ElementSelector(textRegex=Vérifier, idRegex=null, size=null, below=null, above=null, leftOf=null, rightOf=null, containsChild=null, containsDescendants=null, traits=null, index=null, enabled=null, optional=true, selected=null, checked=null, focused=null, childOf=null, css=null), retryIfNoChange=false, waitUntilVisible=false, longPress=false, repeat=null, waitToSettleTimeoutMs=null, relativePoint=null, label=null, optional=true)), logMessages=[], insight=Insight(message=, level=NONE), aiReasoning=null, labeledCommand=null)
08:33:10.002 [ INFO] maestro.orchestra.Orchestra.executeSubflowCommands: [Command execution subflow] CommandWarned: Element not found: Text matching regex: Vérifier
08:33:10.002 [ INFO] maestro.cli.runner.MaestroCommandRunner.runCommands$lambda$11: Repeat 14 times metadata CommandMetadata(numberOfRuns=3, evaluatedCommand=MaestroCommand(repeatCommand=RepeatCommand(times=14, condition=null, commands=[MaestroCommand(tapOnPointV2Command=TapOnPointV2Command(point=50%,38%, retryIfNoChange=false, longPress=false, repeat=null, waitToSettleTimeoutMs=null, label=null, optional=true)), MaestroCommand(tapOnElementCommand=TapOnElementCommand(selector=ElementSelector(textRegex=Vérifier, idRegex=null, size=null, below=null, above=null, leftOf=null, rightOf=null, containsChild=null, containsDescendants=null, traits=null, index=null, enabled=null, optional=true, selected=null, checked=null, focused=null, childOf=null, css=null), retryIfNoChange=false, waitUntilVisible=false, longPress=false, repeat=null, waitToSettleTimeoutMs=null, relativePoint=null, label=null, optional=true)), MaestroCommand(waitForAnimationToEndCommand=WaitForAnimationToEndCommand(timeout=null, label=null, optional=false)), MaestroCommand(takeScreenshotCommand=TakeScreenshotCommand(path=shots/13-verdict, cropOn=null, label=null, optional=false)), MaestroCommand(tapOnElementCommand=TapOnElementCommand(selector=ElementSelector(textRegex=Continuer|Décision suivante|Voir le bilan, idRegex=null, size=null, below=null, above=null, leftOf=null, rightOf=null, containsChild=null, containsDescendants=null, traits=null, index=null, enabled=null, optional=true, selected=null, checked=null, focused=null, childOf=null, css=null), retryIfNoChange=false, waitUntilVisible=false, longPress=false, repeat=null, waitToSettleTimeoutMs=null, relativePoint=null, label=null, optional=true)), MaestroCommand(waitForAnimationToEndCommand=WaitForAnimationToEndCommand(timeout=null, label=null, optional=false))], label=null, optional=false)), logMessages=[], insight=Insight(message=Element not found: Text matching regex: Vérifier, level=WARNING), aiReasoning=null, labeledCommand=null)
08:33:10.094 [ INFO] maestro.Maestro.takeScreenshot: Taking screenshot
08:33:10.095 [TRACE] maestro.utils.ScreenshotUtils.takeScreenshot: Taking screenshot to output sink
08:33:10.915 [ INFO] maestro.cli.runner.MaestroCommandRunner.runCommands$lambda$6: Tap on (Optional) "Vérifier" WARNED
08:33:10.916 [ INFO] maestro.cli.runner.MaestroCommandRunner.runCommands$lambda$0: Wait for animation to end RUNNING
08:33:10.916 [ INFO] maestro.cli.runner.MaestroCommandRunner.runCommands$lambda$11: Wait for animation to end metadata CommandMetadata(numberOfRuns=null, evaluatedCommand=MaestroCommand(waitForAnimationToEndCommand=WaitForAnimationToEndCommand(timeout=null, label=null, optional=false)), logMessages=[], insight=Insight(message=, level=NONE), aiReasoning=null, labeledCommand=null)
08:33:10.916 [ INFO] maestro.Maestro.waitForAnimationToEnd$lambda$53: Waiting for animation to end with timeout 15000
08:33:10.916 [TRACE] maestro.utils.ScreenshotUtils.takeScreenshot: Taking screenshot to byte array
08:33:10.917 [TRACE] maestro.utils.ScreenshotUtils.takeScreenshot: Taking screenshot to output sink
08:33:11.764 [TRACE] maestro.utils.ScreenshotUtils.takeScreenshot: Taking screenshot to byte array
08:33:11.765 [TRACE] maestro.utils.ScreenshotUtils.takeScreenshot: Taking screenshot to output sink
08:33:12.795 [ INFO] maestro.cli.runner.MaestroCommandRunner.runCommands$lambda$2: Wait for animation to end COMPLETED
08:33:12.795 [ INFO] maestro.cli.runner.MaestroCommandRunner.runCommands$lambda$0: Take screenshot shots/13-verdict RUNNING
08:33:12.795 [ INFO] maestro.cli.runner.MaestroCommandRunner.runCommands$lambda$11: Take screenshot shots/13-verdict metadata CommandMetadata(numberOfRuns=null, evaluatedCommand=MaestroCommand(takeScreenshotCommand=TakeScreenshotCommand(path=shots/13-verdict, cropOn=null, label=null, optional=false)), logMessages=[], insight=Insight(message=, level=NONE), aiReasoning=null, labeledCommand=null)
08:33:12.796 [ INFO] maestro.Maestro.takeScreenshot: Taking screenshot
08:33:12.796 [TRACE] maestro.utils.ScreenshotUtils.takeScreenshot: Taking screenshot to output sink
08:33:13.533 [ INFO] maestro.cli.runner.MaestroCommandRunner.runCommands$lambda$2: Take screenshot shots/13-verdict COMPLETED
08:33:13.534 [ INFO] maestro.cli.runner.MaestroCommandRunner.runCommands$lambda$0: Tap on (Optional) "Continuer|Décision suivante|Voir le bilan" RUNNING
08:33:13.534 [ INFO] maestro.cli.runner.MaestroCommandRunner.runCommands$lambda$11: Tap on (Optional) "Continuer|Décision suivante|Voir le bilan" metadata CommandMetadata(numberOfRuns=null, evaluatedCommand=MaestroCommand(tapOnElementCommand=TapOnElementCommand(selector=ElementSelector(textRegex=Continuer|Décision suivante|Voir le bilan, idRegex=null, size=null, below=null, above=null, leftOf=null, rightOf=null, containsChild=null, containsDescendants=null, traits=null, index=null, enabled=null, optional=true, selected=null, checked=null, focused=null, childOf=null, css=null), retryIfNoChange=false, waitUntilVisible=false, longPress=false, repeat=null, waitToSettleTimeoutMs=null, relativePoint=null, label=null, optional=true)), logMessages=[], insight=Insight(message=, level=NONE), aiReasoning=null, labeledCommand=null)
08:33:19.925 [ INFO] maestro.orchestra.Orchestra.executeSubflowCommands: [Command execution subflow] CommandWarned: Element not found: Text matching regex: Continuer|Décision suivante|Voir le bilan
08:33:19.926 [ INFO] maestro.cli.runner.MaestroCommandRunner.runCommands$lambda$11: Repeat 14 times metadata CommandMetadata(numberOfRuns=3, evaluatedCommand=MaestroCommand(repeatCommand=RepeatCommand(times=14, condition=null, commands=[MaestroCommand(tapOnPointV2Command=TapOnPointV2Command(point=50%,38%, retryIfNoChange=false, longPress=false, repeat=null, waitToSettleTimeoutMs=null, label=null, optional=true)), MaestroCommand(tapOnElementCommand=TapOnElementCommand(selector=ElementSelector(textRegex=Vérifier, idRegex=null, size=null, below=null, above=null, leftOf=null, rightOf=null, containsChild=null, containsDescendants=null, traits=null, index=null, enabled=null, optional=true, selected=null, checked=null, focused=null, childOf=null, css=null), retryIfNoChange=false, waitUntilVisible=false, longPress=false, repeat=null, waitToSettleTimeoutMs=null, relativePoint=null, label=null, optional=true)), MaestroCommand(waitForAnimationToEndCommand=WaitForAnimationToEndCommand(timeout=null, label=null, optional=false)), MaestroCommand(takeScreenshotCommand=TakeScreenshotCommand(path=shots/13-verdict, cropOn=null, label=null, optional=false)), MaestroCommand(tapOnElementCommand=TapOnElementCommand(selector=ElementSelector(textRegex=Continuer|Décision suivante|Voir le bilan, idRegex=null, size=null, below=null, above=null, leftOf=null, rightOf=null, containsChild=null, containsDescendants=null, traits=null, index=null, enabled=null, optional=true, selected=null, checked=null, focused=null, childOf=null, css=null), retryIfNoChange=false, waitUntilVisible=false, longPress=false, repeat=null, waitToSettleTimeoutMs=null, relativePoint=null, label=null, optional=true)), MaestroCommand(waitForAnimationToEndCommand=WaitForAnimationToEndCommand(timeout=null, label=null, optional=false))], label=null, optional=false)), logMessages=[], insight=Insight(message=Element not found: Text matching regex: Continuer|Décision suivante|Voir le bilan, level=WARNING), aiReasoning=null, labeledCommand=null)
08:33:20.030 [ INFO] maestro.Maestro.takeScreenshot: Taking screenshot
08:33:20.031 [TRACE] maestro.utils.ScreenshotUtils.takeScreenshot: Taking screenshot to output sink
08:33:20.793 [ INFO] maestro.cli.runner.MaestroCommandRunner.runCommands$lambda$6: Tap on (Optional) "Continuer|Décision suivante|Voir le bilan" WARNED
08:33:20.793 [ INFO] maestro.cli.runner.MaestroCommandRunner.runCommands$lambda$0: Wait for animation to end RUNNING
08:33:20.793 [ INFO] maestro.cli.runner.MaestroCommandRunner.runCommands$lambda$11: Wait for animation to end metadata CommandMetadata(numberOfRuns=null, evaluatedCommand=MaestroCommand(waitForAnimationToEndCommand=WaitForAnimationToEndCommand(timeout=null, label=null, optional=false)), logMessages=[], insight=Insight(message=, level=NONE), aiReasoning=null, labeledCommand=null)
08:33:20.794 [ INFO] maestro.Maestro.waitForAnimationToEnd$lambda$53: Waiting for animation to end with timeout 15000
08:33:20.794 [TRACE] maestro.utils.ScreenshotUtils.takeScreenshot: Taking screenshot to byte array
08:33:20.794 [TRACE] maestro.utils.ScreenshotUtils.takeScreenshot: Taking screenshot to output sink
08:33:21.725 [TRACE] maestro.utils.ScreenshotUtils.takeScreenshot: Taking screenshot to byte array
08:33:21.726 [TRACE] maestro.utils.ScreenshotUtils.takeScreenshot: Taking screenshot to output sink
08:33:22.714 [ INFO] maestro.cli.runner.MaestroCommandRunner.runCommands$lambda$2: Wait for animation to end COMPLETED
08:33:22.714 [ INFO] maestro.cli.runner.MaestroCommandRunner.runCommands$lambda$11: Repeat 14 times metadata CommandMetadata(numberOfRuns=4, evaluatedCommand=MaestroCommand(repeatCommand=RepeatCommand(times=14, condition=null, commands=[MaestroCommand(tapOnPointV2Command=TapOnPointV2Command(point=50%,38%, retryIfNoChange=false, longPress=false, repeat=null, waitToSettleTimeoutMs=null, label=null, optional=true)), MaestroCommand(tapOnElementCommand=TapOnElementCommand(selector=ElementSelector(textRegex=Vérifier, idRegex=null, size=null, below=null, above=null, leftOf=null, rightOf=null, containsChild=null, containsDescendants=null, traits=null, index=null, enabled=null, optional=true, selected=null, checked=null, focused=null, childOf=null, css=null), retryIfNoChange=false, waitUntilVisible=false, longPress=false, repeat=null, waitToSettleTimeoutMs=null, relativePoint=null, label=null, optional=true)), MaestroCommand(waitForAnimationToEndCommand=WaitForAnimationToEndCommand(timeout=null, label=null, optional=false)), MaestroCommand(takeScreenshotCommand=TakeScreenshotCommand(path=shots/13-verdict, cropOn=null, label=null, optional=false)), MaestroCommand(tapOnElementCommand=TapOnElementCommand(selector=ElementSelector(textRegex=Continuer|Décision suivante|Voir le bilan, idRegex=null, size=null, below=null, above=null, leftOf=null, rightOf=null, containsChild=null, containsDescendants=null, traits=null, index=null, enabled=null, optional=true, selected=null, checked=null, focused=null, childOf=null, css=null), retryIfNoChange=false, waitUntilVisible=false, longPress=false, repeat=null, waitToSettleTimeoutMs=null, relativePoint=null, label=null, optional=true)), MaestroCommand(waitForAnimationToEndCommand=WaitForAnimationToEndCommand(timeout=null, label=null, optional=false))], label=null, optional=false)), logMessages=[], insight=Insight(message=, level=NONE), aiReasoning=null, labeledCommand=null)
08:33:22.715 [ INFO] maestro.cli.runner.MaestroCommandRunner.runCommands$lambda$10: Tap on point (50%,38%) PENDING
08:33:22.715 [ INFO] maestro.cli.runner.MaestroCommandRunner.runCommands$lambda$10: Tap on (Optional) "Vérifier" PENDING
08:33:22.715 [ INFO] maestro.cli.runner.MaestroCommandRunner.runCommands$lambda$10: Wait for animation to end PENDING
08:33:22.715 [ INFO] maestro.cli.runner.MaestroCommandRunner.runCommands$lambda$10: Take screenshot shots/13-verdict PENDING
08:33:22.715 [ INFO] maestro.cli.runner.MaestroCommandRunner.runCommands$lambda$10: Tap on (Optional) "Continuer|Décision suivante|Voir le bilan" PENDING
08:33:22.715 [ INFO] maestro.cli.runner.MaestroCommandRunner.runCommands$lambda$10: Wait for animation to end PENDING
08:33:22.715 [ INFO] maestro.cli.runner.MaestroCommandRunner.runCommands$lambda$0: Tap on point (50%,38%) RUNNING
08:33:22.715 [ INFO] maestro.cli.runner.MaestroCommandRunner.runCommands$lambda$11: Tap on point (50%,38%) metadata CommandMetadata(numberOfRuns=null, evaluatedCommand=MaestroCommand(tapOnPointV2Command=TapOnPointV2Command(point=50%,38%, retryIfNoChange=false, longPress=false, repeat=null, waitToSettleTimeoutMs=null, label=null, optional=true)), logMessages=[], insight=Insight(message=, level=NONE), aiReasoning=null, labeledCommand=null)
08:33:22.721 [ INFO] maestro.Maestro.hierarchyBasedTap-ogj28Uc: Tapping at (540, 912) using hierarchy based logic for wait
08:33:23.050 [ INFO] maestro.cli.runner.MaestroCommandRunner.runCommands$lambda$2: Tap on point (50%,38%) COMPLETED
08:33:23.050 [ INFO] maestro.cli.runner.MaestroCommandRunner.runCommands$lambda$0: Tap on (Optional) "Vérifier" RUNNING
08:33:23.050 [ INFO] maestro.cli.runner.MaestroCommandRunner.runCommands$lambda$11: Tap on (Optional) "Vérifier" metadata CommandMetadata(numberOfRuns=null, evaluatedCommand=MaestroCommand(tapOnElementCommand=TapOnElementCommand(selector=ElementSelector(textRegex=Vérifier, idRegex=null, size=null, below=null, above=null, leftOf=null, rightOf=null, containsChild=null, containsDescendants=null, traits=null, index=null, enabled=null, optional=true, selected=null, checked=null, focused=null, childOf=null, css=null), retryIfNoChange=false, waitUntilVisible=false, longPress=false, repeat=null, waitToSettleTimeoutMs=null, relativePoint=null, label=null, optional=true)), logMessages=[], insight=Insight(message=, level=NONE), aiReasoning=null, labeledCommand=null)
08:33:30.217 [ INFO] maestro.orchestra.Orchestra.executeSubflowCommands: [Command execution subflow] CommandWarned: Element not found: Text matching regex: Vérifier
08:33:30.217 [ INFO] maestro.cli.runner.MaestroCommandRunner.runCommands$lambda$11: Repeat 14 times metadata CommandMetadata(numberOfRuns=4, evaluatedCommand=MaestroCommand(repeatCommand=RepeatCommand(times=14, condition=null, commands=[MaestroCommand(tapOnPointV2Command=TapOnPointV2Command(point=50%,38%, retryIfNoChange=false, longPress=false, repeat=null, waitToSettleTimeoutMs=null, label=null, optional=true)), MaestroCommand(tapOnElementCommand=TapOnElementCommand(selector=ElementSelector(textRegex=Vérifier, idRegex=null, size=null, below=null, above=null, leftOf=null, rightOf=null, containsChild=null, containsDescendants=null, traits=null, index=null, enabled=null, optional=true, selected=null, checked=null, focused=null, childOf=null, css=null), retryIfNoChange=false, waitUntilVisible=false, longPress=false, repeat=null, waitToSettleTimeoutMs=null, relativePoint=null, label=null, optional=true)), MaestroCommand(waitForAnimationToEndCommand=WaitForAnimationToEndCommand(timeout=null, label=null, optional=false)), MaestroCommand(takeScreenshotCommand=TakeScreenshotCommand(path=shots/13-verdict, cropOn=null, label=null, optional=false)), MaestroCommand(tapOnElementCommand=TapOnElementCommand(selector=ElementSelector(textRegex=Continuer|Décision suivante|Voir le bilan, idRegex=null, size=null, below=null, above=null, leftOf=null, rightOf=null, containsChild=null, containsDescendants=null, traits=null, index=null, enabled=null, optional=true, selected=null, checked=null, focused=null, childOf=null, css=null), retryIfNoChange=false, waitUntilVisible=false, longPress=false, repeat=null, waitToSettleTimeoutMs=null, relativePoint=null, label=null, optional=true)), MaestroCommand(waitForAnimationToEndCommand=WaitForAnimationToEndCommand(timeout=null, label=null, optional=false))], label=null, optional=false)), logMessages=[], insight=Insight(message=Element not found: Text matching regex: Vérifier, level=WARNING), aiReasoning=null, labeledCommand=null)
08:33:30.286 [ INFO] maestro.Maestro.takeScreenshot: Taking screenshot
08:33:30.286 [TRACE] maestro.utils.ScreenshotUtils.takeScreenshot: Taking screenshot to output sink
08:33:31.058 [ INFO] maestro.cli.runner.MaestroCommandRunner.runCommands$lambda$6: Tap on (Optional) "Vérifier" WARNED
08:33:31.058 [ INFO] maestro.cli.runner.MaestroCommandRunner.runCommands$lambda$0: Wait for animation to end RUNNING
08:33:31.058 [ INFO] maestro.cli.runner.MaestroCommandRunner.runCommands$lambda$11: Wait for animation to end metadata CommandMetadata(numberOfRuns=null, evaluatedCommand=MaestroCommand(waitForAnimationToEndCommand=WaitForAnimationToEndCommand(timeout=null, label=null, optional=false)), logMessages=[], insight=Insight(message=, level=NONE), aiReasoning=null, labeledCommand=null)
08:33:31.058 [ INFO] maestro.Maestro.waitForAnimationToEnd$lambda$53: Waiting for animation to end with timeout 15000
08:33:31.059 [TRACE] maestro.utils.ScreenshotUtils.takeScreenshot: Taking screenshot to byte array
08:33:31.059 [TRACE] maestro.utils.ScreenshotUtils.takeScreenshot: Taking screenshot to output sink
08:33:31.978 [TRACE] maestro.utils.ScreenshotUtils.takeScreenshot: Taking screenshot to byte array
08:33:31.978 [TRACE] maestro.utils.ScreenshotUtils.takeScreenshot: Taking screenshot to output sink
08:33:33.002 [ INFO] maestro.cli.runner.MaestroCommandRunner.runCommands$lambda$2: Wait for animation to end COMPLETED
08:33:33.003 [ INFO] maestro.cli.runner.MaestroCommandRunner.runCommands$lambda$0: Take screenshot shots/13-verdict RUNNING
08:33:33.003 [ INFO] maestro.cli.runner.MaestroCommandRunner.runCommands$lambda$11: Take screenshot shots/13-verdict metadata CommandMetadata(numberOfRuns=null, evaluatedCommand=MaestroCommand(takeScreenshotCommand=TakeScreenshotCommand(path=shots/13-verdict, cropOn=null, label=null, optional=false)), logMessages=[], insight=Insight(message=, level=NONE), aiReasoning=null, labeledCommand=null)
08:33:33.004 [ INFO] maestro.Maestro.takeScreenshot: Taking screenshot
08:33:33.005 [TRACE] maestro.utils.ScreenshotUtils.takeScreenshot: Taking screenshot to output sink
08:33:33.806 [ INFO] maestro.cli.runner.MaestroCommandRunner.runCommands$lambda$2: Take screenshot shots/13-verdict COMPLETED
08:33:33.806 [ INFO] maestro.cli.runner.MaestroCommandRunner.runCommands$lambda$0: Tap on (Optional) "Continuer|Décision suivante|Voir le bilan" RUNNING
08:33:33.807 [ INFO] maestro.cli.runner.MaestroCommandRunner.runCommands$lambda$11: Tap on (Optional) "Continuer|Décision suivante|Voir le bilan" metadata CommandMetadata(numberOfRuns=null, evaluatedCommand=MaestroCommand(tapOnElementCommand=TapOnElementCommand(selector=ElementSelector(textRegex=Continuer|Décision suivante|Voir le bilan, idRegex=null, size=null, below=null, above=null, leftOf=null, rightOf=null, containsChild=null, containsDescendants=null, traits=null, index=null, enabled=null, optional=true, selected=null, checked=null, focused=null, childOf=null, css=null), retryIfNoChange=false, waitUntilVisible=false, longPress=false, repeat=null, waitToSettleTimeoutMs=null, relativePoint=null, label=null, optional=true)), logMessages=[], insight=Insight(message=, level=NONE), aiReasoning=null, labeledCommand=null)
08:33:40.105 [ INFO] maestro.orchestra.Orchestra.executeSubflowCommands: [Command execution subflow] CommandWarned: Element not found: Text matching regex: Continuer|Décision suivante|Voir le bilan
08:33:40.105 [ INFO] maestro.cli.runner.MaestroCommandRunner.runCommands$lambda$11: Repeat 14 times metadata CommandMetadata(numberOfRuns=4, evaluatedCommand=MaestroCommand(repeatCommand=RepeatCommand(times=14, condition=null, commands=[MaestroCommand(tapOnPointV2Command=TapOnPointV2Command(point=50%,38%, retryIfNoChange=false, longPress=false, repeat=null, waitToSettleTimeoutMs=null, label=null, optional=true)), MaestroCommand(tapOnElementCommand=TapOnElementCommand(selector=ElementSelector(textRegex=Vérifier, idRegex=null, size=null, below=null, above=null, leftOf=null, rightOf=null, containsChild=null, containsDescendants=null, traits=null, index=null, enabled=null, optional=true, selected=null, checked=null, focused=null, childOf=null, css=null), retryIfNoChange=false, waitUntilVisible=false, longPress=false, repeat=null, waitToSettleTimeoutMs=null, relativePoint=null, label=null, optional=true)), MaestroCommand(waitForAnimationToEndCommand=WaitForAnimationToEndCommand(timeout=null, label=null, optional=false)), MaestroCommand(takeScreenshotCommand=TakeScreenshotCommand(path=shots/13-verdict, cropOn=null, label=null, optional=false)), MaestroCommand(tapOnElementCommand=TapOnElementCommand(selector=ElementSelector(textRegex=Continuer|Décision suivante|Voir le bilan, idRegex=null, size=null, below=null, above=null, leftOf=null, rightOf=null, containsChild=null, containsDescendants=null, traits=null, index=null, enabled=null, optional=true, selected=null, checked=null, focused=null, childOf=null, css=null), retryIfNoChange=false, waitUntilVisible=false, longPress=false, repeat=null, waitToSettleTimeoutMs=null, relativePoint=null, label=null, optional=true)), MaestroCommand(waitForAnimationToEndCommand=WaitForAnimationToEndCommand(timeout=null, label=null, optional=false))], label=null, optional=false)), logMessages=[], insight=Insight(message=Element not found: Text matching regex: Continuer|Décision suivante|Voir le bilan, level=WARNING), aiReasoning=null, labeledCommand=null)
08:33:40.210 [ INFO] maestro.Maestro.takeScreenshot: Taking screenshot
08:33:40.211 [TRACE] maestro.utils.ScreenshotUtils.takeScreenshot: Taking screenshot to output sink
08:33:40.975 [ INFO] maestro.cli.runner.MaestroCommandRunner.runCommands$lambda$6: Tap on (Optional) "Continuer|Décision suivante|Voir le bilan" WARNED
08:33:40.976 [ INFO] maestro.cli.runner.MaestroCommandRunner.runCommands$lambda$0: Wait for animation to end RUNNING
08:33:40.976 [ INFO] maestro.cli.runner.MaestroCommandRunner.runCommands$lambda$11: Wait for animation to end metadata CommandMetadata(numberOfRuns=null, evaluatedCommand=MaestroCommand(waitForAnimationToEndCommand=WaitForAnimationToEndCommand(timeout=null, label=null, optional=false)), logMessages=[], insight=Insight(message=, level=NONE), aiReasoning=null, labeledCommand=null)
08:33:40.976 [ INFO] maestro.Maestro.waitForAnimationToEnd$lambda$53: Waiting for animation to end with timeout 15000
08:33:40.977 [TRACE] maestro.utils.ScreenshotUtils.takeScreenshot: Taking screenshot to byte array
08:33:40.977 [TRACE] maestro.utils.ScreenshotUtils.takeScreenshot: Taking screenshot to output sink
08:33:41.816 [TRACE] maestro.utils.ScreenshotUtils.takeScreenshot: Taking screenshot to byte array
08:33:41.816 [TRACE] maestro.utils.ScreenshotUtils.takeScreenshot: Taking screenshot to output sink
08:33:42.812 [ INFO] maestro.cli.runner.MaestroCommandRunner.runCommands$lambda$2: Wait for animation to end COMPLETED
08:33:42.813 [ INFO] maestro.cli.runner.MaestroCommandRunner.runCommands$lambda$11: Repeat 14 times metadata CommandMetadata(numberOfRuns=5, evaluatedCommand=MaestroCommand(repeatCommand=RepeatCommand(times=14, condition=null, commands=[MaestroCommand(tapOnPointV2Command=TapOnPointV2Command(point=50%,38%, retryIfNoChange=false, longPress=false, repeat=null, waitToSettleTimeoutMs=null, label=null, optional=true)), MaestroCommand(tapOnElementCommand=TapOnElementCommand(selector=ElementSelector(textRegex=Vérifier, idRegex=null, size=null, below=null, above=null, leftOf=null, rightOf=null, containsChild=null, containsDescendants=null, traits=null, index=null, enabled=null, optional=true, selected=null, checked=null, focused=null, childOf=null, css=null), retryIfNoChange=false, waitUntilVisible=false, longPress=false, repeat=null, waitToSettleTimeoutMs=null, relativePoint=null, label=null, optional=true)), MaestroCommand(waitForAnimationToEndCommand=WaitForAnimationToEndCommand(timeout=null, label=null, optional=false)), MaestroCommand(takeScreenshotCommand=TakeScreenshotCommand(path=shots/13-verdict, cropOn=null, label=null, optional=false)), MaestroCommand(tapOnElementCommand=TapOnElementCommand(selector=ElementSelector(textRegex=Continuer|Décision suivante|Voir le bilan, idRegex=null, size=null, below=null, above=null, leftOf=null, rightOf=null, containsChild=null, containsDescendants=null, traits=null, index=null, enabled=null, optional=true, selected=null, checked=null, focused=null, childOf=null, css=null), retryIfNoChange=false, waitUntilVisible=false, longPress=false, repeat=null, waitToSettleTimeoutMs=null, relativePoint=null, label=null, optional=true)), MaestroCommand(waitForAnimationToEndCommand=WaitForAnimationToEndCommand(timeout=null, label=null, optional=false))], label=null, optional=false)), logMessages=[], insight=Insight(message=, level=NONE), aiReasoning=null, labeledCommand=null)
08:33:42.813 [ INFO] maestro.cli.runner.MaestroCommandRunner.runCommands$lambda$10: Tap on point (50%,38%) PENDING
08:33:42.813 [ INFO] maestro.cli.runner.MaestroCommandRunner.runCommands$lambda$10: Tap on (Optional) "Vérifier" PENDING
08:33:42.813 [ INFO] maestro.cli.runner.MaestroCommandRunner.runCommands$lambda$10: Wait for animation to end PENDING
08:33:42.813 [ INFO] maestro.cli.runner.MaestroCommandRunner.runCommands$lambda$10: Take screenshot shots/13-verdict PENDING
08:33:42.814 [ INFO] maestro.cli.runner.MaestroCommandRunner.runCommands$lambda$10: Tap on (Optional) "Continuer|Décision suivante|Voir le bilan" PENDING
08:33:42.814 [ INFO] maestro.cli.runner.MaestroCommandRunner.runCommands$lambda$10: Wait for animation to end PENDING
08:33:42.814 [ INFO] maestro.cli.runner.MaestroCommandRunner.runCommands$lambda$0: Tap on point (50%,38%) RUNNING
08:33:42.814 [ INFO] maestro.cli.runner.MaestroCommandRunner.runCommands$lambda$11: Tap on point (50%,38%) metadata CommandMetadata(numberOfRuns=null, evaluatedCommand=MaestroCommand(tapOnPointV2Command=TapOnPointV2Command(point=50%,38%, retryIfNoChange=false, longPress=false, repeat=null, waitToSettleTimeoutMs=null, label=null, optional=true)), logMessages=[], insight=Insight(message=, level=NONE), aiReasoning=null, labeledCommand=null)
08:33:42.818 [ INFO] maestro.Maestro.hierarchyBasedTap-ogj28Uc: Tapping at (540, 912) using hierarchy based logic for wait
08:33:43.153 [ INFO] maestro.cli.runner.MaestroCommandRunner.runCommands$lambda$2: Tap on point (50%,38%) COMPLETED
08:33:43.153 [ INFO] maestro.cli.runner.MaestroCommandRunner.runCommands$lambda$0: Tap on (Optional) "Vérifier" RUNNING
08:33:43.154 [ INFO] maestro.cli.runner.MaestroCommandRunner.runCommands$lambda$11: Tap on (Optional) "Vérifier" metadata CommandMetadata(numberOfRuns=null, evaluatedCommand=MaestroCommand(tapOnElementCommand=TapOnElementCommand(selector=ElementSelector(textRegex=Vérifier, idRegex=null, size=null, below=null, above=null, leftOf=null, rightOf=null, containsChild=null, containsDescendants=null, traits=null, index=null, enabled=null, optional=true, selected=null, checked=null, focused=null, childOf=null, css=null), retryIfNoChange=false, waitUntilVisible=false, longPress=false, repeat=null, waitToSettleTimeoutMs=null, relativePoint=null, label=null, optional=true)), logMessages=[], insight=Insight(message=, level=NONE), aiReasoning=null, labeledCommand=null)
08:33:50.269 [ INFO] maestro.orchestra.Orchestra.executeSubflowCommands: [Command execution subflow] CommandWarned: Element not found: Text matching regex: Vérifier
08:33:50.269 [ INFO] maestro.cli.runner.MaestroCommandRunner.runCommands$lambda$11: Repeat 14 times metadata CommandMetadata(numberOfRuns=5, evaluatedCommand=MaestroCommand(repeatCommand=RepeatCommand(times=14, condition=null, commands=[MaestroCommand(tapOnPointV2Command=TapOnPointV2Command(point=50%,38%, retryIfNoChange=false, longPress=false, repeat=null, waitToSettleTimeoutMs=null, label=null, optional=true)), MaestroCommand(tapOnElementCommand=TapOnElementCommand(selector=ElementSelector(textRegex=Vérifier, idRegex=null, size=null, below=null, above=null, leftOf=null, rightOf=null, containsChild=null, containsDescendants=null, traits=null, index=null, enabled=null, optional=true, selected=null, checked=null, focused=null, childOf=null, css=null), retryIfNoChange=false, waitUntilVisible=false, longPress=false, repeat=null, waitToSettleTimeoutMs=null, relativePoint=null, label=null, optional=true)), MaestroCommand(waitForAnimationToEndCommand=WaitForAnimationToEndCommand(timeout=null, label=null, optional=false)), MaestroCommand(takeScreenshotCommand=TakeScreenshotCommand(path=shots/13-verdict, cropOn=null, label=null, optional=false)), MaestroCommand(tapOnElementCommand=TapOnElementCommand(selector=ElementSelector(textRegex=Continuer|Décision suivante|Voir le bilan, idRegex=null, size=null, below=null, above=null, leftOf=null, rightOf=null, containsChild=null, containsDescendants=null, traits=null, index=null, enabled=null, optional=true, selected=null, checked=null, focused=null, childOf=null, css=null), retryIfNoChange=false, waitUntilVisible=false, longPress=false, repeat=null, waitToSettleTimeoutMs=null, relativePoint=null, label=null, optional=true)), MaestroCommand(waitForAnimationToEndCommand=WaitForAnimationToEndCommand(timeout=null, label=null, optional=false))], label=null, optional=false)), logMessages=[], insight=Insight(message=Element not found: Text matching regex: Vérifier, level=WARNING), aiReasoning=null, labeledCommand=null)
08:33:50.378 [ INFO] maestro.Maestro.takeScreenshot: Taking screenshot
08:33:50.378 [TRACE] maestro.utils.ScreenshotUtils.takeScreenshot: Taking screenshot to output sink
08:33:51.187 [ INFO] maestro.cli.runner.MaestroCommandRunner.runCommands$lambda$6: Tap on (Optional) "Vérifier" WARNED
08:33:51.187 [ INFO] maestro.cli.runner.MaestroCommandRunner.runCommands$lambda$0: Wait for animation to end RUNNING
08:33:51.187 [ INFO] maestro.cli.runner.MaestroCommandRunner.runCommands$lambda$11: Wait for animation to end metadata CommandMetadata(numberOfRuns=null, evaluatedCommand=MaestroCommand(waitForAnimationToEndCommand=WaitForAnimationToEndCommand(timeout=null, label=null, optional=false)), logMessages=[], insight=Insight(message=, level=NONE), aiReasoning=null, labeledCommand=null)
08:33:51.188 [ INFO] maestro.Maestro.waitForAnimationToEnd$lambda$53: Waiting for animation to end with timeout 15000
08:33:51.188 [TRACE] maestro.utils.ScreenshotUtils.takeScreenshot: Taking screenshot to byte array
08:33:51.188 [TRACE] maestro.utils.ScreenshotUtils.takeScreenshot: Taking screenshot to output sink
08:33:52.104 [TRACE] maestro.utils.ScreenshotUtils.takeScreenshot: Taking screenshot to byte array
08:33:52.104 [TRACE] maestro.utils.ScreenshotUtils.takeScreenshot: Taking screenshot to output sink
08:33:53.116 [ INFO] maestro.cli.runner.MaestroCommandRunner.runCommands$lambda$2: Wait for animation to end COMPLETED
08:33:53.116 [ INFO] maestro.cli.runner.MaestroCommandRunner.runCommands$lambda$0: Take screenshot shots/13-verdict RUNNING
08:33:53.117 [ INFO] maestro.cli.runner.MaestroCommandRunner.runCommands$lambda$11: Take screenshot shots/13-verdict metadata CommandMetadata(numberOfRuns=null, evaluatedCommand=MaestroCommand(takeScreenshotCommand=TakeScreenshotCommand(path=shots/13-verdict, cropOn=null, label=null, optional=false)), logMessages=[], insight=Insight(message=, level=NONE), aiReasoning=null, labeledCommand=null)
08:33:53.117 [ INFO] maestro.Maestro.takeScreenshot: Taking screenshot
08:33:53.118 [TRACE] maestro.utils.ScreenshotUtils.takeScreenshot: Taking screenshot to output sink
08:33:53.918 [ INFO] maestro.cli.runner.MaestroCommandRunner.runCommands$lambda$2: Take screenshot shots/13-verdict COMPLETED
08:33:53.919 [ INFO] maestro.cli.runner.MaestroCommandRunner.runCommands$lambda$0: Tap on (Optional) "Continuer|Décision suivante|Voir le bilan" RUNNING
08:33:53.919 [ INFO] maestro.cli.runner.MaestroCommandRunner.runCommands$lambda$11: Tap on (Optional) "Continuer|Décision suivante|Voir le bilan" metadata CommandMetadata(numberOfRuns=null, evaluatedCommand=MaestroCommand(tapOnElementCommand=TapOnElementCommand(selector=ElementSelector(textRegex=Continuer|Décision suivante|Voir le bilan, idRegex=null, size=null, below=null, above=null, leftOf=null, rightOf=null, containsChild=null, containsDescendants=null, traits=null, index=null, enabled=null, optional=true, selected=null, checked=null, focused=null, childOf=null, css=null), retryIfNoChange=false, waitUntilVisible=false, longPress=false, repeat=null, waitToSettleTimeoutMs=null, relativePoint=null, label=null, optional=true)), logMessages=[], insight=Insight(message=, level=NONE), aiReasoning=null, labeledCommand=null)
08:34:00.277 [ INFO] maestro.orchestra.Orchestra.executeSubflowCommands: [Command execution subflow] CommandWarned: Element not found: Text matching regex: Continuer|Décision suivante|Voir le bilan
08:34:00.278 [ INFO] maestro.cli.runner.MaestroCommandRunner.runCommands$lambda$11: Repeat 14 times metadata CommandMetadata(numberOfRuns=5, evaluatedCommand=MaestroCommand(repeatCommand=RepeatCommand(times=14, condition=null, commands=[MaestroCommand(tapOnPointV2Command=TapOnPointV2Command(point=50%,38%, retryIfNoChange=false, longPress=false, repeat=null, waitToSettleTimeoutMs=null, label=null, optional=true)), MaestroCommand(tapOnElementCommand=TapOnElementCommand(selector=ElementSelector(textRegex=Vérifier, idRegex=null, size=null, below=null, above=null, leftOf=null, rightOf=null, containsChild=null, containsDescendants=null, traits=null, index=null, enabled=null, optional=true, selected=null, checked=null, focused=null, childOf=null, css=null), retryIfNoChange=false, waitUntilVisible=false, longPress=false, repeat=null, waitToSettleTimeoutMs=null, relativePoint=null, label=null, optional=true)), MaestroCommand(waitForAnimationToEndCommand=WaitForAnimationToEndCommand(timeout=null, label=null, optional=false)), MaestroCommand(takeScreenshotCommand=TakeScreenshotCommand(path=shots/13-verdict, cropOn=null, label=null, optional=false)), MaestroCommand(tapOnElementCommand=TapOnElementCommand(selector=ElementSelector(textRegex=Continuer|Décision suivante|Voir le bilan, idRegex=null, size=null, below=null, above=null, leftOf=null, rightOf=null, containsChild=null, containsDescendants=null, traits=null, index=null, enabled=null, optional=true, selected=null, checked=null, focused=null, childOf=null, css=null), retryIfNoChange=false, waitUntilVisible=false, longPress=false, repeat=null, waitToSettleTimeoutMs=null, relativePoint=null, label=null, optional=true)), MaestroCommand(waitForAnimationToEndCommand=WaitForAnimationToEndCommand(timeout=null, label=null, optional=false))], label=null, optional=false)), logMessages=[], insight=Insight(message=Element not found: Text matching regex: Continuer|Décision suivante|Voir le bilan, level=WARNING), aiReasoning=null, labeledCommand=null)
08:34:00.838 [ INFO] maestro.Maestro.takeScreenshot: Taking screenshot
08:34:00.838 [TRACE] maestro.utils.ScreenshotUtils.takeScreenshot: Taking screenshot to output sink
08:34:01.611 [ INFO] maestro.cli.runner.MaestroCommandRunner.runCommands$lambda$6: Tap on (Optional) "Continuer|Décision suivante|Voir le bilan" WARNED
08:34:01.612 [ INFO] maestro.cli.runner.MaestroCommandRunner.runCommands$lambda$0: Wait for animation to end RUNNING
08:34:01.612 [ INFO] maestro.cli.runner.MaestroCommandRunner.runCommands$lambda$11: Wait for animation to end metadata CommandMetadata(numberOfRuns=null, evaluatedCommand=MaestroCommand(waitForAnimationToEndCommand=WaitForAnimationToEndCommand(timeout=null, label=null, optional=false)), logMessages=[], insight=Insight(message=, level=NONE), aiReasoning=null, labeledCommand=null)
08:34:01.612 [ INFO] maestro.Maestro.waitForAnimationToEnd$lambda$53: Waiting for animation to end with timeout 15000
08:34:01.612 [TRACE] maestro.utils.ScreenshotUtils.takeScreenshot: Taking screenshot to byte array
08:34:01.612 [TRACE] maestro.utils.ScreenshotUtils.takeScreenshot: Taking screenshot to output sink
08:34:02.461 [TRACE] maestro.utils.ScreenshotUtils.takeScreenshot: Taking screenshot to byte array
08:34:02.461 [TRACE] maestro.utils.ScreenshotUtils.takeScreenshot: Taking screenshot to output sink
08:34:03.487 [ INFO] maestro.cli.runner.MaestroCommandRunner.runCommands$lambda$2: Wait for animation to end COMPLETED
08:34:03.487 [ INFO] maestro.cli.runner.MaestroCommandRunner.runCommands$lambda$11: Repeat 14 times metadata CommandMetadata(numberOfRuns=6, evaluatedCommand=MaestroCommand(repeatCommand=RepeatCommand(times=14, condition=null, commands=[MaestroCommand(tapOnPointV2Command=TapOnPointV2Command(point=50%,38%, retryIfNoChange=false, longPress=false, repeat=null, waitToSettleTimeoutMs=null, label=null, optional=true)), MaestroCommand(tapOnElementCommand=TapOnElementCommand(selector=ElementSelector(textRegex=Vérifier, idRegex=null, size=null, below=null, above=null, leftOf=null, rightOf=null, containsChild=null, containsDescendants=null, traits=null, index=null, enabled=null, optional=true, selected=null, checked=null, focused=null, childOf=null, css=null), retryIfNoChange=false, waitUntilVisible=false, longPress=false, repeat=null, waitToSettleTimeoutMs=null, relativePoint=null, label=null, optional=true)), MaestroCommand(waitForAnimationToEndCommand=WaitForAnimationToEndCommand(timeout=null, label=null, optional=false)), MaestroCommand(takeScreenshotCommand=TakeScreenshotCommand(path=shots/13-verdict, cropOn=null, label=null, optional=false)), MaestroCommand(tapOnElementCommand=TapOnElementCommand(selector=ElementSelector(textRegex=Continuer|Décision suivante|Voir le bilan, idRegex=null, size=null, below=null, above=null, leftOf=null, rightOf=null, containsChild=null, containsDescendants=null, traits=null, index=null, enabled=null, optional=true, selected=null, checked=null, focused=null, childOf=null, css=null), retryIfNoChange=false, waitUntilVisible=false, longPress=false, repeat=null, waitToSettleTimeoutMs=null, relativePoint=null, label=null, optional=true)), MaestroCommand(waitForAnimationToEndCommand=WaitForAnimationToEndCommand(timeout=null, label=null, optional=false))], label=null, optional=false)), logMessages=[], insight=Insight(message=, level=NONE), aiReasoning=null, labeledCommand=null)
08:34:03.487 [ INFO] maestro.cli.runner.MaestroCommandRunner.runCommands$lambda$10: Tap on point (50%,38%) PENDING
08:34:03.487 [ INFO] maestro.cli.runner.MaestroCommandRunner.runCommands$lambda$10: Tap on (Optional) "Vérifier" PENDING
08:34:03.487 [ INFO] maestro.cli.runner.MaestroCommandRunner.runCommands$lambda$10: Wait for animation to end PENDING
08:34:03.488 [ INFO] maestro.cli.runner.MaestroCommandRunner.runCommands$lambda$10: Take screenshot shots/13-verdict PENDING
08:34:03.488 [ INFO] maestro.cli.runner.MaestroCommandRunner.runCommands$lambda$10: Tap on (Optional) "Continuer|Décision suivante|Voir le bilan" PENDING
08:34:03.488 [ INFO] maestro.cli.runner.MaestroCommandRunner.runCommands$lambda$10: Wait for animation to end PENDING
08:34:03.488 [ INFO] maestro.cli.runner.MaestroCommandRunner.runCommands$lambda$0: Tap on point (50%,38%) RUNNING
08:34:03.488 [ INFO] maestro.cli.runner.MaestroCommandRunner.runCommands$lambda$11: Tap on point (50%,38%) metadata CommandMetadata(numberOfRuns=null, evaluatedCommand=MaestroCommand(tapOnPointV2Command=TapOnPointV2Command(point=50%,38%, retryIfNoChange=false, longPress=false, repeat=null, waitToSettleTimeoutMs=null, label=null, optional=true)), logMessages=[], insight=Insight(message=, level=NONE), aiReasoning=null, labeledCommand=null)
08:34:03.493 [ INFO] maestro.Maestro.hierarchyBasedTap-ogj28Uc: Tapping at (540, 912) using hierarchy based logic for wait
08:34:03.913 [ INFO] maestro.cli.runner.MaestroCommandRunner.runCommands$lambda$2: Tap on point (50%,38%) COMPLETED
08:34:03.913 [ INFO] maestro.cli.runner.MaestroCommandRunner.runCommands$lambda$0: Tap on (Optional) "Vérifier" RUNNING
08:34:03.913 [ INFO] maestro.cli.runner.MaestroCommandRunner.runCommands$lambda$11: Tap on (Optional) "Vérifier" metadata CommandMetadata(numberOfRuns=null, evaluatedCommand=MaestroCommand(tapOnElementCommand=TapOnElementCommand(selector=ElementSelector(textRegex=Vérifier, idRegex=null, size=null, below=null, above=null, leftOf=null, rightOf=null, containsChild=null, containsDescendants=null, traits=null, index=null, enabled=null, optional=true, selected=null, checked=null, focused=null, childOf=null, css=null), retryIfNoChange=false, waitUntilVisible=false, longPress=false, repeat=null, waitToSettleTimeoutMs=null, relativePoint=null, label=null, optional=true)), logMessages=[], insight=Insight(message=, level=NONE), aiReasoning=null, labeledCommand=null)
08:34:11.073 [ INFO] maestro.orchestra.Orchestra.executeSubflowCommands: [Command execution subflow] CommandWarned: Element not found: Text matching regex: Vérifier
08:34:11.073 [ INFO] maestro.cli.runner.MaestroCommandRunner.runCommands$lambda$11: Repeat 14 times metadata CommandMetadata(numberOfRuns=6, evaluatedCommand=MaestroCommand(repeatCommand=RepeatCommand(times=14, condition=null, commands=[MaestroCommand(tapOnPointV2Command=TapOnPointV2Command(point=50%,38%, retryIfNoChange=false, longPress=false, repeat=null, waitToSettleTimeoutMs=null, label=null, optional=true)), MaestroCommand(tapOnElementCommand=TapOnElementCommand(selector=ElementSelector(textRegex=Vérifier, idRegex=null, size=null, below=null, above=null, leftOf=null, rightOf=null, containsChild=null, containsDescendants=null, traits=null, index=null, enabled=null, optional=true, selected=null, checked=null, focused=null, childOf=null, css=null), retryIfNoChange=false, waitUntilVisible=false, longPress=false, repeat=null, waitToSettleTimeoutMs=null, relativePoint=null, label=null, optional=true)), MaestroCommand(waitForAnimationToEndCommand=WaitForAnimationToEndCommand(timeout=null, label=null, optional=false)), MaestroCommand(takeScreenshotCommand=TakeScreenshotCommand(path=shots/13-verdict, cropOn=null, label=null, optional=false)), MaestroCommand(tapOnElementCommand=TapOnElementCommand(selector=ElementSelector(textRegex=Continuer|Décision suivante|Voir le bilan, idRegex=null, size=null, below=null, above=null, leftOf=null, rightOf=null, containsChild=null, containsDescendants=null, traits=null, index=null, enabled=null, optional=true, selected=null, checked=null, focused=null, childOf=null, css=null), retryIfNoChange=false, waitUntilVisible=false, longPress=false, repeat=null, waitToSettleTimeoutMs=null, relativePoint=null, label=null, optional=true)), MaestroCommand(waitForAnimationToEndCommand=WaitForAnimationToEndCommand(timeout=null, label=null, optional=false))], label=null, optional=false)), logMessages=[], insight=Insight(message=Element not found: Text matching regex: Vérifier, level=WARNING), aiReasoning=null, labeledCommand=null)
08:34:11.138 [ INFO] maestro.Maestro.takeScreenshot: Taking screenshot
08:34:11.138 [TRACE] maestro.utils.ScreenshotUtils.takeScreenshot: Taking screenshot to output sink
08:34:11.909 [ INFO] maestro.cli.runner.MaestroCommandRunner.runCommands$lambda$6: Tap on (Optional) "Vérifier" WARNED
08:34:11.910 [ INFO] maestro.cli.runner.MaestroCommandRunner.runCommands$lambda$0: Wait for animation to end RUNNING
08:34:11.910 [ INFO] maestro.cli.runner.MaestroCommandRunner.runCommands$lambda$11: Wait for animation to end metadata CommandMetadata(numberOfRuns=null, evaluatedCommand=MaestroCommand(waitForAnimationToEndCommand=WaitForAnimationToEndCommand(timeout=null, label=null, optional=false)), logMessages=[], insight=Insight(message=, level=NONE), aiReasoning=null, labeledCommand=null)
08:34:11.910 [ INFO] maestro.Maestro.waitForAnimationToEnd$lambda$53: Waiting for animation to end with timeout 15000
08:34:11.910 [TRACE] maestro.utils.ScreenshotUtils.takeScreenshot: Taking screenshot to byte array
08:34:11.910 [TRACE] maestro.utils.ScreenshotUtils.takeScreenshot: Taking screenshot to output sink
08:34:12.802 [TRACE] maestro.utils.ScreenshotUtils.takeScreenshot: Taking screenshot to byte array
08:34:12.803 [TRACE] maestro.utils.ScreenshotUtils.takeScreenshot: Taking screenshot to output sink
08:34:13.801 [ INFO] maestro.cli.runner.MaestroCommandRunner.runCommands$lambda$2: Wait for animation to end COMPLETED
08:34:13.801 [ INFO] maestro.cli.runner.MaestroCommandRunner.runCommands$lambda$0: Take screenshot shots/13-verdict RUNNING
08:34:13.802 [ INFO] maestro.cli.runner.MaestroCommandRunner.runCommands$lambda$11: Take screenshot shots/13-verdict metadata CommandMetadata(numberOfRuns=null, evaluatedCommand=MaestroCommand(takeScreenshotCommand=TakeScreenshotCommand(path=shots/13-verdict, cropOn=null, label=null, optional=false)), logMessages=[], insight=Insight(message=, level=NONE), aiReasoning=null, labeledCommand=null)
08:34:13.802 [ INFO] maestro.Maestro.takeScreenshot: Taking screenshot
08:34:13.803 [TRACE] maestro.utils.ScreenshotUtils.takeScreenshot: Taking screenshot to output sink
08:34:14.583 [ INFO] maestro.cli.runner.MaestroCommandRunner.runCommands$lambda$2: Take screenshot shots/13-verdict COMPLETED
08:34:14.583 [ INFO] maestro.cli.runner.MaestroCommandRunner.runCommands$lambda$0: Tap on (Optional) "Continuer|Décision suivante|Voir le bilan" RUNNING
08:34:14.583 [ INFO] maestro.cli.runner.MaestroCommandRunner.runCommands$lambda$11: Tap on (Optional) "Continuer|Décision suivante|Voir le bilan" metadata CommandMetadata(numberOfRuns=null, evaluatedCommand=MaestroCommand(tapOnElementCommand=TapOnElementCommand(selector=ElementSelector(textRegex=Continuer|Décision suivante|Voir le bilan, idRegex=null, size=null, below=null, above=null, leftOf=null, rightOf=null, containsChild=null, containsDescendants=null, traits=null, index=null, enabled=null, optional=true, selected=null, checked=null, focused=null, childOf=null, css=null), retryIfNoChange=false, waitUntilVisible=false, longPress=false, repeat=null, waitToSettleTimeoutMs=null, relativePoint=null, label=null, optional=true)), logMessages=[], insight=Insight(message=, level=NONE), aiReasoning=null, labeledCommand=null)
08:34:20.905 [ INFO] maestro.orchestra.Orchestra.executeSubflowCommands: [Command execution subflow] CommandWarned: Element not found: Text matching regex: Continuer|Décision suivante|Voir le bilan
08:34:20.905 [ INFO] maestro.cli.runner.MaestroCommandRunner.runCommands$lambda$11: Repeat 14 times metadata CommandMetadata(numberOfRuns=6, evaluatedCommand=MaestroCommand(repeatCommand=RepeatCommand(times=14, condition=null, commands=[MaestroCommand(tapOnPointV2Command=TapOnPointV2Command(point=50%,38%, retryIfNoChange=false, longPress=false, repeat=null, waitToSettleTimeoutMs=null, label=null, optional=true)), MaestroCommand(tapOnElementCommand=TapOnElementCommand(selector=ElementSelector(textRegex=Vérifier, idRegex=null, size=null, below=null, above=null, leftOf=null, rightOf=null, containsChild=null, containsDescendants=null, traits=null, index=null, enabled=null, optional=true, selected=null, checked=null, focused=null, childOf=null, css=null), retryIfNoChange=false, waitUntilVisible=false, longPress=false, repeat=null, waitToSettleTimeoutMs=null, relativePoint=null, label=null, optional=true)), MaestroCommand(waitForAnimationToEndCommand=WaitForAnimationToEndCommand(timeout=null, label=null, optional=false)), MaestroCommand(takeScreenshotCommand=TakeScreenshotCommand(path=shots/13-verdict, cropOn=null, label=null, optional=false)), MaestroCommand(tapOnElementCommand=TapOnElementCommand(selector=ElementSelector(textRegex=Continuer|Décision suivante|Voir le bilan, idRegex=null, size=null, below=null, above=null, leftOf=null, rightOf=null, containsChild=null, containsDescendants=null, traits=null, index=null, enabled=null, optional=true, selected=null, checked=null, focused=null, childOf=null, css=null), retryIfNoChange=false, waitUntilVisible=false, longPress=false, repeat=null, waitToSettleTimeoutMs=null, relativePoint=null, label=null, optional=true)), MaestroCommand(waitForAnimationToEndCommand=WaitForAnimationToEndCommand(timeout=null, label=null, optional=false))], label=null, optional=false)), logMessages=[], insight=Insight(message=Element not found: Text matching regex: Continuer|Décision suivante|Voir le bilan, level=WARNING), aiReasoning=null, labeledCommand=null)
08:34:21.018 [ INFO] maestro.Maestro.takeScreenshot: Taking screenshot
08:34:21.019 [TRACE] maestro.utils.ScreenshotUtils.takeScreenshot: Taking screenshot to output sink
08:34:21.827 [ INFO] maestro.cli.runner.MaestroCommandRunner.runCommands$lambda$6: Tap on (Optional) "Continuer|Décision suivante|Voir le bilan" WARNED
08:34:21.827 [ INFO] maestro.cli.runner.MaestroCommandRunner.runCommands$lambda$0: Wait for animation to end RUNNING
08:34:21.827 [ INFO] maestro.cli.runner.MaestroCommandRunner.runCommands$lambda$11: Wait for animation to end metadata CommandMetadata(numberOfRuns=null, evaluatedCommand=MaestroCommand(waitForAnimationToEndCommand=WaitForAnimationToEndCommand(timeout=null, label=null, optional=false)), logMessages=[], insight=Insight(message=, level=NONE), aiReasoning=null, labeledCommand=null)
08:34:21.827 [ INFO] maestro.Maestro.waitForAnimationToEnd$lambda$53: Waiting for animation to end with timeout 15000
08:34:21.828 [TRACE] maestro.utils.ScreenshotUtils.takeScreenshot: Taking screenshot to byte array
08:34:21.828 [TRACE] maestro.utils.ScreenshotUtils.takeScreenshot: Taking screenshot to output sink
08:34:22.684 [TRACE] maestro.utils.ScreenshotUtils.takeScreenshot: Taking screenshot to byte array
08:34:22.685 [TRACE] maestro.utils.ScreenshotUtils.takeScreenshot: Taking screenshot to output sink
08:34:23.695 [ INFO] maestro.cli.runner.MaestroCommandRunner.runCommands$lambda$2: Wait for animation to end COMPLETED
08:34:23.696 [ INFO] maestro.cli.runner.MaestroCommandRunner.runCommands$lambda$11: Repeat 14 times metadata CommandMetadata(numberOfRuns=7, evaluatedCommand=MaestroCommand(repeatCommand=RepeatCommand(times=14, condition=null, commands=[MaestroCommand(tapOnPointV2Command=TapOnPointV2Command(point=50%,38%, retryIfNoChange=false, longPress=false, repeat=null, waitToSettleTimeoutMs=null, label=null, optional=true)), MaestroCommand(tapOnElementCommand=TapOnElementCommand(selector=ElementSelector(textRegex=Vérifier, idRegex=null, size=null, below=null, above=null, leftOf=null, rightOf=null, containsChild=null, containsDescendants=null, traits=null, index=null, enabled=null, optional=true, selected=null, checked=null, focused=null, childOf=null, css=null), retryIfNoChange=false, waitUntilVisible=false, longPress=false, repeat=null, waitToSettleTimeoutMs=null, relativePoint=null, label=null, optional=true)), MaestroCommand(waitForAnimationToEndCommand=WaitForAnimationToEndCommand(timeout=null, label=null, optional=false)), MaestroCommand(takeScreenshotCommand=TakeScreenshotCommand(path=shots/13-verdict, cropOn=null, label=null, optional=false)), MaestroCommand(tapOnElementCommand=TapOnElementCommand(selector=ElementSelector(textRegex=Continuer|Décision suivante|Voir le bilan, idRegex=null, size=null, below=null, above=null, leftOf=null, rightOf=null, containsChild=null, containsDescendants=null, traits=null, index=null, enabled=null, optional=true, selected=null, checked=null, focused=null, childOf=null, css=null), retryIfNoChange=false, waitUntilVisible=false, longPress=false, repeat=null, waitToSettleTimeoutMs=null, relativePoint=null, label=null, optional=true)), MaestroCommand(waitForAnimationToEndCommand=WaitForAnimationToEndCommand(timeout=null, label=null, optional=false))], label=null, optional=false)), logMessages=[], insight=Insight(message=, level=NONE), aiReasoning=null, labeledCommand=null)
08:34:23.696 [ INFO] maestro.cli.runner.MaestroCommandRunner.runCommands$lambda$10: Tap on point (50%,38%) PENDING
08:34:23.696 [ INFO] maestro.cli.runner.MaestroCommandRunner.runCommands$lambda$10: Tap on (Optional) "Vérifier" PENDING
08:34:23.696 [ INFO] maestro.cli.runner.MaestroCommandRunner.runCommands$lambda$10: Wait for animation to end PENDING
08:34:23.697 [ INFO] maestro.cli.runner.MaestroCommandRunner.runCommands$lambda$10: Take screenshot shots/13-verdict PENDING
08:34:23.697 [ INFO] maestro.cli.runner.MaestroCommandRunner.runCommands$lambda$10: Tap on (Optional) "Continuer|Décision suivante|Voir le bilan" PENDING
08:34:23.697 [ INFO] maestro.cli.runner.MaestroCommandRunner.runCommands$lambda$10: Wait for animation to end PENDING
08:34:23.697 [ INFO] maestro.cli.runner.MaestroCommandRunner.runCommands$lambda$0: Tap on point (50%,38%) RUNNING
08:34:23.697 [ INFO] maestro.cli.runner.MaestroCommandRunner.runCommands$lambda$11: Tap on point (50%,38%) metadata CommandMetadata(numberOfRuns=null, evaluatedCommand=MaestroCommand(tapOnPointV2Command=TapOnPointV2Command(point=50%,38%, retryIfNoChange=false, longPress=false, repeat=null, waitToSettleTimeoutMs=null, label=null, optional=true)), logMessages=[], insight=Insight(message=, level=NONE), aiReasoning=null, labeledCommand=null)
08:34:23.701 [ INFO] maestro.Maestro.hierarchyBasedTap-ogj28Uc: Tapping at (540, 912) using hierarchy based logic for wait
08:34:24.077 [ INFO] maestro.cli.runner.MaestroCommandRunner.runCommands$lambda$2: Tap on point (50%,38%) COMPLETED
08:34:24.077 [ INFO] maestro.cli.runner.MaestroCommandRunner.runCommands$lambda$0: Tap on (Optional) "Vérifier" RUNNING
08:34:24.077 [ INFO] maestro.cli.runner.MaestroCommandRunner.runCommands$lambda$11: Tap on (Optional) "Vérifier" metadata CommandMetadata(numberOfRuns=null, evaluatedCommand=MaestroCommand(tapOnElementCommand=TapOnElementCommand(selector=ElementSelector(textRegex=Vérifier, idRegex=null, size=null, below=null, above=null, leftOf=null, rightOf=null, containsChild=null, containsDescendants=null, traits=null, index=null, enabled=null, optional=true, selected=null, checked=null, focused=null, childOf=null, css=null), retryIfNoChange=false, waitUntilVisible=false, longPress=false, repeat=null, waitToSettleTimeoutMs=null, relativePoint=null, label=null, optional=true)), logMessages=[], insight=Insight(message=, level=NONE), aiReasoning=null, labeledCommand=null)
08:34:31.173 [ INFO] maestro.orchestra.Orchestra.executeSubflowCommands: [Command execution subflow] CommandWarned: Element not found: Text matching regex: Vérifier
08:34:31.173 [ INFO] maestro.cli.runner.MaestroCommandRunner.runCommands$lambda$11: Repeat 14 times metadata CommandMetadata(numberOfRuns=7, evaluatedCommand=MaestroCommand(repeatCommand=RepeatCommand(times=14, condition=null, commands=[MaestroCommand(tapOnPointV2Command=TapOnPointV2Command(point=50%,38%, retryIfNoChange=false, longPress=false, repeat=null, waitToSettleTimeoutMs=null, label=null, optional=true)), MaestroCommand(tapOnElementCommand=TapOnElementCommand(selector=ElementSelector(textRegex=Vérifier, idRegex=null, size=null, below=null, above=null, leftOf=null, rightOf=null, containsChild=null, containsDescendants=null, traits=null, index=null, enabled=null, optional=true, selected=null, checked=null, focused=null, childOf=null, css=null), retryIfNoChange=false, waitUntilVisible=false, longPress=false, repeat=null, waitToSettleTimeoutMs=null, relativePoint=null, label=null, optional=true)), MaestroCommand(waitForAnimationToEndCommand=WaitForAnimationToEndCommand(timeout=null, label=null, optional=false)), MaestroCommand(takeScreenshotCommand=TakeScreenshotCommand(path=shots/13-verdict, cropOn=null, label=null, optional=false)), MaestroCommand(tapOnElementCommand=TapOnElementCommand(selector=ElementSelector(textRegex=Continuer|Décision suivante|Voir le bilan, idRegex=null, size=null, below=null, above=null, leftOf=null, rightOf=null, containsChild=null, containsDescendants=null, traits=null, index=null, enabled=null, optional=true, selected=null, checked=null, focused=null, childOf=null, css=null), retryIfNoChange=false, waitUntilVisible=false, longPress=false, repeat=null, waitToSettleTimeoutMs=null, relativePoint=null, label=null, optional=true)), MaestroCommand(waitForAnimationToEndCommand=WaitForAnimationToEndCommand(timeout=null, label=null, optional=false))], label=null, optional=false)), logMessages=[], insight=Insight(message=Element not found: Text matching regex: Vérifier, level=WARNING), aiReasoning=null, labeledCommand=null)
08:34:31.274 [ INFO] maestro.Maestro.takeScreenshot: Taking screenshot
08:34:31.274 [TRACE] maestro.utils.ScreenshotUtils.takeScreenshot: Taking screenshot to output sink
08:34:32.128 [ INFO] maestro.cli.runner.MaestroCommandRunner.runCommands$lambda$6: Tap on (Optional) "Vérifier" WARNED
08:34:32.129 [ INFO] maestro.cli.runner.MaestroCommandRunner.runCommands$lambda$0: Wait for animation to end RUNNING
08:34:32.129 [ INFO] maestro.cli.runner.MaestroCommandRunner.runCommands$lambda$11: Wait for animation to end metadata CommandMetadata(numberOfRuns=null, evaluatedCommand=MaestroCommand(waitForAnimationToEndCommand=WaitForAnimationToEndCommand(timeout=null, label=null, optional=false)), logMessages=[], insight=Insight(message=, level=NONE), aiReasoning=null, labeledCommand=null)
08:34:32.129 [ INFO] maestro.Maestro.waitForAnimationToEnd$lambda$53: Waiting for animation to end with timeout 15000
08:34:32.129 [TRACE] maestro.utils.ScreenshotUtils.takeScreenshot: Taking screenshot to byte array
08:34:32.129 [TRACE] maestro.utils.ScreenshotUtils.takeScreenshot: Taking screenshot to output sink
08:34:32.970 [TRACE] maestro.utils.ScreenshotUtils.takeScreenshot: Taking screenshot to byte array
08:34:32.970 [TRACE] maestro.utils.ScreenshotUtils.takeScreenshot: Taking screenshot to output sink
08:34:33.966 [ INFO] maestro.cli.runner.MaestroCommandRunner.runCommands$lambda$2: Wait for animation to end COMPLETED
08:34:33.966 [ INFO] maestro.cli.runner.MaestroCommandRunner.runCommands$lambda$0: Take screenshot shots/13-verdict RUNNING
08:34:33.966 [ INFO] maestro.cli.runner.MaestroCommandRunner.runCommands$lambda$11: Take screenshot shots/13-verdict metadata CommandMetadata(numberOfRuns=null, evaluatedCommand=MaestroCommand(takeScreenshotCommand=TakeScreenshotCommand(path=shots/13-verdict, cropOn=null, label=null, optional=false)), logMessages=[], insight=Insight(message=, level=NONE), aiReasoning=null, labeledCommand=null)
08:34:33.967 [ INFO] maestro.Maestro.takeScreenshot: Taking screenshot
08:34:33.967 [TRACE] maestro.utils.ScreenshotUtils.takeScreenshot: Taking screenshot to output sink
08:34:34.695 [ INFO] maestro.cli.runner.MaestroCommandRunner.runCommands$lambda$2: Take screenshot shots/13-verdict COMPLETED
08:34:34.695 [ INFO] maestro.cli.runner.MaestroCommandRunner.runCommands$lambda$0: Tap on (Optional) "Continuer|Décision suivante|Voir le bilan" RUNNING
08:34:34.695 [ INFO] maestro.cli.runner.MaestroCommandRunner.runCommands$lambda$11: Tap on (Optional) "Continuer|Décision suivante|Voir le bilan" metadata CommandMetadata(numberOfRuns=null, evaluatedCommand=MaestroCommand(tapOnElementCommand=TapOnElementCommand(selector=ElementSelector(textRegex=Continuer|Décision suivante|Voir le bilan, idRegex=null, size=null, below=null, above=null, leftOf=null, rightOf=null, containsChild=null, containsDescendants=null, traits=null, index=null, enabled=null, optional=true, selected=null, checked=null, focused=null, childOf=null, css=null), retryIfNoChange=false, waitUntilVisible=false, longPress=false, repeat=null, waitToSettleTimeoutMs=null, relativePoint=null, label=null, optional=true)), logMessages=[], insight=Insight(message=, level=NONE), aiReasoning=null, labeledCommand=null)
08:34:41.032 [ INFO] maestro.orchestra.Orchestra.executeSubflowCommands: [Command execution subflow] CommandWarned: Element not found: Text matching regex: Continuer|Décision suivante|Voir le bilan
08:34:41.033 [ INFO] maestro.cli.runner.MaestroCommandRunner.runCommands$lambda$11: Repeat 14 times metadata CommandMetadata(numberOfRuns=7, evaluatedCommand=MaestroCommand(repeatCommand=RepeatCommand(times=14, condition=null, commands=[MaestroCommand(tapOnPointV2Command=TapOnPointV2Command(point=50%,38%, retryIfNoChange=false, longPress=false, repeat=null, waitToSettleTimeoutMs=null, label=null, optional=true)), MaestroCommand(tapOnElementCommand=TapOnElementCommand(selector=ElementSelector(textRegex=Vérifier, idRegex=null, size=null, below=null, above=null, leftOf=null, rightOf=null, containsChild=null, containsDescendants=null, traits=null, index=null, enabled=null, optional=true, selected=null, checked=null, focused=null, childOf=null, css=null), retryIfNoChange=false, waitUntilVisible=false, longPress=false, repeat=null, waitToSettleTimeoutMs=null, relativePoint=null, label=null, optional=true)), MaestroCommand(waitForAnimationToEndCommand=WaitForAnimationToEndCommand(timeout=null, label=null, optional=false)), MaestroCommand(takeScreenshotCommand=TakeScreenshotCommand(path=shots/13-verdict, cropOn=null, label=null, optional=false)), MaestroCommand(tapOnElementCommand=TapOnElementCommand(selector=ElementSelector(textRegex=Continuer|Décision suivante|Voir le bilan, idRegex=null, size=null, below=null, above=null, leftOf=null, rightOf=null, containsChild=null, containsDescendants=null, traits=null, index=null, enabled=null, optional=true, selected=null, checked=null, focused=null, childOf=null, css=null), retryIfNoChange=false, waitUntilVisible=false, longPress=false, repeat=null, waitToSettleTimeoutMs=null, relativePoint=null, label=null, optional=true)), MaestroCommand(waitForAnimationToEndCommand=WaitForAnimationToEndCommand(timeout=null, label=null, optional=false))], label=null, optional=false)), logMessages=[], insight=Insight(message=Element not found: Text matching regex: Continuer|Décision suivante|Voir le bilan, level=WARNING), aiReasoning=null, labeledCommand=null)
08:34:41.134 [ INFO] maestro.Maestro.takeScreenshot: Taking screenshot
08:34:41.134 [TRACE] maestro.utils.ScreenshotUtils.takeScreenshot: Taking screenshot to output sink
08:34:41.905 [ INFO] maestro.cli.runner.MaestroCommandRunner.runCommands$lambda$6: Tap on (Optional) "Continuer|Décision suivante|Voir le bilan" WARNED
08:34:41.905 [ INFO] maestro.cli.runner.MaestroCommandRunner.runCommands$lambda$0: Wait for animation to end RUNNING
08:34:41.906 [ INFO] maestro.cli.runner.MaestroCommandRunner.runCommands$lambda$11: Wait for animation to end metadata CommandMetadata(numberOfRuns=null, evaluatedCommand=MaestroCommand(waitForAnimationToEndCommand=WaitForAnimationToEndCommand(timeout=null, label=null, optional=false)), logMessages=[], insight=Insight(message=, level=NONE), aiReasoning=null, labeledCommand=null)
08:34:41.906 [ INFO] maestro.Maestro.waitForAnimationToEnd$lambda$53: Waiting for animation to end with timeout 15000
08:34:41.906 [TRACE] maestro.utils.ScreenshotUtils.takeScreenshot: Taking screenshot to byte array
08:34:41.906 [TRACE] maestro.utils.ScreenshotUtils.takeScreenshot: Taking screenshot to output sink
08:34:42.748 [TRACE] maestro.utils.ScreenshotUtils.takeScreenshot: Taking screenshot to byte array
08:34:42.748 [TRACE] maestro.utils.ScreenshotUtils.takeScreenshot: Taking screenshot to output sink
08:34:43.736 [ INFO] maestro.cli.runner.MaestroCommandRunner.runCommands$lambda$2: Wait for animation to end COMPLETED
08:34:43.736 [ INFO] maestro.cli.runner.MaestroCommandRunner.runCommands$lambda$11: Repeat 14 times metadata CommandMetadata(numberOfRuns=8, evaluatedCommand=MaestroCommand(repeatCommand=RepeatCommand(times=14, condition=null, commands=[MaestroCommand(tapOnPointV2Command=TapOnPointV2Command(point=50%,38%, retryIfNoChange=false, longPress=false, repeat=null, waitToSettleTimeoutMs=null, label=null, optional=true)), MaestroCommand(tapOnElementCommand=TapOnElementCommand(selector=ElementSelector(textRegex=Vérifier, idRegex=null, size=null, below=null, above=null, leftOf=null, rightOf=null, containsChild=null, containsDescendants=null, traits=null, index=null, enabled=null, optional=true, selected=null, checked=null, focused=null, childOf=null, css=null), retryIfNoChange=false, waitUntilVisible=false, longPress=false, repeat=null, waitToSettleTimeoutMs=null, relativePoint=null, label=null, optional=true)), MaestroCommand(waitForAnimationToEndCommand=WaitForAnimationToEndCommand(timeout=null, label=null, optional=false)), MaestroCommand(takeScreenshotCommand=TakeScreenshotCommand(path=shots/13-verdict, cropOn=null, label=null, optional=false)), MaestroCommand(tapOnElementCommand=TapOnElementCommand(selector=ElementSelector(textRegex=Continuer|Décision suivante|Voir le bilan, idRegex=null, size=null, below=null, above=null, leftOf=null, rightOf=null, containsChild=null, containsDescendants=null, traits=null, index=null, enabled=null, optional=true, selected=null, checked=null, focused=null, childOf=null, css=null), retryIfNoChange=false, waitUntilVisible=false, longPress=false, repeat=null, waitToSettleTimeoutMs=null, relativePoint=null, label=null, optional=true)), MaestroCommand(waitForAnimationToEndCommand=WaitForAnimationToEndCommand(timeout=null, label=null, optional=false))], label=null, optional=false)), logMessages=[], insight=Insight(message=, level=NONE), aiReasoning=null, labeledCommand=null)
08:34:43.736 [ INFO] maestro.cli.runner.MaestroCommandRunner.runCommands$lambda$10: Tap on point (50%,38%) PENDING
08:34:43.736 [ INFO] maestro.cli.runner.MaestroCommandRunner.runCommands$lambda$10: Tap on (Optional) "Vérifier" PENDING
08:34:43.736 [ INFO] maestro.cli.runner.MaestroCommandRunner.runCommands$lambda$10: Wait for animation to end PENDING
08:34:43.737 [ INFO] maestro.cli.runner.MaestroCommandRunner.runCommands$lambda$10: Take screenshot shots/13-verdict PENDING
08:34:43.737 [ INFO] maestro.cli.runner.MaestroCommandRunner.runCommands$lambda$10: Tap on (Optional) "Continuer|Décision suivante|Voir le bilan" PENDING
08:34:43.737 [ INFO] maestro.cli.runner.MaestroCommandRunner.runCommands$lambda$10: Wait for animation to end PENDING
08:34:43.737 [ INFO] maestro.cli.runner.MaestroCommandRunner.runCommands$lambda$0: Tap on point (50%,38%) RUNNING
08:34:43.737 [ INFO] maestro.cli.runner.MaestroCommandRunner.runCommands$lambda$11: Tap on point (50%,38%) metadata CommandMetadata(numberOfRuns=null, evaluatedCommand=MaestroCommand(tapOnPointV2Command=TapOnPointV2Command(point=50%,38%, retryIfNoChange=false, longPress=false, repeat=null, waitToSettleTimeoutMs=null, label=null, optional=true)), logMessages=[], insight=Insight(message=, level=NONE), aiReasoning=null, labeledCommand=null)
08:34:43.741 [ INFO] maestro.Maestro.hierarchyBasedTap-ogj28Uc: Tapping at (540, 912) using hierarchy based logic for wait
08:34:44.095 [ INFO] maestro.cli.runner.MaestroCommandRunner.runCommands$lambda$2: Tap on point (50%,38%) COMPLETED
08:34:44.095 [ INFO] maestro.cli.runner.MaestroCommandRunner.runCommands$lambda$0: Tap on (Optional) "Vérifier" RUNNING
08:34:44.095 [ INFO] maestro.cli.runner.MaestroCommandRunner.runCommands$lambda$11: Tap on (Optional) "Vérifier" metadata CommandMetadata(numberOfRuns=null, evaluatedCommand=MaestroCommand(tapOnElementCommand=TapOnElementCommand(selector=ElementSelector(textRegex=Vérifier, idRegex=null, size=null, below=null, above=null, leftOf=null, rightOf=null, containsChild=null, containsDescendants=null, traits=null, index=null, enabled=null, optional=true, selected=null, checked=null, focused=null, childOf=null, css=null), retryIfNoChange=false, waitUntilVisible=false, longPress=false, repeat=null, waitToSettleTimeoutMs=null, relativePoint=null, label=null, optional=true)), logMessages=[], insight=Insight(message=, level=NONE), aiReasoning=null, labeledCommand=null)
08:34:51.333 [ INFO] maestro.orchestra.Orchestra.executeSubflowCommands: [Command execution subflow] CommandWarned: Element not found: Text matching regex: Vérifier
08:34:51.333 [ INFO] maestro.cli.runner.MaestroCommandRunner.runCommands$lambda$11: Repeat 14 times metadata CommandMetadata(numberOfRuns=8, evaluatedCommand=MaestroCommand(repeatCommand=RepeatCommand(times=14, condition=null, commands=[MaestroCommand(tapOnPointV2Command=TapOnPointV2Command(point=50%,38%, retryIfNoChange=false, longPress=false, repeat=null, waitToSettleTimeoutMs=null, label=null, optional=true)), MaestroCommand(tapOnElementCommand=TapOnElementCommand(selector=ElementSelector(textRegex=Vérifier, idRegex=null, size=null, below=null, above=null, leftOf=null, rightOf=null, containsChild=null, containsDescendants=null, traits=null, index=null, enabled=null, optional=true, selected=null, checked=null, focused=null, childOf=null, css=null), retryIfNoChange=false, waitUntilVisible=false, longPress=false, repeat=null, waitToSettleTimeoutMs=null, relativePoint=null, label=null, optional=true)), MaestroCommand(waitForAnimationToEndCommand=WaitForAnimationToEndCommand(timeout=null, label=null, optional=false)), MaestroCommand(takeScreenshotCommand=TakeScreenshotCommand(path=shots/13-verdict, cropOn=null, label=null, optional=false)), MaestroCommand(tapOnElementCommand=TapOnElementCommand(selector=ElementSelector(textRegex=Continuer|Décision suivante|Voir le bilan, idRegex=null, size=null, below=null, above=null, leftOf=null, rightOf=null, containsChild=null, containsDescendants=null, traits=null, index=null, enabled=null, optional=true, selected=null, checked=null, focused=null, childOf=null, css=null), retryIfNoChange=false, waitUntilVisible=false, longPress=false, repeat=null, waitToSettleTimeoutMs=null, relativePoint=null, label=null, optional=true)), MaestroCommand(waitForAnimationToEndCommand=WaitForAnimationToEndCommand(timeout=null, label=null, optional=false))], label=null, optional=false)), logMessages=[], insight=Insight(message=Element not found: Text matching regex: Vérifier, level=WARNING), aiReasoning=null, labeledCommand=null)
08:34:51.359 [ INFO] maestro.Maestro.takeScreenshot: Taking screenshot
08:34:51.359 [TRACE] maestro.utils.ScreenshotUtils.takeScreenshot: Taking screenshot to output sink
08:34:52.174 [ INFO] maestro.cli.runner.MaestroCommandRunner.runCommands$lambda$6: Tap on (Optional) "Vérifier" WARNED
08:34:52.175 [ INFO] maestro.cli.runner.MaestroCommandRunner.runCommands$lambda$0: Wait for animation to end RUNNING
08:34:52.175 [ INFO] maestro.cli.runner.MaestroCommandRunner.runCommands$lambda$11: Wait for animation to end metadata CommandMetadata(numberOfRuns=null, evaluatedCommand=MaestroCommand(waitForAnimationToEndCommand=WaitForAnimationToEndCommand(timeout=null, label=null, optional=false)), logMessages=[], insight=Insight(message=, level=NONE), aiReasoning=null, labeledCommand=null)
08:34:52.175 [ INFO] maestro.Maestro.waitForAnimationToEnd$lambda$53: Waiting for animation to end with timeout 15000
08:34:52.175 [TRACE] maestro.utils.ScreenshotUtils.takeScreenshot: Taking screenshot to byte array
08:34:52.175 [TRACE] maestro.utils.ScreenshotUtils.takeScreenshot: Taking screenshot to output sink
08:34:53.070 [TRACE] maestro.utils.ScreenshotUtils.takeScreenshot: Taking screenshot to byte array
08:34:53.070 [TRACE] maestro.utils.ScreenshotUtils.takeScreenshot: Taking screenshot to output sink
08:34:54.079 [ INFO] maestro.cli.runner.MaestroCommandRunner.runCommands$lambda$2: Wait for animation to end COMPLETED
08:34:54.080 [ INFO] maestro.cli.runner.MaestroCommandRunner.runCommands$lambda$0: Take screenshot shots/13-verdict RUNNING
08:34:54.080 [ INFO] maestro.cli.runner.MaestroCommandRunner.runCommands$lambda$11: Take screenshot shots/13-verdict metadata CommandMetadata(numberOfRuns=null, evaluatedCommand=MaestroCommand(takeScreenshotCommand=TakeScreenshotCommand(path=shots/13-verdict, cropOn=null, label=null, optional=false)), logMessages=[], insight=Insight(message=, level=NONE), aiReasoning=null, labeledCommand=null)
08:34:54.081 [ INFO] maestro.Maestro.takeScreenshot: Taking screenshot
08:34:54.081 [TRACE] maestro.utils.ScreenshotUtils.takeScreenshot: Taking screenshot to output sink
08:34:54.811 [ INFO] maestro.cli.runner.MaestroCommandRunner.runCommands$lambda$2: Take screenshot shots/13-verdict COMPLETED
08:34:54.811 [ INFO] maestro.cli.runner.MaestroCommandRunner.runCommands$lambda$0: Tap on (Optional) "Continuer|Décision suivante|Voir le bilan" RUNNING
08:34:54.811 [ INFO] maestro.cli.runner.MaestroCommandRunner.runCommands$lambda$11: Tap on (Optional) "Continuer|Décision suivante|Voir le bilan" metadata CommandMetadata(numberOfRuns=null, evaluatedCommand=MaestroCommand(tapOnElementCommand=TapOnElementCommand(selector=ElementSelector(textRegex=Continuer|Décision suivante|Voir le bilan, idRegex=null, size=null, below=null, above=null, leftOf=null, rightOf=null, containsChild=null, containsDescendants=null, traits=null, index=null, enabled=null, optional=true, selected=null, checked=null, focused=null, childOf=null, css=null), retryIfNoChange=false, waitUntilVisible=false, longPress=false, repeat=null, waitToSettleTimeoutMs=null, relativePoint=null, label=null, optional=true)), logMessages=[], insight=Insight(message=, level=NONE), aiReasoning=null, labeledCommand=null)
08:35:01.261 [ INFO] maestro.orchestra.Orchestra.executeSubflowCommands: [Command execution subflow] CommandWarned: Element not found: Text matching regex: Continuer|Décision suivante|Voir le bilan
08:35:01.261 [ INFO] maestro.cli.runner.MaestroCommandRunner.runCommands$lambda$11: Repeat 14 times metadata CommandMetadata(numberOfRuns=8, evaluatedCommand=MaestroCommand(repeatCommand=RepeatCommand(times=14, condition=null, commands=[MaestroCommand(tapOnPointV2Command=TapOnPointV2Command(point=50%,38%, retryIfNoChange=false, longPress=false, repeat=null, waitToSettleTimeoutMs=null, label=null, optional=true)), MaestroCommand(tapOnElementCommand=TapOnElementCommand(selector=ElementSelector(textRegex=Vérifier, idRegex=null, size=null, below=null, above=null, leftOf=null, rightOf=null, containsChild=null, containsDescendants=null, traits=null, index=null, enabled=null, optional=true, selected=null, checked=null, focused=null, childOf=null, css=null), retryIfNoChange=false, waitUntilVisible=false, longPress=false, repeat=null, waitToSettleTimeoutMs=null, relativePoint=null, label=null, optional=true)), MaestroCommand(waitForAnimationToEndCommand=WaitForAnimationToEndCommand(timeout=null, label=null, optional=false)), MaestroCommand(takeScreenshotCommand=TakeScreenshotCommand(path=shots/13-verdict, cropOn=null, label=null, optional=false)), MaestroCommand(tapOnElementCommand=TapOnElementCommand(selector=ElementSelector(textRegex=Continuer|Décision suivante|Voir le bilan, idRegex=null, size=null, below=null, above=null, leftOf=null, rightOf=null, containsChild=null, containsDescendants=null, traits=null, index=null, enabled=null, optional=true, selected=null, checked=null, focused=null, childOf=null, css=null), retryIfNoChange=false, waitUntilVisible=false, longPress=false, repeat=null, waitToSettleTimeoutMs=null, relativePoint=null, label=null, optional=true)), MaestroCommand(waitForAnimationToEndCommand=WaitForAnimationToEndCommand(timeout=null, label=null, optional=false))], label=null, optional=false)), logMessages=[], insight=Insight(message=Element not found: Text matching regex: Continuer|Décision suivante|Voir le bilan, level=WARNING), aiReasoning=null, labeledCommand=null)
08:35:01.381 [ INFO] maestro.Maestro.takeScreenshot: Taking screenshot
08:35:01.382 [TRACE] maestro.utils.ScreenshotUtils.takeScreenshot: Taking screenshot to output sink
08:35:02.201 [ INFO] maestro.cli.runner.MaestroCommandRunner.runCommands$lambda$6: Tap on (Optional) "Continuer|Décision suivante|Voir le bilan" WARNED
08:35:02.201 [ INFO] maestro.cli.runner.MaestroCommandRunner.runCommands$lambda$0: Wait for animation to end RUNNING
08:35:02.201 [ INFO] maestro.cli.runner.MaestroCommandRunner.runCommands$lambda$11: Wait for animation to end metadata CommandMetadata(numberOfRuns=null, evaluatedCommand=MaestroCommand(waitForAnimationToEndCommand=WaitForAnimationToEndCommand(timeout=null, label=null, optional=false)), logMessages=[], insight=Insight(message=, level=NONE), aiReasoning=null, labeledCommand=null)
08:35:02.202 [ INFO] maestro.Maestro.waitForAnimationToEnd$lambda$53: Waiting for animation to end with timeout 15000
08:35:02.202 [TRACE] maestro.utils.ScreenshotUtils.takeScreenshot: Taking screenshot to byte array
08:35:02.202 [TRACE] maestro.utils.ScreenshotUtils.takeScreenshot: Taking screenshot to output sink
08:35:03.089 [TRACE] maestro.utils.ScreenshotUtils.takeScreenshot: Taking screenshot to byte array
08:35:03.089 [TRACE] maestro.utils.ScreenshotUtils.takeScreenshot: Taking screenshot to output sink
08:35:04.137 [ INFO] maestro.cli.runner.MaestroCommandRunner.runCommands$lambda$2: Wait for animation to end COMPLETED
08:35:04.138 [ INFO] maestro.cli.runner.MaestroCommandRunner.runCommands$lambda$11: Repeat 14 times metadata CommandMetadata(numberOfRuns=9, evaluatedCommand=MaestroCommand(repeatCommand=RepeatCommand(times=14, condition=null, commands=[MaestroCommand(tapOnPointV2Command=TapOnPointV2Command(point=50%,38%, retryIfNoChange=false, longPress=false, repeat=null, waitToSettleTimeoutMs=null, label=null, optional=true)), MaestroCommand(tapOnElementCommand=TapOnElementCommand(selector=ElementSelector(textRegex=Vérifier, idRegex=null, size=null, below=null, above=null, leftOf=null, rightOf=null, containsChild=null, containsDescendants=null, traits=null, index=null, enabled=null, optional=true, selected=null, checked=null, focused=null, childOf=null, css=null), retryIfNoChange=false, waitUntilVisible=false, longPress=false, repeat=null, waitToSettleTimeoutMs=null, relativePoint=null, label=null, optional=true)), MaestroCommand(waitForAnimationToEndCommand=WaitForAnimationToEndCommand(timeout=null, label=null, optional=false)), MaestroCommand(takeScreenshotCommand=TakeScreenshotCommand(path=shots/13-verdict, cropOn=null, label=null, optional=false)), MaestroCommand(tapOnElementCommand=TapOnElementCommand(selector=ElementSelector(textRegex=Continuer|Décision suivante|Voir le bilan, idRegex=null, size=null, below=null, above=null, leftOf=null, rightOf=null, containsChild=null, containsDescendants=null, traits=null, index=null, enabled=null, optional=true, selected=null, checked=null, focused=null, childOf=null, css=null), retryIfNoChange=false, waitUntilVisible=false, longPress=false, repeat=null, waitToSettleTimeoutMs=null, relativePoint=null, label=null, optional=true)), MaestroCommand(waitForAnimationToEndCommand=WaitForAnimationToEndCommand(timeout=null, label=null, optional=false))], label=null, optional=false)), logMessages=[], insight=Insight(message=, level=NONE), aiReasoning=null, labeledCommand=null)
08:35:04.138 [ INFO] maestro.cli.runner.MaestroCommandRunner.runCommands$lambda$10: Tap on point (50%,38%) PENDING
08:35:04.138 [ INFO] maestro.cli.runner.MaestroCommandRunner.runCommands$lambda$10: Tap on (Optional) "Vérifier" PENDING
08:35:04.138 [ INFO] maestro.cli.runner.MaestroCommandRunner.runCommands$lambda$10: Wait for animation to end PENDING
08:35:04.138 [ INFO] maestro.cli.runner.MaestroCommandRunner.runCommands$lambda$10: Take screenshot shots/13-verdict PENDING
08:35:04.138 [ INFO] maestro.cli.runner.MaestroCommandRunner.runCommands$lambda$10: Tap on (Optional) "Continuer|Décision suivante|Voir le bilan" PENDING
08:35:04.138 [ INFO] maestro.cli.runner.MaestroCommandRunner.runCommands$lambda$10: Wait for animation to end PENDING
08:35:04.138 [ INFO] maestro.cli.runner.MaestroCommandRunner.runCommands$lambda$0: Tap on point (50%,38%) RUNNING
08:35:04.138 [ INFO] maestro.cli.runner.MaestroCommandRunner.runCommands$lambda$11: Tap on point (50%,38%) metadata CommandMetadata(numberOfRuns=null, evaluatedCommand=MaestroCommand(tapOnPointV2Command=TapOnPointV2Command(point=50%,38%, retryIfNoChange=false, longPress=false, repeat=null, waitToSettleTimeoutMs=null, label=null, optional=true)), logMessages=[], insight=Insight(message=, level=NONE), aiReasoning=null, labeledCommand=null)
08:35:04.143 [ INFO] maestro.Maestro.hierarchyBasedTap-ogj28Uc: Tapping at (540, 912) using hierarchy based logic for wait
08:35:04.549 [ INFO] maestro.cli.runner.MaestroCommandRunner.runCommands$lambda$2: Tap on point (50%,38%) COMPLETED
08:35:04.549 [ INFO] maestro.cli.runner.MaestroCommandRunner.runCommands$lambda$0: Tap on (Optional) "Vérifier" RUNNING
08:35:04.549 [ INFO] maestro.cli.runner.MaestroCommandRunner.runCommands$lambda$11: Tap on (Optional) "Vérifier" metadata CommandMetadata(numberOfRuns=null, evaluatedCommand=MaestroCommand(tapOnElementCommand=TapOnElementCommand(selector=ElementSelector(textRegex=Vérifier, idRegex=null, size=null, below=null, above=null, leftOf=null, rightOf=null, containsChild=null, containsDescendants=null, traits=null, index=null, enabled=null, optional=true, selected=null, checked=null, focused=null, childOf=null, css=null), retryIfNoChange=false, waitUntilVisible=false, longPress=false, repeat=null, waitToSettleTimeoutMs=null, relativePoint=null, label=null, optional=true)), logMessages=[], insight=Insight(message=, level=NONE), aiReasoning=null, labeledCommand=null)
08:35:11.732 [ INFO] maestro.orchestra.Orchestra.executeSubflowCommands: [Command execution subflow] CommandWarned: Element not found: Text matching regex: Vérifier
08:35:11.732 [ INFO] maestro.cli.runner.MaestroCommandRunner.runCommands$lambda$11: Repeat 14 times metadata CommandMetadata(numberOfRuns=9, evaluatedCommand=MaestroCommand(repeatCommand=RepeatCommand(times=14, condition=null, commands=[MaestroCommand(tapOnPointV2Command=TapOnPointV2Command(point=50%,38%, retryIfNoChange=false, longPress=false, repeat=null, waitToSettleTimeoutMs=null, label=null, optional=true)), MaestroCommand(tapOnElementCommand=TapOnElementCommand(selector=ElementSelector(textRegex=Vérifier, idRegex=null, size=null, below=null, above=null, leftOf=null, rightOf=null, containsChild=null, containsDescendants=null, traits=null, index=null, enabled=null, optional=true, selected=null, checked=null, focused=null, childOf=null, css=null), retryIfNoChange=false, waitUntilVisible=false, longPress=false, repeat=null, waitToSettleTimeoutMs=null, relativePoint=null, label=null, optional=true)), MaestroCommand(waitForAnimationToEndCommand=WaitForAnimationToEndCommand(timeout=null, label=null, optional=false)), MaestroCommand(takeScreenshotCommand=TakeScreenshotCommand(path=shots/13-verdict, cropOn=null, label=null, optional=false)), MaestroCommand(tapOnElementCommand=TapOnElementCommand(selector=ElementSelector(textRegex=Continuer|Décision suivante|Voir le bilan, idRegex=null, size=null, below=null, above=null, leftOf=null, rightOf=null, containsChild=null, containsDescendants=null, traits=null, index=null, enabled=null, optional=true, selected=null, checked=null, focused=null, childOf=null, css=null), retryIfNoChange=false, waitUntilVisible=false, longPress=false, repeat=null, waitToSettleTimeoutMs=null, relativePoint=null, label=null, optional=true)), MaestroCommand(waitForAnimationToEndCommand=WaitForAnimationToEndCommand(timeout=null, label=null, optional=false))], label=null, optional=false)), logMessages=[], insight=Insight(message=Element not found: Text matching regex: Vérifier, level=WARNING), aiReasoning=null, labeledCommand=null)
08:35:11.797 [ INFO] maestro.Maestro.takeScreenshot: Taking screenshot
08:35:11.798 [TRACE] maestro.utils.ScreenshotUtils.takeScreenshot: Taking screenshot to output sink
08:35:12.569 [ INFO] maestro.cli.runner.MaestroCommandRunner.runCommands$lambda$6: Tap on (Optional) "Vérifier" WARNED
08:35:12.570 [ INFO] maestro.cli.runner.MaestroCommandRunner.runCommands$lambda$0: Wait for animation to end RUNNING
08:35:12.570 [ INFO] maestro.cli.runner.MaestroCommandRunner.runCommands$lambda$11: Wait for animation to end metadata CommandMetadata(numberOfRuns=null, evaluatedCommand=MaestroCommand(waitForAnimationToEndCommand=WaitForAnimationToEndCommand(timeout=null, label=null, optional=false)), logMessages=[], insight=Insight(message=, level=NONE), aiReasoning=null, labeledCommand=null)
08:35:12.570 [ INFO] maestro.Maestro.waitForAnimationToEnd$lambda$53: Waiting for animation to end with timeout 15000
08:35:12.570 [TRACE] maestro.utils.ScreenshotUtils.takeScreenshot: Taking screenshot to byte array
08:35:12.570 [TRACE] maestro.utils.ScreenshotUtils.takeScreenshot: Taking screenshot to output sink
08:35:13.457 [TRACE] maestro.utils.ScreenshotUtils.takeScreenshot: Taking screenshot to byte array
08:35:13.457 [TRACE] maestro.utils.ScreenshotUtils.takeScreenshot: Taking screenshot to output sink
08:35:14.445 [ INFO] maestro.cli.runner.MaestroCommandRunner.runCommands$lambda$2: Wait for animation to end COMPLETED
08:35:14.445 [ INFO] maestro.cli.runner.MaestroCommandRunner.runCommands$lambda$0: Take screenshot shots/13-verdict RUNNING
08:35:14.445 [ INFO] maestro.cli.runner.MaestroCommandRunner.runCommands$lambda$11: Take screenshot shots/13-verdict metadata CommandMetadata(numberOfRuns=null, evaluatedCommand=MaestroCommand(takeScreenshotCommand=TakeScreenshotCommand(path=shots/13-verdict, cropOn=null, label=null, optional=false)), logMessages=[], insight=Insight(message=, level=NONE), aiReasoning=null, labeledCommand=null)
08:35:14.446 [ INFO] maestro.Maestro.takeScreenshot: Taking screenshot
08:35:14.446 [TRACE] maestro.utils.ScreenshotUtils.takeScreenshot: Taking screenshot to output sink
08:35:15.203 [ INFO] maestro.cli.runner.MaestroCommandRunner.runCommands$lambda$2: Take screenshot shots/13-verdict COMPLETED
08:35:15.203 [ INFO] maestro.cli.runner.MaestroCommandRunner.runCommands$lambda$0: Tap on (Optional) "Continuer|Décision suivante|Voir le bilan" RUNNING
08:35:15.203 [ INFO] maestro.cli.runner.MaestroCommandRunner.runCommands$lambda$11: Tap on (Optional) "Continuer|Décision suivante|Voir le bilan" metadata CommandMetadata(numberOfRuns=null, evaluatedCommand=MaestroCommand(tapOnElementCommand=TapOnElementCommand(selector=ElementSelector(textRegex=Continuer|Décision suivante|Voir le bilan, idRegex=null, size=null, below=null, above=null, leftOf=null, rightOf=null, containsChild=null, containsDescendants=null, traits=null, index=null, enabled=null, optional=true, selected=null, checked=null, focused=null, childOf=null, css=null), retryIfNoChange=false, waitUntilVisible=false, longPress=false, repeat=null, waitToSettleTimeoutMs=null, relativePoint=null, label=null, optional=true)), logMessages=[], insight=Insight(message=, level=NONE), aiReasoning=null, labeledCommand=null)
08:35:21.508 [ INFO] maestro.orchestra.Orchestra.executeSubflowCommands: [Command execution subflow] CommandWarned: Element not found: Text matching regex: Continuer|Décision suivante|Voir le bilan
08:35:21.508 [ INFO] maestro.cli.runner.MaestroCommandRunner.runCommands$lambda$11: Repeat 14 times metadata CommandMetadata(numberOfRuns=9, evaluatedCommand=MaestroCommand(repeatCommand=RepeatCommand(times=14, condition=null, commands=[MaestroCommand(tapOnPointV2Command=TapOnPointV2Command(point=50%,38%, retryIfNoChange=false, longPress=false, repeat=null, waitToSettleTimeoutMs=null, label=null, optional=true)), MaestroCommand(tapOnElementCommand=TapOnElementCommand(selector=ElementSelector(textRegex=Vérifier, idRegex=null, size=null, below=null, above=null, leftOf=null, rightOf=null, containsChild=null, containsDescendants=null, traits=null, index=null, enabled=null, optional=true, selected=null, checked=null, focused=null, childOf=null, css=null), retryIfNoChange=false, waitUntilVisible=false, longPress=false, repeat=null, waitToSettleTimeoutMs=null, relativePoint=null, label=null, optional=true)), MaestroCommand(waitForAnimationToEndCommand=WaitForAnimationToEndCommand(timeout=null, label=null, optional=false)), MaestroCommand(takeScreenshotCommand=TakeScreenshotCommand(path=shots/13-verdict, cropOn=null, label=null, optional=false)), MaestroCommand(tapOnElementCommand=TapOnElementCommand(selector=ElementSelector(textRegex=Continuer|Décision suivante|Voir le bilan, idRegex=null, size=null, below=null, above=null, leftOf=null, rightOf=null, containsChild=null, containsDescendants=null, traits=null, index=null, enabled=null, optional=true, selected=null, checked=null, focused=null, childOf=null, css=null), retryIfNoChange=false, waitUntilVisible=false, longPress=false, repeat=null, waitToSettleTimeoutMs=null, relativePoint=null, label=null, optional=true)), MaestroCommand(waitForAnimationToEndCommand=WaitForAnimationToEndCommand(timeout=null, label=null, optional=false))], label=null, optional=false)), logMessages=[], insight=Insight(message=Element not found: Text matching regex: Continuer|Décision suivante|Voir le bilan, level=WARNING), aiReasoning=null, labeledCommand=null)
08:35:21.609 [ INFO] maestro.Maestro.takeScreenshot: Taking screenshot
08:35:21.610 [TRACE] maestro.utils.ScreenshotUtils.takeScreenshot: Taking screenshot to output sink
08:35:22.417 [ INFO] maestro.cli.runner.MaestroCommandRunner.runCommands$lambda$6: Tap on (Optional) "Continuer|Décision suivante|Voir le bilan" WARNED
08:35:22.417 [ INFO] maestro.cli.runner.MaestroCommandRunner.runCommands$lambda$0: Wait for animation to end RUNNING
08:35:22.417 [ INFO] maestro.cli.runner.MaestroCommandRunner.runCommands$lambda$11: Wait for animation to end metadata CommandMetadata(numberOfRuns=null, evaluatedCommand=MaestroCommand(waitForAnimationToEndCommand=WaitForAnimationToEndCommand(timeout=null, label=null, optional=false)), logMessages=[], insight=Insight(message=, level=NONE), aiReasoning=null, labeledCommand=null)
08:35:22.418 [ INFO] maestro.Maestro.waitForAnimationToEnd$lambda$53: Waiting for animation to end with timeout 15000
08:35:22.418 [TRACE] maestro.utils.ScreenshotUtils.takeScreenshot: Taking screenshot to byte array
08:35:22.418 [TRACE] maestro.utils.ScreenshotUtils.takeScreenshot: Taking screenshot to output sink
08:35:23.249 [TRACE] maestro.utils.ScreenshotUtils.takeScreenshot: Taking screenshot to byte array
08:35:23.249 [TRACE] maestro.utils.ScreenshotUtils.takeScreenshot: Taking screenshot to output sink
08:35:24.229 [ INFO] maestro.cli.runner.MaestroCommandRunner.runCommands$lambda$2: Wait for animation to end COMPLETED
08:35:24.230 [ INFO] maestro.cli.runner.MaestroCommandRunner.runCommands$lambda$11: Repeat 14 times metadata CommandMetadata(numberOfRuns=10, evaluatedCommand=MaestroCommand(repeatCommand=RepeatCommand(times=14, condition=null, commands=[MaestroCommand(tapOnPointV2Command=TapOnPointV2Command(point=50%,38%, retryIfNoChange=false, longPress=false, repeat=null, waitToSettleTimeoutMs=null, label=null, optional=true)), MaestroCommand(tapOnElementCommand=TapOnElementCommand(selector=ElementSelector(textRegex=Vérifier, idRegex=null, size=null, below=null, above=null, leftOf=null, rightOf=null, containsChild=null, containsDescendants=null, traits=null, index=null, enabled=null, optional=true, selected=null, checked=null, focused=null, childOf=null, css=null), retryIfNoChange=false, waitUntilVisible=false, longPress=false, repeat=null, waitToSettleTimeoutMs=null, relativePoint=null, label=null, optional=true)), MaestroCommand(waitForAnimationToEndCommand=WaitForAnimationToEndCommand(timeout=null, label=null, optional=false)), MaestroCommand(takeScreenshotCommand=TakeScreenshotCommand(path=shots/13-verdict, cropOn=null, label=null, optional=false)), MaestroCommand(tapOnElementCommand=TapOnElementCommand(selector=ElementSelector(textRegex=Continuer|Décision suivante|Voir le bilan, idRegex=null, size=null, below=null, above=null, leftOf=null, rightOf=null, containsChild=null, containsDescendants=null, traits=null, index=null, enabled=null, optional=true, selected=null, checked=null, focused=null, childOf=null, css=null), retryIfNoChange=false, waitUntilVisible=false, longPress=false, repeat=null, waitToSettleTimeoutMs=null, relativePoint=null, label=null, optional=true)), MaestroCommand(waitForAnimationToEndCommand=WaitForAnimationToEndCommand(timeout=null, label=null, optional=false))], label=null, optional=false)), logMessages=[], insight=Insight(message=, level=NONE), aiReasoning=null, labeledCommand=null)
08:35:24.230 [ INFO] maestro.cli.runner.MaestroCommandRunner.runCommands$lambda$10: Tap on point (50%,38%) PENDING
08:35:24.230 [ INFO] maestro.cli.runner.MaestroCommandRunner.runCommands$lambda$10: Tap on (Optional) "Vérifier" PENDING
08:35:24.230 [ INFO] maestro.cli.runner.MaestroCommandRunner.runCommands$lambda$10: Wait for animation to end PENDING
08:35:24.230 [ INFO] maestro.cli.runner.MaestroCommandRunner.runCommands$lambda$10: Take screenshot shots/13-verdict PENDING
08:35:24.230 [ INFO] maestro.cli.runner.MaestroCommandRunner.runCommands$lambda$10: Tap on (Optional) "Continuer|Décision suivante|Voir le bilan" PENDING
08:35:24.230 [ INFO] maestro.cli.runner.MaestroCommandRunner.runCommands$lambda$10: Wait for animation to end PENDING
08:35:24.230 [ INFO] maestro.cli.runner.MaestroCommandRunner.runCommands$lambda$0: Tap on point (50%,38%) RUNNING
08:35:24.231 [ INFO] maestro.cli.runner.MaestroCommandRunner.runCommands$lambda$11: Tap on point (50%,38%) metadata CommandMetadata(numberOfRuns=null, evaluatedCommand=MaestroCommand(tapOnPointV2Command=TapOnPointV2Command(point=50%,38%, retryIfNoChange=false, longPress=false, repeat=null, waitToSettleTimeoutMs=null, label=null, optional=true)), logMessages=[], insight=Insight(message=, level=NONE), aiReasoning=null, labeledCommand=null)
08:35:24.235 [ INFO] maestro.Maestro.hierarchyBasedTap-ogj28Uc: Tapping at (540, 912) using hierarchy based logic for wait
08:35:24.649 [ INFO] maestro.cli.runner.MaestroCommandRunner.runCommands$lambda$2: Tap on point (50%,38%) COMPLETED
08:35:24.649 [ INFO] maestro.cli.runner.MaestroCommandRunner.runCommands$lambda$0: Tap on (Optional) "Vérifier" RUNNING
08:35:24.649 [ INFO] maestro.cli.runner.MaestroCommandRunner.runCommands$lambda$11: Tap on (Optional) "Vérifier" metadata CommandMetadata(numberOfRuns=null, evaluatedCommand=MaestroCommand(tapOnElementCommand=TapOnElementCommand(selector=ElementSelector(textRegex=Vérifier, idRegex=null, size=null, below=null, above=null, leftOf=null, rightOf=null, containsChild=null, containsDescendants=null, traits=null, index=null, enabled=null, optional=true, selected=null, checked=null, focused=null, childOf=null, css=null), retryIfNoChange=false, waitUntilVisible=false, longPress=false, repeat=null, waitToSettleTimeoutMs=null, relativePoint=null, label=null, optional=true)), logMessages=[], insight=Insight(message=, level=NONE), aiReasoning=null, labeledCommand=null)
08:35:31.776 [ INFO] maestro.orchestra.Orchestra.executeSubflowCommands: [Command execution subflow] CommandWarned: Element not found: Text matching regex: Vérifier
08:35:31.777 [ INFO] maestro.cli.runner.MaestroCommandRunner.runCommands$lambda$11: Repeat 14 times metadata CommandMetadata(numberOfRuns=10, evaluatedCommand=MaestroCommand(repeatCommand=RepeatCommand(times=14, condition=null, commands=[MaestroCommand(tapOnPointV2Command=TapOnPointV2Command(point=50%,38%, retryIfNoChange=false, longPress=false, repeat=null, waitToSettleTimeoutMs=null, label=null, optional=true)), MaestroCommand(tapOnElementCommand=TapOnElementCommand(selector=ElementSelector(textRegex=Vérifier, idRegex=null, size=null, below=null, above=null, leftOf=null, rightOf=null, containsChild=null, containsDescendants=null, traits=null, index=null, enabled=null, optional=true, selected=null, checked=null, focused=null, childOf=null, css=null), retryIfNoChange=false, waitUntilVisible=false, longPress=false, repeat=null, waitToSettleTimeoutMs=null, relativePoint=null, label=null, optional=true)), MaestroCommand(waitForAnimationToEndCommand=WaitForAnimationToEndCommand(timeout=null, label=null, optional=false)), MaestroCommand(takeScreenshotCommand=TakeScreenshotCommand(path=shots/13-verdict, cropOn=null, label=null, optional=false)), MaestroCommand(tapOnElementCommand=TapOnElementCommand(selector=ElementSelector(textRegex=Continuer|Décision suivante|Voir le bilan, idRegex=null, size=null, below=null, above=null, leftOf=null, rightOf=null, containsChild=null, containsDescendants=null, traits=null, index=null, enabled=null, optional=true, selected=null, checked=null, focused=null, childOf=null, css=null), retryIfNoChange=false, waitUntilVisible=false, longPress=false, repeat=null, waitToSettleTimeoutMs=null, relativePoint=null, label=null, optional=true)), MaestroCommand(waitForAnimationToEndCommand=WaitForAnimationToEndCommand(timeout=null, label=null, optional=false))], label=null, optional=false)), logMessages=[], insight=Insight(message=Element not found: Text matching regex: Vérifier, level=WARNING), aiReasoning=null, labeledCommand=null)
08:35:31.877 [ INFO] maestro.Maestro.takeScreenshot: Taking screenshot
08:35:31.877 [TRACE] maestro.utils.ScreenshotUtils.takeScreenshot: Taking screenshot to output sink
08:35:32.689 [ INFO] maestro.cli.runner.MaestroCommandRunner.runCommands$lambda$6: Tap on (Optional) "Vérifier" WARNED
08:35:32.689 [ INFO] maestro.cli.runner.MaestroCommandRunner.runCommands$lambda$0: Wait for animation to end RUNNING
08:35:32.689 [ INFO] maestro.cli.runner.MaestroCommandRunner.runCommands$lambda$11: Wait for animation to end metadata CommandMetadata(numberOfRuns=null, evaluatedCommand=MaestroCommand(waitForAnimationToEndCommand=WaitForAnimationToEndCommand(timeout=null, label=null, optional=false)), logMessages=[], insight=Insight(message=, level=NONE), aiReasoning=null, labeledCommand=null)
08:35:32.690 [ INFO] maestro.Maestro.waitForAnimationToEnd$lambda$53: Waiting for animation to end with timeout 15000
08:35:32.690 [TRACE] maestro.utils.ScreenshotUtils.takeScreenshot: Taking screenshot to byte array
08:35:32.690 [TRACE] maestro.utils.ScreenshotUtils.takeScreenshot: Taking screenshot to output sink
08:35:33.522 [TRACE] maestro.utils.ScreenshotUtils.takeScreenshot: Taking screenshot to byte array
08:35:33.522 [TRACE] maestro.utils.ScreenshotUtils.takeScreenshot: Taking screenshot to output sink
08:35:34.503 [ INFO] maestro.cli.runner.MaestroCommandRunner.runCommands$lambda$2: Wait for animation to end COMPLETED
08:35:34.503 [ INFO] maestro.cli.runner.MaestroCommandRunner.runCommands$lambda$0: Take screenshot shots/13-verdict RUNNING
08:35:34.504 [ INFO] maestro.cli.runner.MaestroCommandRunner.runCommands$lambda$11: Take screenshot shots/13-verdict metadata CommandMetadata(numberOfRuns=null, evaluatedCommand=MaestroCommand(takeScreenshotCommand=TakeScreenshotCommand(path=shots/13-verdict, cropOn=null, label=null, optional=false)), logMessages=[], insight=Insight(message=, level=NONE), aiReasoning=null, labeledCommand=null)
08:35:34.504 [ INFO] maestro.Maestro.takeScreenshot: Taking screenshot
08:35:34.505 [TRACE] maestro.utils.ScreenshotUtils.takeScreenshot: Taking screenshot to output sink
08:35:35.233 [ INFO] maestro.cli.runner.MaestroCommandRunner.runCommands$lambda$2: Take screenshot shots/13-verdict COMPLETED
08:35:35.233 [ INFO] maestro.cli.runner.MaestroCommandRunner.runCommands$lambda$0: Tap on (Optional) "Continuer|Décision suivante|Voir le bilan" RUNNING
08:35:35.234 [ INFO] maestro.cli.runner.MaestroCommandRunner.runCommands$lambda$11: Tap on (Optional) "Continuer|Décision suivante|Voir le bilan" metadata CommandMetadata(numberOfRuns=null, evaluatedCommand=MaestroCommand(tapOnElementCommand=TapOnElementCommand(selector=ElementSelector(textRegex=Continuer|Décision suivante|Voir le bilan, idRegex=null, size=null, below=null, above=null, leftOf=null, rightOf=null, containsChild=null, containsDescendants=null, traits=null, index=null, enabled=null, optional=true, selected=null, checked=null, focused=null, childOf=null, css=null), retryIfNoChange=false, waitUntilVisible=false, longPress=false, repeat=null, waitToSettleTimeoutMs=null, relativePoint=null, label=null, optional=true)), logMessages=[], insight=Insight(message=, level=NONE), aiReasoning=null, labeledCommand=null)
08:35:41.700 [ INFO] maestro.orchestra.Orchestra.executeSubflowCommands: [Command execution subflow] CommandWarned: Element not found: Text matching regex: Continuer|Décision suivante|Voir le bilan
08:35:41.700 [ INFO] maestro.cli.runner.MaestroCommandRunner.runCommands$lambda$11: Repeat 14 times metadata CommandMetadata(numberOfRuns=10, evaluatedCommand=MaestroCommand(repeatCommand=RepeatCommand(times=14, condition=null, commands=[MaestroCommand(tapOnPointV2Command=TapOnPointV2Command(point=50%,38%, retryIfNoChange=false, longPress=false, repeat=null, waitToSettleTimeoutMs=null, label=null, optional=true)), MaestroCommand(tapOnElementCommand=TapOnElementCommand(selector=ElementSelector(textRegex=Vérifier, idRegex=null, size=null, below=null, above=null, leftOf=null, rightOf=null, containsChild=null, containsDescendants=null, traits=null, index=null, enabled=null, optional=true, selected=null, checked=null, focused=null, childOf=null, css=null), retryIfNoChange=false, waitUntilVisible=false, longPress=false, repeat=null, waitToSettleTimeoutMs=null, relativePoint=null, label=null, optional=true)), MaestroCommand(waitForAnimationToEndCommand=WaitForAnimationToEndCommand(timeout=null, label=null, optional=false)), MaestroCommand(takeScreenshotCommand=TakeScreenshotCommand(path=shots/13-verdict, cropOn=null, label=null, optional=false)), MaestroCommand(tapOnElementCommand=TapOnElementCommand(selector=ElementSelector(textRegex=Continuer|Décision suivante|Voir le bilan, idRegex=null, size=null, below=null, above=null, leftOf=null, rightOf=null, containsChild=null, containsDescendants=null, traits=null, index=null, enabled=null, optional=true, selected=null, checked=null, focused=null, childOf=null, css=null), retryIfNoChange=false, waitUntilVisible=false, longPress=false, repeat=null, waitToSettleTimeoutMs=null, relativePoint=null, label=null, optional=true)), MaestroCommand(waitForAnimationToEndCommand=WaitForAnimationToEndCommand(timeout=null, label=null, optional=false))], label=null, optional=false)), logMessages=[], insight=Insight(message=Element not found: Text matching regex: Continuer|Décision suivante|Voir le bilan, level=WARNING), aiReasoning=null, labeledCommand=null)
08:35:41.761 [ INFO] maestro.Maestro.takeScreenshot: Taking screenshot
08:35:41.761 [TRACE] maestro.utils.ScreenshotUtils.takeScreenshot: Taking screenshot to output sink
08:35:42.574 [ INFO] maestro.cli.runner.MaestroCommandRunner.runCommands$lambda$6: Tap on (Optional) "Continuer|Décision suivante|Voir le bilan" WARNED
08:35:42.574 [ INFO] maestro.cli.runner.MaestroCommandRunner.runCommands$lambda$0: Wait for animation to end RUNNING
08:35:42.574 [ INFO] maestro.cli.runner.MaestroCommandRunner.runCommands$lambda$11: Wait for animation to end metadata CommandMetadata(numberOfRuns=null, evaluatedCommand=MaestroCommand(waitForAnimationToEndCommand=WaitForAnimationToEndCommand(timeout=null, label=null, optional=false)), logMessages=[], insight=Insight(message=, level=NONE), aiReasoning=null, labeledCommand=null)
08:35:42.574 [ INFO] maestro.Maestro.waitForAnimationToEnd$lambda$53: Waiting for animation to end with timeout 15000
08:35:42.574 [TRACE] maestro.utils.ScreenshotUtils.takeScreenshot: Taking screenshot to byte array
08:35:42.574 [TRACE] maestro.utils.ScreenshotUtils.takeScreenshot: Taking screenshot to output sink
08:35:43.413 [TRACE] maestro.utils.ScreenshotUtils.takeScreenshot: Taking screenshot to byte array
08:35:43.413 [TRACE] maestro.utils.ScreenshotUtils.takeScreenshot: Taking screenshot to output sink
08:35:44.448 [ INFO] maestro.cli.runner.MaestroCommandRunner.runCommands$lambda$2: Wait for animation to end COMPLETED
08:35:44.448 [ INFO] maestro.cli.runner.MaestroCommandRunner.runCommands$lambda$11: Repeat 14 times metadata CommandMetadata(numberOfRuns=11, evaluatedCommand=MaestroCommand(repeatCommand=RepeatCommand(times=14, condition=null, commands=[MaestroCommand(tapOnPointV2Command=TapOnPointV2Command(point=50%,38%, retryIfNoChange=false, longPress=false, repeat=null, waitToSettleTimeoutMs=null, label=null, optional=true)), MaestroCommand(tapOnElementCommand=TapOnElementCommand(selector=ElementSelector(textRegex=Vérifier, idRegex=null, size=null, below=null, above=null, leftOf=null, rightOf=null, containsChild=null, containsDescendants=null, traits=null, index=null, enabled=null, optional=true, selected=null, checked=null, focused=null, childOf=null, css=null), retryIfNoChange=false, waitUntilVisible=false, longPress=false, repeat=null, waitToSettleTimeoutMs=null, relativePoint=null, label=null, optional=true)), MaestroCommand(waitForAnimationToEndCommand=WaitForAnimationToEndCommand(timeout=null, label=null, optional=false)), MaestroCommand(takeScreenshotCommand=TakeScreenshotCommand(path=shots/13-verdict, cropOn=null, label=null, optional=false)), MaestroCommand(tapOnElementCommand=TapOnElementCommand(selector=ElementSelector(textRegex=Continuer|Décision suivante|Voir le bilan, idRegex=null, size=null, below=null, above=null, leftOf=null, rightOf=null, containsChild=null, containsDescendants=null, traits=null, index=null, enabled=null, optional=true, selected=null, checked=null, focused=null, childOf=null, css=null), retryIfNoChange=false, waitUntilVisible=false, longPress=false, repeat=null, waitToSettleTimeoutMs=null, relativePoint=null, label=null, optional=true)), MaestroCommand(waitForAnimationToEndCommand=WaitForAnimationToEndCommand(timeout=null, label=null, optional=false))], label=null, optional=false)), logMessages=[], insight=Insight(message=, level=NONE), aiReasoning=null, labeledCommand=null)
08:35:44.448 [ INFO] maestro.cli.runner.MaestroCommandRunner.runCommands$lambda$10: Tap on point (50%,38%) PENDING
08:35:44.448 [ INFO] maestro.cli.runner.MaestroCommandRunner.runCommands$lambda$10: Tap on (Optional) "Vérifier" PENDING
08:35:44.449 [ INFO] maestro.cli.runner.MaestroCommandRunner.runCommands$lambda$10: Wait for animation to end PENDING
08:35:44.449 [ INFO] maestro.cli.runner.MaestroCommandRunner.runCommands$lambda$10: Take screenshot shots/13-verdict PENDING
08:35:44.449 [ INFO] maestro.cli.runner.MaestroCommandRunner.runCommands$lambda$10: Tap on (Optional) "Continuer|Décision suivante|Voir le bilan" PENDING
08:35:44.449 [ INFO] maestro.cli.runner.MaestroCommandRunner.runCommands$lambda$10: Wait for animation to end PENDING
08:35:44.449 [ INFO] maestro.cli.runner.MaestroCommandRunner.runCommands$lambda$0: Tap on point (50%,38%) RUNNING
08:35:44.449 [ INFO] maestro.cli.runner.MaestroCommandRunner.runCommands$lambda$11: Tap on point (50%,38%) metadata CommandMetadata(numberOfRuns=null, evaluatedCommand=MaestroCommand(tapOnPointV2Command=TapOnPointV2Command(point=50%,38%, retryIfNoChange=false, longPress=false, repeat=null, waitToSettleTimeoutMs=null, label=null, optional=true)), logMessages=[], insight=Insight(message=, level=NONE), aiReasoning=null, labeledCommand=null)
08:35:44.454 [ INFO] maestro.Maestro.hierarchyBasedTap-ogj28Uc: Tapping at (540, 912) using hierarchy based logic for wait
08:35:44.888 [ INFO] maestro.cli.runner.MaestroCommandRunner.runCommands$lambda$2: Tap on point (50%,38%) COMPLETED
08:35:44.888 [ INFO] maestro.cli.runner.MaestroCommandRunner.runCommands$lambda$0: Tap on (Optional) "Vérifier" RUNNING
08:35:44.889 [ INFO] maestro.cli.runner.MaestroCommandRunner.runCommands$lambda$11: Tap on (Optional) "Vérifier" metadata CommandMetadata(numberOfRuns=null, evaluatedCommand=MaestroCommand(tapOnElementCommand=TapOnElementCommand(selector=ElementSelector(textRegex=Vérifier, idRegex=null, size=null, below=null, above=null, leftOf=null, rightOf=null, containsChild=null, containsDescendants=null, traits=null, index=null, enabled=null, optional=true, selected=null, checked=null, focused=null, childOf=null, css=null), retryIfNoChange=false, waitUntilVisible=false, longPress=false, repeat=null, waitToSettleTimeoutMs=null, relativePoint=null, label=null, optional=true)), logMessages=[], insight=Insight(message=, level=NONE), aiReasoning=null, labeledCommand=null)
08:35:52.048 [ INFO] maestro.orchestra.Orchestra.executeSubflowCommands: [Command execution subflow] CommandWarned: Element not found: Text matching regex: Vérifier
08:35:52.048 [ INFO] maestro.cli.runner.MaestroCommandRunner.runCommands$lambda$11: Repeat 14 times metadata CommandMetadata(numberOfRuns=11, evaluatedCommand=MaestroCommand(repeatCommand=RepeatCommand(times=14, condition=null, commands=[MaestroCommand(tapOnPointV2Command=TapOnPointV2Command(point=50%,38%, retryIfNoChange=false, longPress=false, repeat=null, waitToSettleTimeoutMs=null, label=null, optional=true)), MaestroCommand(tapOnElementCommand=TapOnElementCommand(selector=ElementSelector(textRegex=Vérifier, idRegex=null, size=null, below=null, above=null, leftOf=null, rightOf=null, containsChild=null, containsDescendants=null, traits=null, index=null, enabled=null, optional=true, selected=null, checked=null, focused=null, childOf=null, css=null), retryIfNoChange=false, waitUntilVisible=false, longPress=false, repeat=null, waitToSettleTimeoutMs=null, relativePoint=null, label=null, optional=true)), MaestroCommand(waitForAnimationToEndCommand=WaitForAnimationToEndCommand(timeout=null, label=null, optional=false)), MaestroCommand(takeScreenshotCommand=TakeScreenshotCommand(path=shots/13-verdict, cropOn=null, label=null, optional=false)), MaestroCommand(tapOnElementCommand=TapOnElementCommand(selector=ElementSelector(textRegex=Continuer|Décision suivante|Voir le bilan, idRegex=null, size=null, below=null, above=null, leftOf=null, rightOf=null, containsChild=null, containsDescendants=null, traits=null, index=null, enabled=null, optional=true, selected=null, checked=null, focused=null, childOf=null, css=null), retryIfNoChange=false, waitUntilVisible=false, longPress=false, repeat=null, waitToSettleTimeoutMs=null, relativePoint=null, label=null, optional=true)), MaestroCommand(waitForAnimationToEndCommand=WaitForAnimationToEndCommand(timeout=null, label=null, optional=false))], label=null, optional=false)), logMessages=[], insight=Insight(message=Element not found: Text matching regex: Vérifier, level=WARNING), aiReasoning=null, labeledCommand=null)
08:35:52.153 [ INFO] maestro.Maestro.takeScreenshot: Taking screenshot
08:35:52.153 [TRACE] maestro.utils.ScreenshotUtils.takeScreenshot: Taking screenshot to output sink
08:35:52.960 [ INFO] maestro.cli.runner.MaestroCommandRunner.runCommands$lambda$6: Tap on (Optional) "Vérifier" WARNED
08:35:52.960 [ INFO] maestro.cli.runner.MaestroCommandRunner.runCommands$lambda$0: Wait for animation to end RUNNING
08:35:52.960 [ INFO] maestro.cli.runner.MaestroCommandRunner.runCommands$lambda$11: Wait for animation to end metadata CommandMetadata(numberOfRuns=null, evaluatedCommand=MaestroCommand(waitForAnimationToEndCommand=WaitForAnimationToEndCommand(timeout=null, label=null, optional=false)), logMessages=[], insight=Insight(message=, level=NONE), aiReasoning=null, labeledCommand=null)
08:35:52.961 [ INFO] maestro.Maestro.waitForAnimationToEnd$lambda$53: Waiting for animation to end with timeout 15000
08:35:52.961 [TRACE] maestro.utils.ScreenshotUtils.takeScreenshot: Taking screenshot to byte array
08:35:52.961 [TRACE] maestro.utils.ScreenshotUtils.takeScreenshot: Taking screenshot to output sink
08:35:53.798 [TRACE] maestro.utils.ScreenshotUtils.takeScreenshot: Taking screenshot to byte array
08:35:53.798 [TRACE] maestro.utils.ScreenshotUtils.takeScreenshot: Taking screenshot to output sink
08:35:54.781 [ INFO] maestro.cli.runner.MaestroCommandRunner.runCommands$lambda$2: Wait for animation to end COMPLETED
08:35:54.781 [ INFO] maestro.cli.runner.MaestroCommandRunner.runCommands$lambda$0: Take screenshot shots/13-verdict RUNNING
08:35:54.781 [ INFO] maestro.cli.runner.MaestroCommandRunner.runCommands$lambda$11: Take screenshot shots/13-verdict metadata CommandMetadata(numberOfRuns=null, evaluatedCommand=MaestroCommand(takeScreenshotCommand=TakeScreenshotCommand(path=shots/13-verdict, cropOn=null, label=null, optional=false)), logMessages=[], insight=Insight(message=, level=NONE), aiReasoning=null, labeledCommand=null)
08:35:54.782 [ INFO] maestro.Maestro.takeScreenshot: Taking screenshot
08:35:54.782 [TRACE] maestro.utils.ScreenshotUtils.takeScreenshot: Taking screenshot to output sink
08:35:55.521 [ INFO] maestro.cli.runner.MaestroCommandRunner.runCommands$lambda$2: Take screenshot shots/13-verdict COMPLETED
08:35:55.521 [ INFO] maestro.cli.runner.MaestroCommandRunner.runCommands$lambda$0: Tap on (Optional) "Continuer|Décision suivante|Voir le bilan" RUNNING
08:35:55.521 [ INFO] maestro.cli.runner.MaestroCommandRunner.runCommands$lambda$11: Tap on (Optional) "Continuer|Décision suivante|Voir le bilan" metadata CommandMetadata(numberOfRuns=null, evaluatedCommand=MaestroCommand(tapOnElementCommand=TapOnElementCommand(selector=ElementSelector(textRegex=Continuer|Décision suivante|Voir le bilan, idRegex=null, size=null, below=null, above=null, leftOf=null, rightOf=null, containsChild=null, containsDescendants=null, traits=null, index=null, enabled=null, optional=true, selected=null, checked=null, focused=null, childOf=null, css=null), retryIfNoChange=false, waitUntilVisible=false, longPress=false, repeat=null, waitToSettleTimeoutMs=null, relativePoint=null, label=null, optional=true)), logMessages=[], insight=Insight(message=, level=NONE), aiReasoning=null, labeledCommand=null)
08:36:01.896 [ INFO] maestro.orchestra.Orchestra.executeSubflowCommands: [Command execution subflow] CommandWarned: Element not found: Text matching regex: Continuer|Décision suivante|Voir le bilan
08:36:01.897 [ INFO] maestro.cli.runner.MaestroCommandRunner.runCommands$lambda$11: Repeat 14 times metadata CommandMetadata(numberOfRuns=11, evaluatedCommand=MaestroCommand(repeatCommand=RepeatCommand(times=14, condition=null, commands=[MaestroCommand(tapOnPointV2Command=TapOnPointV2Command(point=50%,38%, retryIfNoChange=false, longPress=false, repeat=null, waitToSettleTimeoutMs=null, label=null, optional=true)), MaestroCommand(tapOnElementCommand=TapOnElementCommand(selector=ElementSelector(textRegex=Vérifier, idRegex=null, size=null, below=null, above=null, leftOf=null, rightOf=null, containsChild=null, containsDescendants=null, traits=null, index=null, enabled=null, optional=true, selected=null, checked=null, focused=null, childOf=null, css=null), retryIfNoChange=false, waitUntilVisible=false, longPress=false, repeat=null, waitToSettleTimeoutMs=null, relativePoint=null, label=null, optional=true)), MaestroCommand(waitForAnimationToEndCommand=WaitForAnimationToEndCommand(timeout=null, label=null, optional=false)), MaestroCommand(takeScreenshotCommand=TakeScreenshotCommand(path=shots/13-verdict, cropOn=null, label=null, optional=false)), MaestroCommand(tapOnElementCommand=TapOnElementCommand(selector=ElementSelector(textRegex=Continuer|Décision suivante|Voir le bilan, idRegex=null, size=null, below=null, above=null, leftOf=null, rightOf=null, containsChild=null, containsDescendants=null, traits=null, index=null, enabled=null, optional=true, selected=null, checked=null, focused=null, childOf=null, css=null), retryIfNoChange=false, waitUntilVisible=false, longPress=false, repeat=null, waitToSettleTimeoutMs=null, relativePoint=null, label=null, optional=true)), MaestroCommand(waitForAnimationToEndCommand=WaitForAnimationToEndCommand(timeout=null, label=null, optional=false))], label=null, optional=false)), logMessages=[], insight=Insight(message=Element not found: Text matching regex: Continuer|Décision suivante|Voir le bilan, level=WARNING), aiReasoning=null, labeledCommand=null)
08:36:01.997 [ INFO] maestro.Maestro.takeScreenshot: Taking screenshot
08:36:01.997 [TRACE] maestro.utils.ScreenshotUtils.takeScreenshot: Taking screenshot to output sink
08:36:02.800 [ INFO] maestro.cli.runner.MaestroCommandRunner.runCommands$lambda$6: Tap on (Optional) "Continuer|Décision suivante|Voir le bilan" WARNED
08:36:02.800 [ INFO] maestro.cli.runner.MaestroCommandRunner.runCommands$lambda$0: Wait for animation to end RUNNING
08:36:02.801 [ INFO] maestro.cli.runner.MaestroCommandRunner.runCommands$lambda$11: Wait for animation to end metadata CommandMetadata(numberOfRuns=null, evaluatedCommand=MaestroCommand(waitForAnimationToEndCommand=WaitForAnimationToEndCommand(timeout=null, label=null, optional=false)), logMessages=[], insight=Insight(message=, level=NONE), aiReasoning=null, labeledCommand=null)
08:36:02.801 [ INFO] maestro.Maestro.waitForAnimationToEnd$lambda$53: Waiting for animation to end with timeout 15000
08:36:02.801 [TRACE] maestro.utils.ScreenshotUtils.takeScreenshot: Taking screenshot to byte array
08:36:02.801 [TRACE] maestro.utils.ScreenshotUtils.takeScreenshot: Taking screenshot to output sink
08:36:03.635 [TRACE] maestro.utils.ScreenshotUtils.takeScreenshot: Taking screenshot to byte array
08:36:03.635 [TRACE] maestro.utils.ScreenshotUtils.takeScreenshot: Taking screenshot to output sink
08:36:04.662 [ INFO] maestro.cli.runner.MaestroCommandRunner.runCommands$lambda$2: Wait for animation to end COMPLETED
08:36:04.662 [ INFO] maestro.cli.runner.MaestroCommandRunner.runCommands$lambda$11: Repeat 14 times metadata CommandMetadata(numberOfRuns=12, evaluatedCommand=MaestroCommand(repeatCommand=RepeatCommand(times=14, condition=null, commands=[MaestroCommand(tapOnPointV2Command=TapOnPointV2Command(point=50%,38%, retryIfNoChange=false, longPress=false, repeat=null, waitToSettleTimeoutMs=null, label=null, optional=true)), MaestroCommand(tapOnElementCommand=TapOnElementCommand(selector=ElementSelector(textRegex=Vérifier, idRegex=null, size=null, below=null, above=null, leftOf=null, rightOf=null, containsChild=null, containsDescendants=null, traits=null, index=null, enabled=null, optional=true, selected=null, checked=null, focused=null, childOf=null, css=null), retryIfNoChange=false, waitUntilVisible=false, longPress=false, repeat=null, waitToSettleTimeoutMs=null, relativePoint=null, label=null, optional=true)), MaestroCommand(waitForAnimationToEndCommand=WaitForAnimationToEndCommand(timeout=null, label=null, optional=false)), MaestroCommand(takeScreenshotCommand=TakeScreenshotCommand(path=shots/13-verdict, cropOn=null, label=null, optional=false)), MaestroCommand(tapOnElementCommand=TapOnElementCommand(selector=ElementSelector(textRegex=Continuer|Décision suivante|Voir le bilan, idRegex=null, size=null, below=null, above=null, leftOf=null, rightOf=null, containsChild=null, containsDescendants=null, traits=null, index=null, enabled=null, optional=true, selected=null, checked=null, focused=null, childOf=null, css=null), retryIfNoChange=false, waitUntilVisible=false, longPress=false, repeat=null, waitToSettleTimeoutMs=null, relativePoint=null, label=null, optional=true)), MaestroCommand(waitForAnimationToEndCommand=WaitForAnimationToEndCommand(timeout=null, label=null, optional=false))], label=null, optional=false)), logMessages=[], insight=Insight(message=, level=NONE), aiReasoning=null, labeledCommand=null)
08:36:04.663 [ INFO] maestro.cli.runner.MaestroCommandRunner.runCommands$lambda$10: Tap on point (50%,38%) PENDING
08:36:04.663 [ INFO] maestro.cli.runner.MaestroCommandRunner.runCommands$lambda$10: Tap on (Optional) "Vérifier" PENDING
08:36:04.663 [ INFO] maestro.cli.runner.MaestroCommandRunner.runCommands$lambda$10: Wait for animation to end PENDING
08:36:04.663 [ INFO] maestro.cli.runner.MaestroCommandRunner.runCommands$lambda$10: Take screenshot shots/13-verdict PENDING
08:36:04.663 [ INFO] maestro.cli.runner.MaestroCommandRunner.runCommands$lambda$10: Tap on (Optional) "Continuer|Décision suivante|Voir le bilan" PENDING
08:36:04.663 [ INFO] maestro.cli.runner.MaestroCommandRunner.runCommands$lambda$10: Wait for animation to end PENDING
08:36:04.663 [ INFO] maestro.cli.runner.MaestroCommandRunner.runCommands$lambda$0: Tap on point (50%,38%) RUNNING
08:36:04.663 [ INFO] maestro.cli.runner.MaestroCommandRunner.runCommands$lambda$11: Tap on point (50%,38%) metadata CommandMetadata(numberOfRuns=null, evaluatedCommand=MaestroCommand(tapOnPointV2Command=TapOnPointV2Command(point=50%,38%, retryIfNoChange=false, longPress=false, repeat=null, waitToSettleTimeoutMs=null, label=null, optional=true)), logMessages=[], insight=Insight(message=, level=NONE), aiReasoning=null, labeledCommand=null)
08:36:04.711 [ INFO] maestro.Maestro.hierarchyBasedTap-ogj28Uc: Tapping at (540, 912) using hierarchy based logic for wait
08:36:05.116 [ INFO] maestro.cli.runner.MaestroCommandRunner.runCommands$lambda$2: Tap on point (50%,38%) COMPLETED
08:36:05.117 [ INFO] maestro.cli.runner.MaestroCommandRunner.runCommands$lambda$0: Tap on (Optional) "Vérifier" RUNNING
08:36:05.117 [ INFO] maestro.cli.runner.MaestroCommandRunner.runCommands$lambda$11: Tap on (Optional) "Vérifier" metadata CommandMetadata(numberOfRuns=null, evaluatedCommand=MaestroCommand(tapOnElementCommand=TapOnElementCommand(selector=ElementSelector(textRegex=Vérifier, idRegex=null, size=null, below=null, above=null, leftOf=null, rightOf=null, containsChild=null, containsDescendants=null, traits=null, index=null, enabled=null, optional=true, selected=null, checked=null, focused=null, childOf=null, css=null), retryIfNoChange=false, waitUntilVisible=false, longPress=false, repeat=null, waitToSettleTimeoutMs=null, relativePoint=null, label=null, optional=true)), logMessages=[], insight=Insight(message=, level=NONE), aiReasoning=null, labeledCommand=null)
08:36:12.268 [ INFO] maestro.orchestra.Orchestra.executeSubflowCommands: [Command execution subflow] CommandWarned: Element not found: Text matching regex: Vérifier
08:36:12.268 [ INFO] maestro.cli.runner.MaestroCommandRunner.runCommands$lambda$11: Repeat 14 times metadata CommandMetadata(numberOfRuns=12, evaluatedCommand=MaestroCommand(repeatCommand=RepeatCommand(times=14, condition=null, commands=[MaestroCommand(tapOnPointV2Command=TapOnPointV2Command(point=50%,38%, retryIfNoChange=false, longPress=false, repeat=null, waitToSettleTimeoutMs=null, label=null, optional=true)), MaestroCommand(tapOnElementCommand=TapOnElementCommand(selector=ElementSelector(textRegex=Vérifier, idRegex=null, size=null, below=null, above=null, leftOf=null, rightOf=null, containsChild=null, containsDescendants=null, traits=null, index=null, enabled=null, optional=true, selected=null, checked=null, focused=null, childOf=null, css=null), retryIfNoChange=false, waitUntilVisible=false, longPress=false, repeat=null, waitToSettleTimeoutMs=null, relativePoint=null, label=null, optional=true)), MaestroCommand(waitForAnimationToEndCommand=WaitForAnimationToEndCommand(timeout=null, label=null, optional=false)), MaestroCommand(takeScreenshotCommand=TakeScreenshotCommand(path=shots/13-verdict, cropOn=null, label=null, optional=false)), MaestroCommand(tapOnElementCommand=TapOnElementCommand(selector=ElementSelector(textRegex=Continuer|Décision suivante|Voir le bilan, idRegex=null, size=null, below=null, above=null, leftOf=null, rightOf=null, containsChild=null, containsDescendants=null, traits=null, index=null, enabled=null, optional=true, selected=null, checked=null, focused=null, childOf=null, css=null), retryIfNoChange=false, waitUntilVisible=false, longPress=false, repeat=null, waitToSettleTimeoutMs=null, relativePoint=null, label=null, optional=true)), MaestroCommand(waitForAnimationToEndCommand=WaitForAnimationToEndCommand(timeout=null, label=null, optional=false))], label=null, optional=false)), logMessages=[], insight=Insight(message=Element not found: Text matching regex: Vérifier, level=WARNING), aiReasoning=null, labeledCommand=null)
08:36:12.329 [ INFO] maestro.Maestro.takeScreenshot: Taking screenshot
08:36:12.329 [TRACE] maestro.utils.ScreenshotUtils.takeScreenshot: Taking screenshot to output sink
08:36:13.143 [ INFO] maestro.cli.runner.MaestroCommandRunner.runCommands$lambda$6: Tap on (Optional) "Vérifier" WARNED
08:36:13.143 [ INFO] maestro.cli.runner.MaestroCommandRunner.runCommands$lambda$0: Wait for animation to end RUNNING
08:36:13.143 [ INFO] maestro.cli.runner.MaestroCommandRunner.runCommands$lambda$11: Wait for animation to end metadata CommandMetadata(numberOfRuns=null, evaluatedCommand=MaestroCommand(waitForAnimationToEndCommand=WaitForAnimationToEndCommand(timeout=null, label=null, optional=false)), logMessages=[], insight=Insight(message=, level=NONE), aiReasoning=null, labeledCommand=null)
08:36:13.143 [ INFO] maestro.Maestro.waitForAnimationToEnd$lambda$53: Waiting for animation to end with timeout 15000
08:36:13.143 [TRACE] maestro.utils.ScreenshotUtils.takeScreenshot: Taking screenshot to byte array
08:36:13.143 [TRACE] maestro.utils.ScreenshotUtils.takeScreenshot: Taking screenshot to output sink
08:36:13.988 [TRACE] maestro.utils.ScreenshotUtils.takeScreenshot: Taking screenshot to byte array
08:36:13.988 [TRACE] maestro.utils.ScreenshotUtils.takeScreenshot: Taking screenshot to output sink
08:36:14.981 [ INFO] maestro.cli.runner.MaestroCommandRunner.runCommands$lambda$2: Wait for animation to end COMPLETED
08:36:14.981 [ INFO] maestro.cli.runner.MaestroCommandRunner.runCommands$lambda$0: Take screenshot shots/13-verdict RUNNING
08:36:14.981 [ INFO] maestro.cli.runner.MaestroCommandRunner.runCommands$lambda$11: Take screenshot shots/13-verdict metadata CommandMetadata(numberOfRuns=null, evaluatedCommand=MaestroCommand(takeScreenshotCommand=TakeScreenshotCommand(path=shots/13-verdict, cropOn=null, label=null, optional=false)), logMessages=[], insight=Insight(message=, level=NONE), aiReasoning=null, labeledCommand=null)
08:36:14.982 [ INFO] maestro.Maestro.takeScreenshot: Taking screenshot
08:36:14.982 [TRACE] maestro.utils.ScreenshotUtils.takeScreenshot: Taking screenshot to output sink
08:36:15.743 [ INFO] maestro.cli.runner.MaestroCommandRunner.runCommands$lambda$2: Take screenshot shots/13-verdict COMPLETED
08:36:15.743 [ INFO] maestro.cli.runner.MaestroCommandRunner.runCommands$lambda$0: Tap on (Optional) "Continuer|Décision suivante|Voir le bilan" RUNNING
08:36:15.744 [ INFO] maestro.cli.runner.MaestroCommandRunner.runCommands$lambda$11: Tap on (Optional) "Continuer|Décision suivante|Voir le bilan" metadata CommandMetadata(numberOfRuns=null, evaluatedCommand=MaestroCommand(tapOnElementCommand=TapOnElementCommand(selector=ElementSelector(textRegex=Continuer|Décision suivante|Voir le bilan, idRegex=null, size=null, below=null, above=null, leftOf=null, rightOf=null, containsChild=null, containsDescendants=null, traits=null, index=null, enabled=null, optional=true, selected=null, checked=null, focused=null, childOf=null, css=null), retryIfNoChange=false, waitUntilVisible=false, longPress=false, repeat=null, waitToSettleTimeoutMs=null, relativePoint=null, label=null, optional=true)), logMessages=[], insight=Insight(message=, level=NONE), aiReasoning=null, labeledCommand=null)
08:36:22.092 [ INFO] maestro.orchestra.Orchestra.executeSubflowCommands: [Command execution subflow] CommandWarned: Element not found: Text matching regex: Continuer|Décision suivante|Voir le bilan
08:36:22.092 [ INFO] maestro.cli.runner.MaestroCommandRunner.runCommands$lambda$11: Repeat 14 times metadata CommandMetadata(numberOfRuns=12, evaluatedCommand=MaestroCommand(repeatCommand=RepeatCommand(times=14, condition=null, commands=[MaestroCommand(tapOnPointV2Command=TapOnPointV2Command(point=50%,38%, retryIfNoChange=false, longPress=false, repeat=null, waitToSettleTimeoutMs=null, label=null, optional=true)), MaestroCommand(tapOnElementCommand=TapOnElementCommand(selector=ElementSelector(textRegex=Vérifier, idRegex=null, size=null, below=null, above=null, leftOf=null, rightOf=null, containsChild=null, containsDescendants=null, traits=null, index=null, enabled=null, optional=true, selected=null, checked=null, focused=null, childOf=null, css=null), retryIfNoChange=false, waitUntilVisible=false, longPress=false, repeat=null, waitToSettleTimeoutMs=null, relativePoint=null, label=null, optional=true)), MaestroCommand(waitForAnimationToEndCommand=WaitForAnimationToEndCommand(timeout=null, label=null, optional=false)), MaestroCommand(takeScreenshotCommand=TakeScreenshotCommand(path=shots/13-verdict, cropOn=null, label=null, optional=false)), MaestroCommand(tapOnElementCommand=TapOnElementCommand(selector=ElementSelector(textRegex=Continuer|Décision suivante|Voir le bilan, idRegex=null, size=null, below=null, above=null, leftOf=null, rightOf=null, containsChild=null, containsDescendants=null, traits=null, index=null, enabled=null, optional=true, selected=null, checked=null, focused=null, childOf=null, css=null), retryIfNoChange=false, waitUntilVisible=false, longPress=false, repeat=null, waitToSettleTimeoutMs=null, relativePoint=null, label=null, optional=true)), MaestroCommand(waitForAnimationToEndCommand=WaitForAnimationToEndCommand(timeout=null, label=null, optional=false))], label=null, optional=false)), logMessages=[], insight=Insight(message=Element not found: Text matching regex: Continuer|Décision suivante|Voir le bilan, level=WARNING), aiReasoning=null, labeledCommand=null)
08:36:22.197 [ INFO] maestro.Maestro.takeScreenshot: Taking screenshot
08:36:22.197 [TRACE] maestro.utils.ScreenshotUtils.takeScreenshot: Taking screenshot to output sink
08:36:23.018 [ INFO] maestro.cli.runner.MaestroCommandRunner.runCommands$lambda$6: Tap on (Optional) "Continuer|Décision suivante|Voir le bilan" WARNED
08:36:23.018 [ INFO] maestro.cli.runner.MaestroCommandRunner.runCommands$lambda$0: Wait for animation to end RUNNING
08:36:23.018 [ INFO] maestro.cli.runner.MaestroCommandRunner.runCommands$lambda$11: Wait for animation to end metadata CommandMetadata(numberOfRuns=null, evaluatedCommand=MaestroCommand(waitForAnimationToEndCommand=WaitForAnimationToEndCommand(timeout=null, label=null, optional=false)), logMessages=[], insight=Insight(message=, level=NONE), aiReasoning=null, labeledCommand=null)
08:36:23.019 [ INFO] maestro.Maestro.waitForAnimationToEnd$lambda$53: Waiting for animation to end with timeout 15000
08:36:23.019 [TRACE] maestro.utils.ScreenshotUtils.takeScreenshot: Taking screenshot to byte array
08:36:23.019 [TRACE] maestro.utils.ScreenshotUtils.takeScreenshot: Taking screenshot to output sink
08:36:23.884 [TRACE] maestro.utils.ScreenshotUtils.takeScreenshot: Taking screenshot to byte array
08:36:23.884 [TRACE] maestro.utils.ScreenshotUtils.takeScreenshot: Taking screenshot to output sink
08:36:24.913 [ INFO] maestro.cli.runner.MaestroCommandRunner.runCommands$lambda$2: Wait for animation to end COMPLETED
08:36:24.913 [ INFO] maestro.cli.runner.MaestroCommandRunner.runCommands$lambda$11: Repeat 14 times metadata CommandMetadata(numberOfRuns=13, evaluatedCommand=MaestroCommand(repeatCommand=RepeatCommand(times=14, condition=null, commands=[MaestroCommand(tapOnPointV2Command=TapOnPointV2Command(point=50%,38%, retryIfNoChange=false, longPress=false, repeat=null, waitToSettleTimeoutMs=null, label=null, optional=true)), MaestroCommand(tapOnElementCommand=TapOnElementCommand(selector=ElementSelector(textRegex=Vérifier, idRegex=null, size=null, below=null, above=null, leftOf=null, rightOf=null, containsChild=null, containsDescendants=null, traits=null, index=null, enabled=null, optional=true, selected=null, checked=null, focused=null, childOf=null, css=null), retryIfNoChange=false, waitUntilVisible=false, longPress=false, repeat=null, waitToSettleTimeoutMs=null, relativePoint=null, label=null, optional=true)), MaestroCommand(waitForAnimationToEndCommand=WaitForAnimationToEndCommand(timeout=null, label=null, optional=false)), MaestroCommand(takeScreenshotCommand=TakeScreenshotCommand(path=shots/13-verdict, cropOn=null, label=null, optional=false)), MaestroCommand(tapOnElementCommand=TapOnElementCommand(selector=ElementSelector(textRegex=Continuer|Décision suivante|Voir le bilan, idRegex=null, size=null, below=null, above=null, leftOf=null, rightOf=null, containsChild=null, containsDescendants=null, traits=null, index=null, enabled=null, optional=true, selected=null, checked=null, focused=null, childOf=null, css=null), retryIfNoChange=false, waitUntilVisible=false, longPress=false, repeat=null, waitToSettleTimeoutMs=null, relativePoint=null, label=null, optional=true)), MaestroCommand(waitForAnimationToEndCommand=WaitForAnimationToEndCommand(timeout=null, label=null, optional=false))], label=null, optional=false)), logMessages=[], insight=Insight(message=, level=NONE), aiReasoning=null, labeledCommand=null)
08:36:24.914 [ INFO] maestro.cli.runner.MaestroCommandRunner.runCommands$lambda$10: Tap on point (50%,38%) PENDING
08:36:24.914 [ INFO] maestro.cli.runner.MaestroCommandRunner.runCommands$lambda$10: Tap on (Optional) "Vérifier" PENDING
08:36:24.914 [ INFO] maestro.cli.runner.MaestroCommandRunner.runCommands$lambda$10: Wait for animation to end PENDING
08:36:24.914 [ INFO] maestro.cli.runner.MaestroCommandRunner.runCommands$lambda$10: Take screenshot shots/13-verdict PENDING
08:36:24.914 [ INFO] maestro.cli.runner.MaestroCommandRunner.runCommands$lambda$10: Tap on (Optional) "Continuer|Décision suivante|Voir le bilan" PENDING
08:36:24.914 [ INFO] maestro.cli.runner.MaestroCommandRunner.runCommands$lambda$10: Wait for animation to end PENDING
08:36:24.914 [ INFO] maestro.cli.runner.MaestroCommandRunner.runCommands$lambda$0: Tap on point (50%,38%) RUNNING
08:36:24.914 [ INFO] maestro.cli.runner.MaestroCommandRunner.runCommands$lambda$11: Tap on point (50%,38%) metadata CommandMetadata(numberOfRuns=null, evaluatedCommand=MaestroCommand(tapOnPointV2Command=TapOnPointV2Command(point=50%,38%, retryIfNoChange=false, longPress=false, repeat=null, waitToSettleTimeoutMs=null, label=null, optional=true)), logMessages=[], insight=Insight(message=, level=NONE), aiReasoning=null, labeledCommand=null)
08:36:24.918 [ INFO] maestro.Maestro.hierarchyBasedTap-ogj28Uc: Tapping at (540, 912) using hierarchy based logic for wait
08:36:25.308 [ INFO] maestro.cli.runner.MaestroCommandRunner.runCommands$lambda$2: Tap on point (50%,38%) COMPLETED
08:36:25.308 [ INFO] maestro.cli.runner.MaestroCommandRunner.runCommands$lambda$0: Tap on (Optional) "Vérifier" RUNNING
08:36:25.308 [ INFO] maestro.cli.runner.MaestroCommandRunner.runCommands$lambda$11: Tap on (Optional) "Vérifier" metadata CommandMetadata(numberOfRuns=null, evaluatedCommand=MaestroCommand(tapOnElementCommand=TapOnElementCommand(selector=ElementSelector(textRegex=Vérifier, idRegex=null, size=null, below=null, above=null, leftOf=null, rightOf=null, containsChild=null, containsDescendants=null, traits=null, index=null, enabled=null, optional=true, selected=null, checked=null, focused=null, childOf=null, css=null), retryIfNoChange=false, waitUntilVisible=false, longPress=false, repeat=null, waitToSettleTimeoutMs=null, relativePoint=null, label=null, optional=true)), logMessages=[], insight=Insight(message=, level=NONE), aiReasoning=null, labeledCommand=null)
08:36:32.488 [ INFO] maestro.orchestra.Orchestra.executeSubflowCommands: [Command execution subflow] CommandWarned: Element not found: Text matching regex: Vérifier
08:36:32.488 [ INFO] maestro.cli.runner.MaestroCommandRunner.runCommands$lambda$11: Repeat 14 times metadata CommandMetadata(numberOfRuns=13, evaluatedCommand=MaestroCommand(repeatCommand=RepeatCommand(times=14, condition=null, commands=[MaestroCommand(tapOnPointV2Command=TapOnPointV2Command(point=50%,38%, retryIfNoChange=false, longPress=false, repeat=null, waitToSettleTimeoutMs=null, label=null, optional=true)), MaestroCommand(tapOnElementCommand=TapOnElementCommand(selector=ElementSelector(textRegex=Vérifier, idRegex=null, size=null, below=null, above=null, leftOf=null, rightOf=null, containsChild=null, containsDescendants=null, traits=null, index=null, enabled=null, optional=true, selected=null, checked=null, focused=null, childOf=null, css=null), retryIfNoChange=false, waitUntilVisible=false, longPress=false, repeat=null, waitToSettleTimeoutMs=null, relativePoint=null, label=null, optional=true)), MaestroCommand(waitForAnimationToEndCommand=WaitForAnimationToEndCommand(timeout=null, label=null, optional=false)), MaestroCommand(takeScreenshotCommand=TakeScreenshotCommand(path=shots/13-verdict, cropOn=null, label=null, optional=false)), MaestroCommand(tapOnElementCommand=TapOnElementCommand(selector=ElementSelector(textRegex=Continuer|Décision suivante|Voir le bilan, idRegex=null, size=null, below=null, above=null, leftOf=null, rightOf=null, containsChild=null, containsDescendants=null, traits=null, index=null, enabled=null, optional=true, selected=null, checked=null, focused=null, childOf=null, css=null), retryIfNoChange=false, waitUntilVisible=false, longPress=false, repeat=null, waitToSettleTimeoutMs=null, relativePoint=null, label=null, optional=true)), MaestroCommand(waitForAnimationToEndCommand=WaitForAnimationToEndCommand(timeout=null, label=null, optional=false))], label=null, optional=false)), logMessages=[], insight=Insight(message=Element not found: Text matching regex: Vérifier, level=WARNING), aiReasoning=null, labeledCommand=null)
08:36:32.549 [ INFO] maestro.Maestro.takeScreenshot: Taking screenshot
08:36:32.549 [TRACE] maestro.utils.ScreenshotUtils.takeScreenshot: Taking screenshot to output sink
08:36:33.315 [ INFO] maestro.cli.runner.MaestroCommandRunner.runCommands$lambda$6: Tap on (Optional) "Vérifier" WARNED
08:36:33.315 [ INFO] maestro.cli.runner.MaestroCommandRunner.runCommands$lambda$0: Wait for animation to end RUNNING
08:36:33.315 [ INFO] maestro.cli.runner.MaestroCommandRunner.runCommands$lambda$11: Wait for animation to end metadata CommandMetadata(numberOfRuns=null, evaluatedCommand=MaestroCommand(waitForAnimationToEndCommand=WaitForAnimationToEndCommand(timeout=null, label=null, optional=false)), logMessages=[], insight=Insight(message=, level=NONE), aiReasoning=null, labeledCommand=null)
08:36:33.316 [ INFO] maestro.Maestro.waitForAnimationToEnd$lambda$53: Waiting for animation to end with timeout 15000
08:36:33.316 [TRACE] maestro.utils.ScreenshotUtils.takeScreenshot: Taking screenshot to byte array
08:36:33.316 [TRACE] maestro.utils.ScreenshotUtils.takeScreenshot: Taking screenshot to output sink
08:36:34.168 [TRACE] maestro.utils.ScreenshotUtils.takeScreenshot: Taking screenshot to byte array
08:36:34.168 [TRACE] maestro.utils.ScreenshotUtils.takeScreenshot: Taking screenshot to output sink
08:36:35.153 [ INFO] maestro.cli.runner.MaestroCommandRunner.runCommands$lambda$2: Wait for animation to end COMPLETED
08:36:35.153 [ INFO] maestro.cli.runner.MaestroCommandRunner.runCommands$lambda$0: Take screenshot shots/13-verdict RUNNING
08:36:35.153 [ INFO] maestro.cli.runner.MaestroCommandRunner.runCommands$lambda$11: Take screenshot shots/13-verdict metadata CommandMetadata(numberOfRuns=null, evaluatedCommand=MaestroCommand(takeScreenshotCommand=TakeScreenshotCommand(path=shots/13-verdict, cropOn=null, label=null, optional=false)), logMessages=[], insight=Insight(message=, level=NONE), aiReasoning=null, labeledCommand=null)
08:36:35.154 [ INFO] maestro.Maestro.takeScreenshot: Taking screenshot
08:36:35.154 [TRACE] maestro.utils.ScreenshotUtils.takeScreenshot: Taking screenshot to output sink
08:36:35.912 [ INFO] maestro.cli.runner.MaestroCommandRunner.runCommands$lambda$2: Take screenshot shots/13-verdict COMPLETED
08:36:35.912 [ INFO] maestro.cli.runner.MaestroCommandRunner.runCommands$lambda$0: Tap on (Optional) "Continuer|Décision suivante|Voir le bilan" RUNNING
08:36:35.913 [ INFO] maestro.cli.runner.MaestroCommandRunner.runCommands$lambda$11: Tap on (Optional) "Continuer|Décision suivante|Voir le bilan" metadata CommandMetadata(numberOfRuns=null, evaluatedCommand=MaestroCommand(tapOnElementCommand=TapOnElementCommand(selector=ElementSelector(textRegex=Continuer|Décision suivante|Voir le bilan, idRegex=null, size=null, below=null, above=null, leftOf=null, rightOf=null, containsChild=null, containsDescendants=null, traits=null, index=null, enabled=null, optional=true, selected=null, checked=null, focused=null, childOf=null, css=null), retryIfNoChange=false, waitUntilVisible=false, longPress=false, repeat=null, waitToSettleTimeoutMs=null, relativePoint=null, label=null, optional=true)), logMessages=[], insight=Insight(message=, level=NONE), aiReasoning=null, labeledCommand=null)
08:36:42.308 [ INFO] maestro.orchestra.Orchestra.executeSubflowCommands: [Command execution subflow] CommandWarned: Element not found: Text matching regex: Continuer|Décision suivante|Voir le bilan
08:36:42.308 [ INFO] maestro.cli.runner.MaestroCommandRunner.runCommands$lambda$11: Repeat 14 times metadata CommandMetadata(numberOfRuns=13, evaluatedCommand=MaestroCommand(repeatCommand=RepeatCommand(times=14, condition=null, commands=[MaestroCommand(tapOnPointV2Command=TapOnPointV2Command(point=50%,38%, retryIfNoChange=false, longPress=false, repeat=null, waitToSettleTimeoutMs=null, label=null, optional=true)), MaestroCommand(tapOnElementCommand=TapOnElementCommand(selector=ElementSelector(textRegex=Vérifier, idRegex=null, size=null, below=null, above=null, leftOf=null, rightOf=null, containsChild=null, containsDescendants=null, traits=null, index=null, enabled=null, optional=true, selected=null, checked=null, focused=null, childOf=null, css=null), retryIfNoChange=false, waitUntilVisible=false, longPress=false, repeat=null, waitToSettleTimeoutMs=null, relativePoint=null, label=null, optional=true)), MaestroCommand(waitForAnimationToEndCommand=WaitForAnimationToEndCommand(timeout=null, label=null, optional=false)), MaestroCommand(takeScreenshotCommand=TakeScreenshotCommand(path=shots/13-verdict, cropOn=null, label=null, optional=false)), MaestroCommand(tapOnElementCommand=TapOnElementCommand(selector=ElementSelector(textRegex=Continuer|Décision suivante|Voir le bilan, idRegex=null, size=null, below=null, above=null, leftOf=null, rightOf=null, containsChild=null, containsDescendants=null, traits=null, index=null, enabled=null, optional=true, selected=null, checked=null, focused=null, childOf=null, css=null), retryIfNoChange=false, waitUntilVisible=false, longPress=false, repeat=null, waitToSettleTimeoutMs=null, relativePoint=null, label=null, optional=true)), MaestroCommand(waitForAnimationToEndCommand=WaitForAnimationToEndCommand(timeout=null, label=null, optional=false))], label=null, optional=false)), logMessages=[], insight=Insight(message=Element not found: Text matching regex: Continuer|Décision suivante|Voir le bilan, level=WARNING), aiReasoning=null, labeledCommand=null)
08:36:42.413 [ INFO] maestro.Maestro.takeScreenshot: Taking screenshot
08:36:42.413 [TRACE] maestro.utils.ScreenshotUtils.takeScreenshot: Taking screenshot to output sink
08:36:43.215 [ INFO] maestro.cli.runner.MaestroCommandRunner.runCommands$lambda$6: Tap on (Optional) "Continuer|Décision suivante|Voir le bilan" WARNED
08:36:43.215 [ INFO] maestro.cli.runner.MaestroCommandRunner.runCommands$lambda$0: Wait for animation to end RUNNING
08:36:43.215 [ INFO] maestro.cli.runner.MaestroCommandRunner.runCommands$lambda$11: Wait for animation to end metadata CommandMetadata(numberOfRuns=null, evaluatedCommand=MaestroCommand(waitForAnimationToEndCommand=WaitForAnimationToEndCommand(timeout=null, label=null, optional=false)), logMessages=[], insight=Insight(message=, level=NONE), aiReasoning=null, labeledCommand=null)
08:36:43.215 [ INFO] maestro.Maestro.waitForAnimationToEnd$lambda$53: Waiting for animation to end with timeout 15000
08:36:43.215 [TRACE] maestro.utils.ScreenshotUtils.takeScreenshot: Taking screenshot to byte array
08:36:43.215 [TRACE] maestro.utils.ScreenshotUtils.takeScreenshot: Taking screenshot to output sink
08:36:44.037 [TRACE] maestro.utils.ScreenshotUtils.takeScreenshot: Taking screenshot to byte array
08:36:44.037 [TRACE] maestro.utils.ScreenshotUtils.takeScreenshot: Taking screenshot to output sink
08:36:45.064 [ INFO] maestro.cli.runner.MaestroCommandRunner.runCommands$lambda$2: Wait for animation to end COMPLETED
08:36:45.064 [ INFO] maestro.cli.runner.MaestroCommandRunner.runCommands$lambda$11: Repeat 14 times metadata CommandMetadata(numberOfRuns=14, evaluatedCommand=MaestroCommand(repeatCommand=RepeatCommand(times=14, condition=null, commands=[MaestroCommand(tapOnPointV2Command=TapOnPointV2Command(point=50%,38%, retryIfNoChange=false, longPress=false, repeat=null, waitToSettleTimeoutMs=null, label=null, optional=true)), MaestroCommand(tapOnElementCommand=TapOnElementCommand(selector=ElementSelector(textRegex=Vérifier, idRegex=null, size=null, below=null, above=null, leftOf=null, rightOf=null, containsChild=null, containsDescendants=null, traits=null, index=null, enabled=null, optional=true, selected=null, checked=null, focused=null, childOf=null, css=null), retryIfNoChange=false, waitUntilVisible=false, longPress=false, repeat=null, waitToSettleTimeoutMs=null, relativePoint=null, label=null, optional=true)), MaestroCommand(waitForAnimationToEndCommand=WaitForAnimationToEndCommand(timeout=null, label=null, optional=false)), MaestroCommand(takeScreenshotCommand=TakeScreenshotCommand(path=shots/13-verdict, cropOn=null, label=null, optional=false)), MaestroCommand(tapOnElementCommand=TapOnElementCommand(selector=ElementSelector(textRegex=Continuer|Décision suivante|Voir le bilan, idRegex=null, size=null, below=null, above=null, leftOf=null, rightOf=null, containsChild=null, containsDescendants=null, traits=null, index=null, enabled=null, optional=true, selected=null, checked=null, focused=null, childOf=null, css=null), retryIfNoChange=false, waitUntilVisible=false, longPress=false, repeat=null, waitToSettleTimeoutMs=null, relativePoint=null, label=null, optional=true)), MaestroCommand(waitForAnimationToEndCommand=WaitForAnimationToEndCommand(timeout=null, label=null, optional=false))], label=null, optional=false)), logMessages=[], insight=Insight(message=, level=NONE), aiReasoning=null, labeledCommand=null)
08:36:45.064 [ INFO] maestro.cli.runner.MaestroCommandRunner.runCommands$lambda$2: Repeat 14 times COMPLETED
08:36:45.064 [ INFO] maestro.cli.runner.MaestroCommandRunner.runCommands$lambda$0: Take screenshot shots/14-apres-questions RUNNING
08:36:45.064 [ INFO] maestro.cli.runner.MaestroCommandRunner.runCommands$lambda$11: Take screenshot shots/14-apres-questions metadata CommandMetadata(numberOfRuns=null, evaluatedCommand=MaestroCommand(takeScreenshotCommand=TakeScreenshotCommand(path=shots/14-apres-questions, cropOn=null, label=null, optional=false)), logMessages=[], insight=Insight(message=, level=NONE), aiReasoning=null, labeledCommand=null)
08:36:45.065 [ INFO] maestro.Maestro.takeScreenshot: Taking screenshot
08:36:45.065 [TRACE] maestro.utils.ScreenshotUtils.takeScreenshot: Taking screenshot to output sink
08:36:45.797 [ INFO] maestro.cli.runner.MaestroCommandRunner.runCommands$lambda$2: Take screenshot shots/14-apres-questions COMPLETED
